,onset,duration,run_number,trial_number,task,ext_mot_pos,ext_mot_ver_dir,staircase_num,fix_off_prct,trial_type,ext_mot_ori,direction_report,response_duration,trial_onset,trial_offset,button_press_onset,button_left,button_right,fix_break,motion_onset,motion_offset,fixation_onset,fixation_offset,response_onset,response_offset,trial_duration,fix_check_duration,fixation_duration,response_duration,motion_duration,reaction_time,miss_time_trial,blink_trial,no_saccade_trial,main_sac_trial,innacurate_sac_trial,early_sac_trial,late_sac_trial,sac_x_onset_trial,sac_x_offset_trial,sac_y_onset_trial,sac_y_offset_trial,sac_t_onset_trial,sac_t_offset_trial,sac_dur_trial,sac_vpeak_trial,sac_dist_trial,sac_amp_trial,sac_dist_ang_trial,sac_lat_trial,sac_amp_ang_trial,cor_sac_trial,cor_sac_x_onset_trial,cor_sac_x_offset_trial,cor_sac_y_onset_trial,cor_sac_y_offset_trial,cor_sac_t_onset_trial,cor_sac_t_offset_trial,cor_sac_dur_trial,cor_sac_vpeak_trial,cor_sac_dist_trial,cor_sac_amp_trial,cor_sac_dist_ang_trial,cor_sac_amp_ang_trial,gabor_sac_onset_x,gabor_sac_onset_y,sac_onset_gabor_path_prct
0,1847.230815,3.7077528,1,1,2,2,2,2,5,1,-42.98076923,n/a,n/a,1811246.0,1814954.0,0.0,0.0,0.0,1813429.0,1811953.0,1813954.0,1811953.0,1813152.0,1813961.0,1814955.0,3708.0,707.0,1199.0,994.0,2001.0,-1813961.0,0.0,0.0,0.0,1.0,0.0,0.0,0.0,0.1903842676627592,9.107291058558532,0.1488458819908829,0.3530762782109368,1813408.0,1813476.0,68.0,457.82643060242066,8.919245302841679,11.351043714037706,-0.02289972301718037,256.0,-0.03660250396127786,0.0,0.0,0.0,0.0,0.0,0.0,0.0,0.0,0.0,0.0,0.0,0.0,0.0,9.366740030627769,0.6795453128369902,0.7291666666666666
1,1850.947064,3.5076741,1,2,2,1,2,2,5,2,-42.98076923,n/a,n/a,1814962.0,1818469.0,0.0,0.0,0.0,1816910.0,1815477.0,1817470.0,1815478.0,1816670.0,1817477.0,1818470.0,3507.0,516.0,1192.0,993.0,1993.0,-1817477.0,0.0,0.0,0.0,1.0,0.0,0.0,0.0,0.3080763603997368,-10.474596253591079,-0.1107690284583342,0.09692289990103947,1816892.0,1816960.0,68.0,518.1582042006963,10.784672671788103,13.309194501541953,-3.1223333979114734,222.0,3.081737191754713,1.0,-11.101133570808523,0.6438449779140591,0.294230231842446,0.062307578507810525,1817487.0,1817575.0,88.0,414.83261054169134,11.747268160175938,12.155853103587143,0.01974397102730609,-0.07039448242620533,-10.576209521681035,0.618325014383207,0.7083333333333334
2,1854.463109,3.5077894,1,3,2,1,2,1,5,2,-42.98076923,n/a,n/a,1818477.0,1821986.0,0.0,0.0,0.0,1820420.0,1818993.0,1820986.0,1818993.0,1820187.0,1820993.0,1821986.0,3509.0,516.0,1194.0,993.0,1993.0,-1820993.0,0.0,0.0,0.0,1.0,0.0,0.0,0.0,0.14192281771223947,-10.547288428516861,-0.4396145816940092,0.28384563542447894,1820395.0,1820471.0,76.0,484.7806795003114,10.713665654306364,12.886759289084084,-3.0740143674383633,208.0,-3.065232793611078,0.0,0.0,0.0,0.0,0.0,0.0,0.0,0.0,0.0,0.0,0.0,0.0,0.0,-10.553389342604556,0.5938368950016929,0.7
3,1857.979233,3.5078613,1,4,2,2,2,1,3,2,-42.98076923,n/a,n/a,1821993.0,1825502.0,0.0,0.0,0.0,1823543.0,1822509.0,1824503.0,1822509.0,1823302.0,1824509.0,1825502.0,3509.0,516.0,793.0,993.0,1994.0,-1824509.0,0.0,0.0,0.0,1.0,0.0,0.0,0.0,0.21461499263802103,9.598828622342385,-0.03807685353255263,-0.27346103900650787,1823523.0,1823599.0,76.0,514.0388176867465,9.38716523571948,11.928045978747482,0.025077736811858414,221.0,0.03308896386199243,1.0,0.21461499263802103,9.598828622342385,-0.03807685353255263,-0.27346103900650787,1823523.0,1823599.0,76.0,514.0388176867465,9.38716523571948,11.928045978747482,0.025077736811858414,0.03308896386199243,9.9714747761544,0.030610149226889604,0.5083333333333333
4,1861.49546,3.5160938,1,5,2,2,1,1,3,2,-42.98076923,n/a,n/a,1825509.0,1829027.0,0.0,0.0,0.0,1827151.0,1826034.0,1828027.0,1826035.0,1826827.0,1828034.0,1829028.0,3518.0,526.0,792.0,994.0,1993.0,-1828034.0,0.0,0.0,0.0,1.0,0.0,0.0,0.0,-0.1869227355234355,11.329594692003832,-0.09692289990103947,-1.1596132666731696,1827137.0,1827170.0,33.0,537.479890432046,11.565443548527206,11.471770280249785,0.09201475305283822,310.0,0.09852771741906148,1.0,-0.1869227355234355,11.329594692003832,-0.09692289990103947,-1.1596132666731696,1827137.0,1827170.0,33.0,537.479890432046,11.565443548527206,11.471770280249785,0.09201475305283822,0.09852771741906148,10.142626119227973,-0.15305074613445588,0.55
5,1865.019896,3.5078419,1,6,2,2,1,2,1,2,-42.98076923,n/a,n/a,1829033.0,1832543.0,0.0,0.0,0.0,1830293.0,1829550.0,1831543.0,1829550.0,1829943.0,1831550.0,1832543.0,3510.0,517.0,393.0,993.0,1993.0,-1831550.0,0.0,0.0,0.0,1.0,0.0,0.0,0.0,-0.03461532139322895,9.370367501147078,-0.09692289990103947,-0.5399990137343723,1830275.0,1830342.0,67.0,495.724088149661,9.41541386955071,11.850755856050053,0.04707597732587831,332.0,0.05698913101508647,1.0,-0.03461532139322895,9.370367501147078,-0.09692289990103947,-0.5399990137343723,1830275.0,1830342.0,67.0,495.724088149661,9.41541386955071,11.850755856050053,0.04707597732587831,0.05698913101508647,9.629172090007254,0.3979319399495885,0.3625
6,1868.536084,3.5078457,1,7,2,1,2,2,4,1,-42.98076923,n/a,n/a,1832549.0,1836059.0,0.0,0.0,0.0,1834309.0,1833066.0,1835059.0,1833066.0,1834059.0,1835066.0,1836059.0,3510.0,517.0,993.0,993.0,1993.0,-1835066.0,0.0,0.0,0.0,1.0,0.0,0.0,0.0,-0.2007688640807263,-9.678443861546814,-0.07615370706510526,0.3703839389075513,1834289.0,1834340.0,51.0,485.44140240712244,9.488188405953192,11.639066083618083,-3.094512786600521,230.0,-3.0752223215752568,1.0,-33.26532385889301,-0.017307660696614473,18.726888873736858,0.07615370706510526,1834841.0,1834899.0,58.0,15811.29712201918,38.12191631296696,51.32199672775276,0.5112171916907651,0.6385504538482635,-10.313777462301552,0.3367116414958053,0.6125
7,1872.068989,3.5077547,1,8,2,2,1,1,5,1,-42.98076923,n/a,n/a,1836084.0,1839592.0,0.0,0.0,0.0,1838050.0,1836601.0,1838592.0,1836601.0,1837790.0,1838599.0,1839592.0,3508.0,517.0,1189.0,993.0,1991.0,-1838599.0,0.0,0.0,0.0,1.0,0.0,0.0,0.0,0.010384596417967108,10.727288099761653,0.10038443204036315,-0.8134600527408802,1838036.0,1838113.0,77.0,509.05384172197034,10.755795295669458,13.153712817431552,0.08506553996864477,246.0,0.09170820474295828,1.0,-2.956148446981751,-1.664996959014313,0.39807619602213284,-0.19730733194140657,1838645.0,1838669.0,24.0,117.60863569728922,1.4218135286495344,1.5444641119568372,0.43206769736565953,0.40548036773565715,10.599029700757507,-0.642813133764721,0.7166666666666667
8,1875.585099,3.507841,1,9,2,1,2,1,2,2,-42.98076923,n/a,n/a,1839598.0,1843108.0,0.0,0.0,0.0,1841082.0,1840115.0,1842108.0,1840115.0,1840708.0,1842115.0,1843108.0,3510.0,517.0,593.0,993.0,1993.0,-1842115.0,0.0,0.0,0.0,1.0,0.0,0.0,0.0,-0.0034615321393236813,-9.263060004828066,0.2699995068671842,0.3773070031861947,1841063.0,1841128.0,65.0,520.3887817447583,9.260220233568203,11.462590197818836,-3.130004387292305,355.0,-3.1122959023137478,1.0,-0.0034615321393236813,-9.263060004828066,0.2699995068671842,0.3773070031861947,1841063.0,1841128.0,65.0,520.3887817447583,9.260220233568203,11.462590197818836,-3.130004387292305,-3.1122959023137478,-9.937244507539686,-0.06734232829916263,0.475
9,1879.101308,3.5077903,1,10,2,2,2,2,1,2,-42.98076923,n/a,n/a,1843115.0,1846624.0,0.0,0.0,0.0,1844331.0,1843631.0,1845624.0,1843631.0,1844025.0,1845631.0,1846624.0,3509.0,516.0,394.0,993.0,1993.0,-1845631.0,0.0,0.0,0.0,1.0,0.0,0.0,0.0,-0.1765381391054684,11.097672038669197,0.16961507482682103,0.024230724975261835,1844312.0,1844383.0,71.0,571.5227291349664,11.275147526388274,13.258426355333798,0.012894587715291148,287.0,0.04100130969026754,1.0,-0.1765381391054684,11.097672038669197,0.16961507482682103,0.024230724975261835,1844312.0,1844383.0,71.0,571.5227291349664,11.275147526388274,13.258426355333798,0.012894587715291148,0.04100130969026754,10.427878357683932,-0.4591522384033716,0.3416666666666667
10,1882.617422,3.5078608,1,11,2,1,1,2,3,2,-42.98076923,n/a,n/a,1846631.0,1850140.0,0.0,0.0,0.0,1848197.0,1847147.0,1849140.0,1847147.0,1847941.0,1849147.0,1850140.0,3509.0,516.0,794.0,993.0,1993.0,-1849147.0,0.0,0.0,0.0,1.0,0.0,0.0,0.0,0.03807685353255263,-10.457288592894464,0.1488458819908829,-0.4223069209973947,1848181.0,1848250.0,69.0,495.94392942195196,10.51089488951419,12.43254554146895,3.0872267541329528,240.0,3.0763950116065364,1.0,0.03807685353255263,-10.457288592894464,0.1488458819908829,-0.4223069209973947,1848181.0,1848250.0,69.0,495.94392942195196,10.51089488951419,12.43254554146895,3.0872267541329528,3.0763950116065364,-9.948654597077924,-0.055098268608403646,0.5166666666666667
11,1886.133609,3.5078384,1,12,2,1,1,1,3,1,-42.98076923,n/a,n/a,1850147.0,1853656.0,0.0,0.0,0.0,1851730.0,1850663.0,1852657.0,1850663.0,1851456.0,1852663.0,1853656.0,3509.0,516.0,793.0,993.0,1994.0,-1852663.0,0.0,0.0,0.0,1.0,0.0,0.0,0.0,-0.31846095681770786,-12.264208369621013,0.062307578507810525,0.3253840210963513,1851716.0,1851754.0,38.0,491.1897300800608,11.948643875567715,12.03054486590436,-3.119573610693828,260.0,-3.1122401190780757,1.0,-12.291900626735599,-10.42613480364056,0.34961474607161314,0.12461515701562499,1851756.0,1851785.0,29.0,275.56950841689525,1.8792836192828566,2.3101701189635255,0.12001414906784134,-0.14888994760949692,-9.925834418001449,-0.0795863879899177,0.525
12,1889.658109,3.5078464,1,13,2,2,2,1,1,1,-42.98076923,n/a,n/a,1853671.0,1857181.0,0.0,0.0,0.0,1854965.0,1854188.0,1856181.0,1854188.0,1854581.0,1856188.0,1857181.0,3510.0,517.0,393.0,993.0,1993.0,-1856188.0,0.0,0.0,0.0,1.0,0.0,0.0,0.0,-0.16961507482682103,10.315365775182226,0.28730716756379865,-0.031153789253905263,1854942.0,1855017.0,75.0,511.4565854876594,10.48981605206086,12.744153221934711,0.03036372563545948,361.0,0.05027036587119796,1.0,-0.16961507482682103,10.315365775182226,0.28730716756379865,-0.031153789253905263,1854942.0,1855017.0,75.0,511.4565854876594,10.48981605206086,12.744153221934711,0.03036372563545948,0.05027036587119796,10.336597641378031,-0.36119976087731936,0.375
13,1893.174293,3.5078654,1,14,2,1,2,2,5,2,-42.98076923,n/a,n/a,1857188.0,1860697.0,0.0,0.0,0.0,1859171.0,1857704.0,1859697.0,1857704.0,1858898.0,1859704.0,1860697.0,3509.0,516.0,1194.0,993.0,1993.0,-1859704.0,0.0,0.0,0.0,1.0,0.0,0.0,0.0,-0.1107690284583342,-10.422673271501235,0.07269217492578157,0.9242290811992143,1859153.0,1859217.0,64.0,477.145206979067,10.347003634890244,12.495221019183937,-3.0592015465814932,255.0,-3.072002348865481,1.0,3.939223574549452,3.3369169823072733,1.8761504195130083,0.5296144173164012,1859833.0,1859861.0,28.0,165.33119666145478,1.4751042120033444,1.5390783142312654,1.9914033061421932,1.9851385109990918,-10.621849879833986,0.6673012531462311,0.725
14,1896.690581,3.5078496,1,15,2,2,2,2,4,2,-42.98076923,n/a,n/a,1860704.0,1864213.0,0.0,0.0,0.0,1862530.0,1861220.0,1863214.0,1861220.0,1862213.0,1863220.0,1864213.0,3509.0,516.0,993.0,993.0,1994.0,-1863220.0,0.0,0.0,0.0,1.0,0.0,0.0,0.0,-0.28038410328515523,9.439598143933534,0.079615239204425,0.6438449779140591,1862517.0,1862580.0,63.0,489.2302158571365,9.736344801017005,12.047170757031832,-0.0579833641541497,304.0,-0.055195677802868374,0.0,0.0,0.0,0.0,0.0,0.0,0.0,0.0,0.0,0.0,0.0,0.0,0.0,9.583531731854302,0.44690817871261657,0.65
15,1900.206618,3.5078351,1,16,2,1,2,1,4,2,-42.98076923,n/a,n/a,1864220.0,1867729.0,0.0,0.0,0.0,1866029.0,1864736.0,1866730.0,1864736.0,1865729.0,1866736.0,1867730.0,3509.0,516.0,993.0,994.0,1994.0,-1866736.0,0.0,0.0,0.0,1.0,0.0,0.0,0.0,-0.031153789253905263,-9.162675572787704,-0.1869227355234355,0.4846144995052052,1866009.0,1866075.0,66.0,512.8995778224115,9.15618110028314,11.629475599421307,-3.068184238386032,280.0,-3.078746802642428,0.0,0.0,0.0,0.0,0.0,0.0,0.0,0.0,0.0,0.0,0.0,0.0,0.0,-10.382237999530982,0.4101759996403435,0.6375
16,1903.72292,3.5078974,1,17,2,1,2,2,3,1,-42.98076923,n/a,n/a,1867736.0,1871246.0,0.0,0.0,0.0,1869480.0,1868253.0,1870246.0,1868253.0,1869046.0,1870252.0,1871246.0,3510.0,517.0,793.0,994.0,1993.0,-1870252.0,0.0,0.0,0.0,1.0,0.0,0.0,0.0,-0.1349997534335921,-10.076520057568946,-0.3253840210963513,0.062307578507810525,1869461.0,1869525.0,64.0,511.9938367804667,9.9490768784817,12.475565928222546,-3.1026151898498227,415.0,3.094128329264621,0.0,0.0,0.0,0.0,0.0,0.0,0.0,0.0,0.0,0.0,0.0,0.0,0.0,-10.290957283225076,0.3122235221142913,0.6041666666666666
17,1907.239092,3.5076836,1,18,2,2,1,1,2,2,-42.98076923,n/a,n/a,1871252.0,1874761.0,0.0,0.0,0.0,1872645.0,1871769.0,1873761.0,1871769.0,1872362.0,1873768.0,1874761.0,3509.0,517.0,593.0,993.0,1992.0,-1873768.0,0.0,0.0,0.0,1.0,0.0,0.0,0.0,-0.2976917639817697,11.83151685220565,-0.010384596417967108,-0.5330759494557249,1872629.0,1872666.0,37.0,506.54574990332856,12.14046572028996,12.050464446375381,0.04306696119938038,267.0,0.04942764066505583,1.0,-0.2976917639817697,11.83151685220565,-0.010384596417967108,-0.5330759494557249,1872629.0,1872666.0,37.0,506.54574990332856,12.14046572028996,12.050464446375381,0.04306696119938038,0.04942764066505583,9.811733522619065,0.20202698489748397,0.42916666666666664
18,1910.755097,3.5078489,1,19,2,1,2,1,4,1,-42.98076923,n/a,n/a,1874768.0,1878277.0,0.0,0.0,0.0,1876561.0,1875285.0,1877278.0,1875285.0,1876278.0,1877285.0,1878278.0,3509.0,517.0,993.0,993.0,1993.0,-1877285.0,0.0,0.0,0.0,1.0,0.0,0.0,0.0,-0.3115378925390605,-10.433057867919203,-0.05192298208984342,0.5573066744309868,1876547.0,1876618.0,71.0,524.4271965043861,10.139838627236811,11.913779502107266,-3.081473669181332,269.0,-3.0624809337209733,1.0,-33.26532385889301,-0.39807619602213284,18.726888873736858,0.26307644258854074,1877198.0,1877266.0,68.0,16593.665673734307,37.698386416730344,50.18326417723633,0.511834254941778,0.5854581771355765,-10.359417820454507,0.3856878802588334,0.6291666666666667
19,1914.271381,3.5077468,1,20,2,1,2,2,1,1,-42.98076923,n/a,n/a,1878285.0,1881794.0,0.0,0.0,0.0,1879568.0,1878801.0,1880794.0,1878801.0,1879195.0,1880801.0,1881794.0,3509.0,516.0,394.0,993.0,1993.0,-1880801.0,0.0,0.0,0.0,1.0,0.0,0.0,0.0,-0.048461449950519736,-8.958445176567649,-0.08999983562239604,0.010384596417967108,1879553.0,1879618.0,65.0,545.6553992853651,8.910549199840498,11.059838410620259,-3.13032661898913,358.0,3.1055919289713136,1.0,0.21461499263802103,-0.08307677134374868,1.1249979452799406,0.5746143351276013,1880344.0,1880371.0,27.0,115.73147816866347,0.6257335732297732,1.0158284664276789,2.066611054332268,2.5403583081186376,-9.66340235862197,-0.36119976087731936,0.375
20,1917.78745,3.5078463,1,21,2,1,2,2,2,1,-42.98076923,n/a,n/a,1881801.0,1885310.0,0.0,0.0,0.0,1883200.0,1882317.0,1884310.0,1882317.0,1882910.0,1884317.0,1885310.0,3509.0,516.0,593.0,993.0,1993.0,-1884317.0,0.0,0.0,0.0,1.0,0.0,0.0,0.0,-0.2561533783098934,-9.865366597070249,0.079615239204425,-0.14538434985156315,1883187.0,1883251.0,64.0,546.4703343376432,9.611847038872089,11.864654770797822,3.1181819457706665,277.0,3.089929639561736,0.0,0.0,0.0,0.0,0.0,0.0,0.0,0.0,0.0,0.0,0.0,0.0,0.0,-9.823143612157306,-0.189782925206725,0.43333333333333335
21,1921.303712,3.5077519,1,22,2,1,2,2,5,1,-42.98076923,n/a,n/a,1885317.0,1888826.0,0.0,0.0,0.0,1887310.0,1885833.0,1887827.0,1885833.0,1887026.0,1887833.0,1888826.0,3509.0,516.0,1193.0,993.0,1994.0,-1887833.0,0.0,0.0,0.0,1.0,0.0,0.0,0.0,-0.4707683709479144,-11.153056552898367,-0.15230741413020657,0.5746143351276013,1887287.0,1887354.0,67.0,535.7220371130109,10.7069928566233,12.580657953606051,-3.073648146597027,261.0,-3.065854800822892,0.0,0.0,0.0,0.0,0.0,0.0,0.0,0.0,0.0,0.0,0.0,0.0,0.0,-10.621849879833986,0.6673012531462311,0.725
22,1924.819817,3.574484,1,23,2,2,1,2,5,2,-42.98076923,n/a,n/a,1888833.0,1892408.0,0.0,0.0,0.0,1890933.0,1889416.0,1891409.0,1889416.0,1890609.0,1891416.0,1892409.0,3575.0,583.0,1193.0,993.0,1993.0,-1891416.0,0.0,0.0,0.0,1.0,0.0,0.0,0.0,-0.33230708537499865,10.876133981752536,-0.1384612855729158,-1.0142289168216065,1890920.0,1890989.0,69.0,483.77930330880093,11.242602905876112,12.83849418630641,0.07797622629570201,311.0,0.09830040738265773,0.0,0.0,0.0,0.0,0.0,0.0,0.0,0.0,0.0,0.0,0.0,0.0,0.0,10.690310417063417,-0.7407656112907732,0.75
23,1928.402768,3.5077211,1,24,2,1,2,2,1,2,-42.98076923,n/a,n/a,1892416.0,1895925.0,0.0,0.0,0.0,1893775.0,1892932.0,1894925.0,1892932.0,1893325.0,1894932.0,1895925.0,3509.0,516.0,393.0,993.0,1993.0,-1894932.0,0.0,0.0,0.0,1.0,0.0,0.0,0.0,-0.08653830348307236,-10.031520139757747,0.03461532139322895,0.010384596417967108,1893761.0,1893828.0,67.0,549.9159473938242,9.945011355039572,12.26712731608658,3.1391561808614967,436.0,3.0950161938221945,1.0,-0.08653830348307236,-10.031520139757747,0.03461532139322895,0.010384596417967108,1893761.0,1893828.0,67.0,549.9159473938242,9.945011355039572,12.26712731608658,3.1391561808614967,3.0950161938221945,-9.766093164466113,-0.25100322366050815,0.4125
24,1931.918821,3.5078074,1,25,2,1,2,2,1,2,-42.98076923,n/a,n/a,1895932.0,1899441.0,0.0,0.0,0.0,1897265.0,1896448.0,1898441.0,1896448.0,1896841.0,1898448.0,1899441.0,3509.0,516.0,393.0,993.0,1993.0,-1898448.0,0.0,0.0,0.0,1.0,0.0,0.0,0.0,-0.5849989315455684,-10.412288675083264,-0.15230741413020657,-0.062307578507810525,1897251.0,1897318.0,67.0,541.5967457716906,9.827701851086715,12.371514413142453,-3.1324347553341636,410.0,3.0836419175344933,0.0,0.0,0.0,0.0,0.0,0.0,0.0,0.0,0.0,0.0,0.0,0.0,0.0,-9.731862895851396,-0.28773540273278114,0.4
25,1935.435154,3.5076717,1,26,2,1,1,1,5,2,-42.98076923,n/a,n/a,1899448.0,1902957.0,0.0,0.0,0.0,1901414.0,1899965.0,1901958.0,1899965.0,1901157.0,1901964.0,1902957.0,3509.0,517.0,1192.0,993.0,1993.0,-1901964.0,0.0,0.0,0.0,1.0,0.0,0.0,0.0,-0.15923047840885393,-9.17306016920567,0.02769225711458158,0.14538434985156315,1901395.0,1901455.0,60.0,451.137529101488,9.014598001207988,10.973482740119982,-3.1285365598570363,238.0,-3.1049928431130533,1.0,-0.15923047840885393,-9.17306016920567,0.02769225711458158,0.14538434985156315,1901395.0,1901455.0,60.0,451.137529101488,9.014598001207988,10.973482740119982,-3.1285365598570363,-3.1049928431130533,-9.400970299242486,-0.642813133764721,0.7166666666666667
26,1938.951161,3.5078296,1,27,2,1,2,2,1,1,-42.98076923,n/a,n/a,1902964.0,1906474.0,0.0,0.0,0.0,1904341.0,1903481.0,1905474.0,1903481.0,1903874.0,1905480.0,1906474.0,3510.0,517.0,393.0,994.0,1993.0,-1905480.0,0.0,0.0,0.0,1.0,0.0,0.0,0.0,-0.2596149104492171,-10.408827142943945,-0.0692306427864579,-0.11769209273697762,1904317.0,1904390.0,73.0,585.6540028152779,10.149327931067749,12.823363895992882,3.1368177921971947,443.0,-3.1046025104406745,0.0,0.0,0.0,0.0,0.0,0.0,0.0,0.0,0.0,0.0,0.0,0.0,0.0,-9.777503254004351,-0.23875916396975308,0.4166666666666667
27,1942.467304,3.5078379,1,28,2,1,2,1,2,2,-42.98076923,n/a,n/a,1906480.0,1909990.0,0.0,0.0,0.0,1908057.0,1906997.0,1908989.0,1906997.0,1907590.0,1908997.0,1909990.0,3510.0,517.0,593.0,993.0,1992.0,-1908997.0,0.0,0.0,0.0,1.0,0.0,0.0,0.0,-0.2769225711458316,-9.6611362008502,-0.33576861751432235,0.36692240676822757,1908035.0,1908105.0,70.0,490.5143582062987,9.410485647592077,11.267750768476239,-3.066852018342583,445.0,-3.0588596161833617,1.0,-0.2769225711458316,-9.6611362008502,-0.33576861751432235,0.36692240676822757,1908035.0,1908105.0,70.0,490.5143582062987,9.410485647592077,11.267750768476239,-3.066852018342583,-3.0588596161833617,-10.06275549246031,0.06734232829916263,0.5208333333333334
28,1945.983612,3.5076786,1,29,2,2,2,1,1,1,-42.98076923,n/a,n/a,1909997.0,1913505.0,0.0,0.0,0.0,1911339.0,1910513.0,1912506.0,1910513.0,1910906.0,1912513.0,1913505.0,3508.0,516.0,393.0,992.0,1993.0,-1912513.0,0.0,0.0,0.0,1.0,0.0,0.0,0.0,0.08999983562239604,10.775749549712168,-0.03461532139322895,0.03807685353255263,1911322.0,1911387.0,65.0,542.1731954575703,10.68599696352498,13.063083922813027,-0.006802616154808891,416.0,-0.03843240578841751,0.0,0.0,0.0,0.0,0.0,0.0,0.0,0.0,0.0,0.0,0.0,0.0,0.0,10.256727014610359,-0.27549134304202216,0.4041666666666667
29,1949.499773,3.5077003,1,30,2,2,1,2,5,1,-42.98076923,n/a,n/a,1913513.0,1917021.0,0.0,0.0,0.0,1915622.0,1914029.0,1916022.0,1914029.0,1915222.0,1916029.0,1917022.0,3508.0,516.0,1193.0,993.0,1993.0,-1916029.0,0.0,0.0,0.0,1.0,0.0,0.0,0.0,-0.1349997534335921,10.225365939559833,0.21115346049869735,-0.10384596417968683,1915595.0,1915665.0,70.0,526.1731276656976,10.365153251645769,12.265869167312909,0.030394913064293008,373.0,0.04432123852835343,1.0,-0.1349997534335921,10.225365939559833,0.21115346049869735,-0.10384596417968683,1915595.0,1915665.0,70.0,526.1731276656976,10.365153251645769,12.265869167312909,0.030394913064293008,0.04432123852835343,10.781591133369325,-0.8387180888168255,0.7833333333333333
30,1953.015808,3.5661557,1,31,2,1,1,2,3,1,-42.98076923,n/a,n/a,1917029.0,1920597.0,0.0,0.0,0.0,1918845.0,1917605.0,1919596.0,1917605.0,1918395.0,1919603.0,1920597.0,3568.0,576.0,790.0,994.0,1991.0,-1919603.0,0.0,0.0,0.0,1.0,0.0,0.0,0.0,0.03807685353255263,-9.58152096164577,0.031153789253905263,0.33923014965364207,1918829.0,1918892.0,63.0,510.8314672361248,9.624529763558359,12.05524078477137,-3.1095776874749714,434.0,3.095921646100478,1.0,-10.221904407420505,-10.294596582346287,0.006923064278647363,0.01384612855729079,1919134.0,1919155.0,21.0,129.61243729177878,0.07302110047408662,0.40923743207657115,-3.04664094724707,-2.1939956567289656,-9.686222537698445,-0.3367116414958053,0.6125
31,1956.590436,3.507714,1,32,2,2,2,1,2,2,-42.98076923,n/a,n/a,1920603.0,1924112.0,0.0,0.0,0.0,1922253.0,1921120.0,1923113.0,1921120.0,1921713.0,1923119.0,1924112.0,3509.0,517.0,593.0,993.0,1993.0,-1923119.0,0.0,0.0,0.0,1.0,0.0,0.0,0.0,-0.1730766069661447,8.975752837264263,0.079615239204425,-0.04153838567187631,1922238.0,1922321.0,83.0,521.5694174191556,9.14963159916496,11.713785888771412,0.013241753422509732,525.0,0.034285790412319286,1.0,11.679209438075448,-33.26532385889301,-0.15576894626953025,18.726888873736858,1922641.0,1922672.0,31.0,17559.677880948697,48.75003425260084,53.00562288328932,-2.7438520605139765,-2.588662745445324,9.83455370169554,0.17753886551596992,0.5583333333333333
32,1960.10646,3.5078461,1,33,2,2,2,2,2,1,-42.98076923,n/a,n/a,1924119.0,1927628.0,0.0,0.0,0.0,1925645.0,1924636.0,1926629.0,1924636.0,1925229.0,1926635.0,1927628.0,3509.0,517.0,593.0,993.0,1993.0,-1926635.0,0.0,0.0,0.0,1.0,0.0,0.0,0.0,0.08999983562239604,9.16959863706635,0.1869227355234355,-0.2319226533346355,1925624.0,1925708.0,84.0,503.9703646454703,9.08925441688977,11.342321075313427,0.04609770476072586,395.0,0.0534331969466132,1.0,0.08999983562239604,9.16959863706635,0.1869227355234355,-0.2319226533346355,1925624.0,1925708.0,84.0,503.9703646454703,9.08925441688977,11.342321075313427,0.04609770476072586,0.0534331969466132,10.00570504476912,-0.006122029845379495,0.49583333333333335
33,1963.622629,3.6161534,1,34,2,1,1,1,3,1,-42.98076923,n/a,n/a,1927635.0,1931253.0,0.0,0.0,0.0,1929479.0,1928262.0,1930253.0,1928262.0,1929052.0,1930260.0,1931253.0,3618.0,627.0,790.0,993.0,1991.0,-1930260.0,0.0,0.0,0.0,1.0,0.0,0.0,0.0,0.0692306427864579,-9.979597157667904,0.1626920105481776,0.05192298208984342,1929458.0,1929521.0,63.0,502.3281623622509,10.049438289817498,12.13100346167053,3.1305700204495492,406.0,3.0967783480366267,1.0,1.394997452147125,1.630381637621084,2.900763932752586,1.9523041265781116,1930138.0,1930164.0,26.0,243.04787475972142,0.9772316607129348,1.2384740876733673,1.3275358750355843,0.9843441096020056,-9.720452806313158,-0.29997946242353624,0.6
34,1967.247108,3.507838,1,35,2,1,2,1,5,2,-42.98076923,n/a,n/a,1931260.0,1934769.0,0.0,0.0,0.0,1933303.0,1931776.0,1933769.0,1931776.0,1932970.0,1933776.0,1934769.0,3509.0,516.0,1194.0,993.0,1993.0,-1933776.0,0.0,0.0,0.0,1.0,0.0,0.0,0.0,0.2526918461705697,-10.675365117671806,0.1765381391054684,0.65769110647135,1933287.0,1933353.0,66.0,523.3496866098576,10.938644211372305,12.96159789681452,-3.097591930074975,317.0,-3.08280546619698,0.0,0.0,0.0,0.0,0.0,0.0,0.0,0.0,0.0,0.0,0.0,0.0,0.0,-10.701720506601653,0.7530096709815283,0.7541666666666667
35,1970.763416,3.5077166,1,36,2,1,2,1,3,1,-42.98076923,n/a,n/a,1934776.0,1938285.0,0.0,0.0,0.0,1936502.0,1935293.0,1937286.0,1935293.0,1936085.0,1937293.0,1938285.0,3509.0,517.0,792.0,992.0,1993.0,-1937293.0,0.0,0.0,0.0,1.0,0.0,0.0,0.0,0.19384579980208289,-9.948443368413997,-0.024230724975261835,0.06576911064713421,1936478.0,1936550.0,72.0,557.8847896732469,10.142688477032372,12.35560912978518,-3.13271916635645,393.0,-3.104883611948882,0.0,0.0,0.0,0.0,0.0,0.0,0.0,0.0,0.0,0.0,0.0,0.0,0.0,-10.256727014610359,0.27549134304202216,0.5916666666666667
36,1974.279467,3.5078218,1,37,2,2,2,2,1,1,-42.98076923,n/a,n/a,1938292.0,1941801.0,0.0,0.0,0.0,1939709.0,1938809.0,1940802.0,1938809.0,1939202.0,1940808.0,1941802.0,3509.0,517.0,393.0,994.0,1993.0,-1940808.0,0.0,0.0,0.0,1.0,0.0,0.0,0.0,0.2319226533346355,10.142289168216081,-0.044999917811196055,-0.22153805691666445,1939693.0,1939767.0,74.0,561.3691417920816,9.911938769677818,12.717057125812088,0.017811598527492697,491.0,0.03920626808174548,1.0,10.225365939559833,-33.26532385889301,-0.27346103900650787,18.726888873736858,1940315.0,1940354.0,39.0,17034.266521500424,47.46001892068668,51.562199156116925,-2.7297000718483044,-2.5909492199698825,10.15403620876622,-0.16529480582521489,0.44166666666666665
37,1977.795643,3.5078403,1,38,2,2,2,2,1,1,-42.98076923,n/a,n/a,1941808.0,1945318.0,0.0,0.0,0.0,1943301.0,1942325.0,1944318.0,1942325.0,1942718.0,1944325.0,1945318.0,3510.0,517.0,393.0,993.0,1993.0,-1944325.0,0.0,0.0,0.0,1.0,0.0,0.0,0.0,-0.14192281771223947,10.062673929011655,0.006923064278647363,-0.1903842676627592,1943283.0,1943359.0,76.0,526.7377058544307,10.20650405116687,12.729087292817232,0.01933273354338921,565.0,0.03535940581090061,1.0,-33.26532385889301,-1.5784586555312405,18.726888873736858,0.294230231842446,1943874.0,1943925.0,51.0,15727.608145522701,36.65815504119955,47.29043416508724,0.5268645770048381,0.6474391337602612,10.051345402922072,-0.055098268608403646,0.4791666666666667
38,1981.311818,3.5078529,1,39,2,2,1,2,1,2,-42.98076923,n/a,n/a,1945324.0,1948834.0,0.0,0.0,0.0,1946817.0,1945841.0,1947835.0,1945841.0,1946234.0,1947841.0,1948834.0,3510.0,517.0,393.0,993.0,1994.0,-1947841.0,0.0,0.0,0.0,1.0,0.0,0.0,0.0,0.15576894626953025,8.688445669700466,0.07269217492578157,-0.498460628062496,1946792.0,1946860.0,68.0,516.3658377499297,8.551771020726726,10.502747147995155,0.06683741525020037,558.0,0.07323297783321457,0.0,0.0,0.0,0.0,0.0,0.0,0.0,0.0,0.0,0.0,0.0,0.0,0.0,9.937244507539686,0.06734232829916263,0.475
39,1984.828122,3.5077755,1,40,2,2,2,1,5,1,-42.98076923,n/a,n/a,1948841.0,1952350.0,0.0,0.0,0.0,1950900.0,1949357.0,1951350.0,1949357.0,1950550.0,1951357.0,1952351.0,3509.0,516.0,1193.0,994.0,1993.0,-1951357.0,0.0,0.0,0.0,1.0,0.0,0.0,0.0,0.16615354268749735,10.900364706727798,0.07269217492578157,0.578075867266925,1950887.0,1950920.0,33.0,503.6611868283543,10.746101711350576,10.718844290075191,-0.047046844575879106,337.0,-0.05428039177539627,1.0,10.900364706727798,8.556907448406196,0.5815373994062447,0.4776914352265578,1950922.0,1950964.0,42.0,375.13287094806367,2.3457570005984434,3.2546226441021644,3.0973084784731726,3.090518898228388,9.26404922478363,0.7897418500537974,0.7666666666666667
40,1988.344141,3.5078693,1,41,2,2,2,2,2,2,-42.98076923,n/a,n/a,1952357.0,1955866.0,0.0,0.0,0.0,1953967.0,1952873.0,1954866.0,1952873.0,1953467.0,1954873.0,1955866.0,3509.0,516.0,594.0,993.0,1993.0,-1954873.0,0.0,0.0,0.0,1.0,0.0,0.0,0.0,-0.031153789253905263,8.975752837264263,0.34961474607161314,0.294230231842446,1953950.0,1954006.0,56.0,529.1265112135202,9.00707690781162,12.984611247476428,0.006149038563626905,483.0,-0.03359631648658786,1.0,8.95498364442833,10.014212479061133,0.2976917639817697,0.373845471046871,1954008.0,1954028.0,20.0,146.70163969736066,1.0619628577390652,1.2504709992955716,-0.07177193293581771,-0.2006528773198886,9.891604149386737,0.1163185670621868,0.5375
41,1991.860344,3.5078332,1,42,2,1,1,1,1,2,-42.98076923,n/a,n/a,1955873.0,1959382.0,0.0,0.0,0.0,1957373.0,1956390.0,1958382.0,1956390.0,1956782.0,1958389.0,1959382.0,3509.0,517.0,392.0,993.0,1992.0,-1958389.0,0.0,0.0,0.0,1.0,0.0,0.0,0.0,-0.031153789253905263,-10.169981425330661,-0.09346136776171972,-0.08307677134374868,1957359.0,1957426.0,67.0,552.7683763976861,10.138832954236722,13.089813878129513,-3.140568413592889,577.0,3.07066200693423,1.0,-0.1107690284583342,0.48115296736588153,0.5919219958242157,0.3807685353255184,1957978.0,1958000.0,22.0,60.17714306229274,0.6284563891162996,0.6691599147931679,0.34265343284225236,-2.7543620742696904,-10.039935313383834,0.042854208917648594,0.48333333333333334
42,1995.37646,3.5078557,1,43,2,2,2,2,5,1,-42.98076923,n/a,n/a,1959389.0,1962898.0,0.0,0.0,0.0,1961349.0,1959906.0,1961899.0,1959906.0,1961099.0,1961905.0,1962898.0,3509.0,517.0,1193.0,993.0,1993.0,-1961905.0,0.0,0.0,0.0,1.0,0.0,0.0,0.0,0.09692289990103947,10.879595513891855,0.16961507482682103,0.5642297387096302,1961328.0,1961365.0,37.0,449.585527209355,10.78989107607018,10.622833614866204,-0.03658078510985623,229.0,-0.07142354678509422,1.0,10.827672531802012,8.653830348307237,0.5642297387096302,0.5953835279635394,1961367.0,1961394.0,27.0,338.7863751085047,2.1740654077847363,2.847822918489352,-3.1272624244096,-3.0466409472470373,9.41238038878073,0.630569074073962,0.7125
43,1998.89266,3.532798,1,44,2,2,1,2,4,2,-42.98076923,n/a,n/a,1962905.0,1966440.0,0.0,0.0,0.0,1964714.0,1963448.0,1965440.0,1963448.0,1964438.0,1965447.0,1966440.0,3535.0,543.0,990.0,993.0,1992.0,-1965447.0,0.0,0.0,0.0,1.0,0.0,0.0,0.0,0.048461449950519736,9.567674833088484,-0.006923064278647363,-0.6819218314466118,1964682.0,1964777.0,95.0,459.824586906968,9.543115150169319,11.829060712118325,0.07079060218756397,244.0,0.077624750386096,0.0,0.0,0.0,0.0,0.0,0.0,0.0,0.0,0.0,0.0,0.0,0.0,0.0,10.325187551839793,-0.3489557011865604,0.6166666666666667
44,2002.433952,3.5077015,1,45,2,2,1,1,4,1,-42.98076923,n/a,n/a,1966447.0,1969956.0,0.0,0.0,0.0,1968273.0,1966963.0,1968956.0,1966963.0,1967956.0,1968963.0,1969956.0,3509.0,516.0,993.0,993.0,1993.0,-1968963.0,0.0,0.0,0.0,1.0,0.0,0.0,0.0,-0.27346103900650787,10.263442793092382,-0.08653830348307236,-0.39807619602213284,1968251.0,1968313.0,62.0,508.7660714252892,10.541508346787378,12.884966960589292,0.029557749230328716,295.0,0.058329881332088974,1.0,-33.26532385889301,-0.8515369062734328,18.726888873736858,0.5815373994062447,1968878.0,1968944.0,66.0,15647.57725042936,37.14710439235882,46.94273175128807,0.5103387225839341,0.6020328951469575,10.405058178607458,-0.43466411902185753,0.6458333333333334
45,2005.949987,3.5078232,1,46,2,2,1,2,4,2,-42.98076923,n/a,n/a,1969962.0,1973472.0,0.0,0.0,0.0,1971889.0,1970479.0,1972472.0,1970479.0,1971472.0,1972479.0,1973472.0,3510.0,517.0,993.0,993.0,1993.0,-1972479.0,0.0,0.0,0.0,1.0,0.0,0.0,0.0,-0.10038443204036315,10.734211164040293,-0.08653830348307236,-0.6749987671679644,1971866.0,1971933.0,67.0,488.19910646416224,10.850564383843384,12.760148881158301,0.05425978706845974,394.0,0.07467048579506452,1.0,-33.26532385889301,-3.2434556145455535,18.726888873736858,0.7303832813971315,1972574.0,1972620.0,46.0,15813.305989904982,35.00266827566255,47.45158405054431,0.5400124584695167,0.5966216843781972,10.53056916352808,-0.5693487756201789,0.6916666666666667
46,2009.466142,3.5078499,1,47,2,2,1,1,1,2,-42.98076923,n/a,n/a,1973478.0,1976987.0,0.0,0.0,0.0,1974878.0,1973995.0,1975988.0,1973995.0,1974389.0,1975995.0,1976988.0,3509.0,517.0,394.0,993.0,1993.0,-1975995.0,0.0,0.0,0.0,1.0,0.0,0.0,0.0,-0.33923014965364207,10.98690301021087,-0.0,0.4361530495546855,1974860.0,1974942.0,82.0,478.3654289695574,11.334527861257314,13.215759795709054,-0.038489539480061036,471.0,-0.09127643917384162,1.0,2.5684568473775893,-1.799996712447905,-10.474596253591079,1.709996876825509,1975397.0,1975452.0,55.0,15692.917874892491,12.944021641597605,49.16902375192038,-1.9150435081956945,-0.6358977633412326,9.823143612157303,0.189782925206725,0.43333333333333335
47,2012.982312,3.5078546,1,48,2,1,1,1,2,2,-42.98076923,n/a,n/a,1976995.0,1980504.0,0.0,0.0,0.0,1978395.0,1977511.0,1979504.0,1977511.0,1978105.0,1979511.0,1980504.0,3509.0,516.0,594.0,993.0,1993.0,-1979511.0,0.0,0.0,0.0,1.0,0.0,0.0,0.0,-0.16615354268749735,-10.318827307321548,0.08653830348307236,0.079615239204425,1978375.0,1978444.0,69.0,556.8161345480618,10.152676125037553,12.728548372996839,3.1409107580255204,270.0,3.100244431877867,1.0,-0.16615354268749735,-10.318827307321548,0.08653830348307236,0.079615239204425,1978375.0,1978444.0,69.0,556.8161345480618,10.152676125037553,12.728548372996839,3.1409107580255204,3.100244431877867,-10.17685638784269,0.189782925206725,0.43333333333333335
48,2016.498579,3.507757,1,49,2,2,1,2,1,1,-42.98076923,n/a,n/a,1980511.0,1984020.0,0.0,0.0,0.0,1981711.0,1981028.0,1983021.0,1981028.0,1981420.0,1983027.0,1984020.0,3509.0,517.0,392.0,993.0,1993.0,-1983027.0,0.0,0.0,0.0,1.0,0.0,0.0,0.0,-0.03461532139322895,9.588444025924417,0.1211536248763013,0.40153772816145655,1981691.0,1981763.0,72.0,564.7014613738337,9.627143213195312,12.647365070273883,-0.029128449678563047,271.0,-0.06052374115669034,1.0,-33.26532385889301,-1.1907670559270749,18.726888873736858,1.869227355234363,1982267.0,1982333.0,66.0,15956.244780458288,36.23476156923195,47.86873434137487,0.48389951892862704,0.6011998475878613,9.549301463239589,0.4836403577848856,0.3333333333333333
49,2020.014782,3.5077381,1,50,2,1,2,1,1,1,-42.98076923,n/a,n/a,1984027.0,1987536.0,0.0,0.0,0.0,1985244.0,1984544.0,1986537.0,1984544.0,1984937.0,1986543.0,1987537.0,3509.0,517.0,393.0,994.0,1993.0,-1986543.0,0.0,0.0,0.0,1.0,0.0,0.0,0.0,-0.2699995068671842,-10.658057456975191,0.09692289990103947,-0.2769225711458316,1985223.0,1985305.0,82.0,547.1569346560399,10.394782749582813,12.463027626312575,3.105620173987546,286.0,3.058451421701352,1.0,-10.685749714089777,-10.934980028121023,-0.2699995068671842,-0.3634608746289039,1985307.0,1985343.0,36.0,83.67756259706341,0.2661780920662047,0.4276918724238233,2.7828219833192125,2.447890646452209,-9.560711552777823,-0.47139629809412664,0.3375
50,2023.53084,3.5078303,1,51,2,2,1,2,4,1,-42.98076923,n/a,n/a,1987543.0,1991053.0,0.0,0.0,0.0,1989360.0,1988060.0,1990053.0,1988060.0,1989053.0,1990059.0,1991053.0,3510.0,517.0,993.0,994.0,1993.0,-1990059.0,0.0,0.0,0.0,1.0,0.0,0.0,0.0,-0.07269217492578157,10.768826485433522,0.0553845142291671,-0.20769192835937367,1989343.0,1989413.0,70.0,478.142726243816,10.844710050414626,12.698448422441974,0.024260883925868337,290.0,0.0433561692687175,1.0,14.683819335007719,15.078433998890524,-0.15576894626953025,-0.19384579980208289,1989572.0,1989593.0,21.0,76.76532332130158,0.39644744888355476,0.47766635100172444,0.09619342755887213,0.36301152695012334,10.39364808906922,-0.4224200593311025,0.6416666666666667
51,2027.047022,3.5495188,1,52,2,1,2,1,5,2,-42.98076923,n/a,n/a,1991059.0,1994610.0,0.0,0.0,0.0,1993053.0,1991619.0,1993610.0,1991619.0,1992809.0,1993617.0,1994610.0,3551.0,560.0,1190.0,993.0,1991.0,-1993617.0,0.0,0.0,0.0,1.0,0.0,0.0,0.0,0.08999983562239604,-10.225365939559829,0.30461482826041314,1.4330743056796775,1993030.0,1993097.0,67.0,482.7968771475103,10.376906661812958,12.409662722365818,-3.032629971426098,221.0,3.0412856265426997,0.0,0.0,0.0,0.0,0.0,0.0,0.0,0.0,0.0,0.0,0.0,0.0,0.0,-10.564799432142793,0.6060809546924519,0.7041666666666667
52,2030.604855,3.5078097,1,53,2,1,2,2,5,2,-42.98076923,n/a,n/a,1994617.0,1998126.0,0.0,0.0,0.0,1996584.0,1995134.0,1997127.0,1995134.0,1996327.0,1997134.0,1998127.0,3509.0,517.0,1193.0,993.0,1993.0,-1997134.0,0.0,0.0,0.0,1.0,0.0,0.0,0.0,-0.12461515701562499,-10.654595924835867,-0.048461449950519736,0.6507680421927026,1996561.0,1996632.0,71.0,517.5800876984496,10.553170938317404,12.673317769075856,-3.0752863156065553,234.0,-3.0535292639294647,1.0,-0.12461515701562499,-10.654595924835867,-0.048461449950519736,0.6507680421927026,1996561.0,1996632.0,71.0,517.5800876984496,10.553170938317404,12.673317769075856,-3.0752863156065553,-3.0535292639294647,-10.587619611219273,0.630569074073962,0.7125
53,2034.121153,3.507704,1,54,2,2,2,2,1,1,-42.98076923,n/a,n/a,1998134.0,2001643.0,0.0,0.0,0.0,1999393.0,1998650.0,2000643.0,1998650.0,1999043.0,2000650.0,2001643.0,3509.0,516.0,393.0,993.0,1993.0,-2000650.0,0.0,0.0,0.0,1.0,0.0,0.0,0.0,-0.33230708537499865,10.80344180682675,0.10038443204036315,0.031153789253905263,1999377.0,1999443.0,66.0,557.39296716263,11.135964092617805,13.14366863405798,0.0062168922394597375,334.0,-0.023704726540216277,0.0,0.0,0.0,0.0,0.0,0.0,0.0,0.0,0.0,0.0,0.0,0.0,0.0,10.370827909992745,-0.3979319399495885,0.3625
54,2037.637181,3.507867,1,55,2,1,2,1,1,1,-42.98076923,n/a,n/a,2001649.0,2005159.0,0.0,0.0,0.0,2002892.0,2002166.0,2004159.0,2002166.0,2002559.0,2004166.0,2005159.0,3510.0,517.0,393.0,993.0,1993.0,-2004166.0,0.0,0.0,0.0,1.0,0.0,0.0,0.0,-0.33923014965364207,-12.174208533998621,0.10730749631901051,0.4119223245794236,2002881.0,2002914.0,33.0,541.970571266461,11.838897902740316,11.69948089706396,-3.1158598149745167,322.0,-3.1084490815160164,1.0,-12.21228538753117,-9.747674504333272,0.43269151741536177,0.3253840210963513,2002916.0,2002938.0,22.0,319.1004682193733,2.4669458251740712,2.828141665506588,0.04351184498614093,0.19835571317940776,-9.617762000469016,-0.4101759996403435,0.35833333333333334
55,2041.15337,3.5078312,1,56,2,2,2,2,5,1,-42.98076923,n/a,n/a,2005166.0,2008675.0,0.0,0.0,0.0,2007192.0,2005682.0,2007676.0,2005682.0,2006875.0,2007682.0,2008675.0,3509.0,516.0,1193.0,993.0,1994.0,-2007682.0,0.0,0.0,0.0,1.0,0.0,0.0,0.0,-0.21115346049869735,8.338830923628855,0.10730749631901051,0.26653797472786445,2007164.0,2007225.0,61.0,415.96077874196857,8.551466968542844,10.866741814980754,-0.018621329143306456,289.0,-0.05226495818782841,0.0,0.0,0.0,0.0,0.0,0.0,0.0,0.0,0.0,0.0,0.0,0.0,0.0,9.332509762013057,0.7162774919092593,0.7416666666666667
56,2044.669535,3.5078936,1,57,2,1,2,2,4,2,-42.98076923,n/a,n/a,2008682.0,2012191.0,0.0,0.0,0.0,2010491.0,2009198.0,2011192.0,2009198.0,2010191.0,2011198.0,2012192.0,3509.0,516.0,993.0,994.0,1994.0,-2011198.0,0.0,0.0,0.0,1.0,0.0,0.0,0.0,-0.3530762782109368,-9.567674833088478,0.04153838567187631,0.9692289990104104,2010478.0,2010532.0,54.0,499.66176948177326,9.261178996306448,11.9009116095495,-3.041254557580665,287.0,-3.0070998240220375,1.0,-0.3530762782109368,-9.567674833088478,0.04153838567187631,0.9692289990104104,2010478.0,2010532.0,54.0,499.66176948177326,9.261178996306448,11.9009116095495,-3.041254557580665,-3.0070998240220375,-10.39364808906922,0.4224200593311025,0.6416666666666667
57,2048.185747,3.5078082,1,58,2,2,1,2,3,1,-42.98076923,n/a,n/a,2012198.0,2015708.0,0.0,0.0,0.0,2013808.0,2012714.0,2014707.0,2012714.0,2013508.0,2014714.0,2015708.0,3510.0,516.0,794.0,994.0,1993.0,-2014714.0,0.0,0.0,0.0,1.0,0.0,0.0,0.0,-0.28038410328515523,10.010750946921812,-0.010384596417967108,-0.10038443204036315,2013790.0,2013856.0,66.0,496.7298619928361,10.291528583840712,12.57071779348697,0.00874515209889523,282.0,0.029192806203324796,1.0,-0.28038410328515523,10.010750946921812,-0.010384596417967108,-0.10038443204036315,2013790.0,2013856.0,66.0,496.7298619928361,10.291528583840712,12.57071779348697,0.00874515209889523,0.029192806203324796,10.108395850613261,-0.1163185670621868,0.5375
58,2051.701846,3.507859,1,59,2,2,1,2,1,1,-42.98076923,n/a,n/a,2015714.0,2019223.0,0.0,0.0,0.0,2016940.0,2016231.0,2018224.0,2016231.0,2016624.0,2018231.0,2019223.0,3509.0,517.0,393.0,992.0,1993.0,-2018231.0,0.0,0.0,0.0,1.0,0.0,0.0,0.0,-0.2007688640807263,10.370750289411388,0.06576911064713421,0.4569222423906236,2016924.0,2016989.0,65.0,572.3371788878613,10.578753139435827,12.246586642767136,-0.03698378350543915,300.0,0.06250696698569679,1.0,-0.2007688640807263,10.370750289411388,0.06576911064713421,0.4569222423906236,2016924.0,2016989.0,65.0,572.3371788878613,10.578753139435827,12.246586642767136,-0.03698378350543915,0.06250696698569679,9.583531731854302,0.44690817871261657,0.3458333333333333
59,2055.218047,3.5078288,1,60,2,2,1,1,2,1,-42.98076923,n/a,n/a,2019230.0,2022739.0,0.0,0.0,0.0,2020613.0,2019747.0,2021740.0,2019747.0,2020339.0,2021746.0,2022739.0,3509.0,517.0,592.0,993.0,1993.0,-2021746.0,0.0,0.0,0.0,1.0,0.0,0.0,0.0,-0.2596149104492171,9.557290236670509,0.12807668915494866,0.27346103900650787,2020590.0,2020659.0,69.0,537.8847330591857,9.817981629475966,12.287524923583792,-0.01480850841615452,251.0,-0.031275030135842166,0.0,0.0,0.0,0.0,0.0,0.0,0.0,0.0,0.0,0.0,0.0,0.0,0.0,9.788913343542589,0.22651510427899801,0.42083333333333334
60,2058.734203,3.5078284,1,61,2,1,1,2,1,2,-42.98076923,n/a,n/a,2022746.0,2026256.0,0.0,0.0,0.0,2023963.0,2023263.0,2025256.0,2023263.0,2023656.0,2025263.0,2026256.0,3510.0,517.0,393.0,993.0,1993.0,-2025263.0,0.0,0.0,0.0,1.0,0.0,0.0,0.0,-0.14192281771223947,-10.6442113284179,0.079615239204425,0.33923014965364207,2023950.0,2024020.0,70.0,477.4495963013498,10.505496840408247,12.584229061856272,-3.116877845140812,294.0,-3.0868265365620493,0.0,0.0,0.0,0.0,0.0,0.0,0.0,0.0,0.0,0.0,0.0,0.0,0.0,-10.427878357683937,0.4591522384033716,0.3416666666666667
61,2062.250361,3.5078535,1,62,2,2,2,1,4,1,-42.98076923,n/a,n/a,2026262.0,2029772.0,0.0,0.0,0.0,2028156.0,2026779.0,2028772.0,2026779.0,2027772.0,2028779.0,2029772.0,3510.0,517.0,993.0,993.0,1993.0,-2028779.0,0.0,0.0,0.0,1.0,0.0,0.0,0.0,-0.24923031403124998,10.17690448960931,-0.03461532139322895,0.5053836923411433,2028132.0,2028189.0,57.0,507.35199751296955,10.44010947636657,12.416879109032234,-0.05174659170983539,360.0,-0.06723574517722618,0.0,0.0,0.0,0.0,0.0,0.0,0.0,0.0,0.0,0.0,0.0,0.0,0.0,9.515071194624868,0.5203725368571548,0.675
62,2065.76666,3.507725,1,63,2,1,1,2,1,1,-42.98076923,n/a,n/a,2029779.0,2033288.0,0.0,0.0,0.0,2031062.0,2030295.0,2032288.0,2030295.0,2030688.0,2032295.0,2033288.0,3509.0,516.0,393.0,993.0,1993.0,-2032295.0,0.0,0.0,0.0,1.0,0.0,0.0,0.0,-0.1626920105481776,-10.921133899563731,0.05884604636849078,0.5573066744309868,2031045.0,2031117.0,72.0,525.2693641103568,10.769983049060617,12.906460795985428,-3.09529371764947,357.0,-3.0779860168726083,0.0,0.0,0.0,0.0,0.0,0.0,0.0,0.0,0.0,0.0,0.0,0.0,0.0,-10.336597641378027,0.36119976087731936,0.375
63,2069.282719,3.5078411,1,64,2,2,2,1,3,1,-42.98076923,n/a,n/a,2033295.0,2036804.0,0.0,0.0,0.0,2034911.0,2033811.0,2035805.0,2033811.0,2034605.0,2035811.0,2036804.0,3509.0,516.0,794.0,993.0,1994.0,-2035811.0,0.0,0.0,0.0,1.0,0.0,0.0,0.0,0.03807685353255263,8.892676065920519,0.017307660696614473,-0.1730766069661447,2034889.0,2034960.0,71.0,418.8851198953649,8.856645718408018,11.156454181298264,0.02149786037617418,284.0,0.035067890517558396,1.0,0.03807685353255263,8.892676065920519,0.017307660696614473,-0.1730766069661447,2034889.0,2034960.0,71.0,418.8851198953649,8.856645718408018,11.156454181298264,0.02149786037617418,0.035067890517558396,9.891604149386737,0.1163185670621868,0.5375
64,2072.798892,3.5078889,1,65,2,1,2,2,3,1,-42.98076923,n/a,n/a,2036811.0,2040321.0,0.0,0.0,0.0,2038561.0,2037327.0,2039320.0,2037327.0,2038121.0,2039327.0,2040321.0,3510.0,516.0,794.0,994.0,1993.0,-2039327.0,0.0,0.0,0.0,1.0,0.0,0.0,0.0,-0.5019221602018197,-10.969595349514252,-0.01384612855729079,0.6749987671679644,2038551.0,2038618.0,67.0,543.0062289268632,10.490314070065635,12.826110750067336,-3.075880522441413,430.0,-3.0599978815380684,0.0,0.0,0.0,0.0,0.0,0.0,0.0,0.0,0.0,0.0,0.0,0.0,0.0,-10.313777462301552,0.3367116414958053,0.6125
65,2076.315087,3.5078125,1,66,2,1,2,2,1,2,-42.98076923,n/a,n/a,2040327.0,2043836.0,0.0,0.0,0.0,2041653.0,2040844.0,2042837.0,2040844.0,2041236.0,2042844.0,2043836.0,3509.0,517.0,392.0,992.0,1993.0,-2042844.0,0.0,0.0,0.0,1.0,0.0,0.0,0.0,-0.27346103900650787,-9.058829608608017,-0.006923064278647363,0.498460628062496,2041634.0,2041693.0,59.0,498.04545859339913,8.799892816405574,10.969411839806552,-3.0841303716845214,398.0,-3.0857090549779667,0.0,0.0,0.0,0.0,0.0,0.0,0.0,0.0,0.0,0.0,0.0,0.0,0.0,-9.720452806313158,-0.29997946242353624,0.3958333333333333
66,2079.831231,3.5078184,1,67,2,1,1,1,2,2,-42.98076923,n/a,n/a,2043843.0,2047352.0,0.0,0.0,0.0,2045353.0,2044360.0,2046353.0,2044360.0,2044953.0,2046360.0,2047353.0,3509.0,517.0,593.0,993.0,1993.0,-2046360.0,0.0,0.0,0.0,1.0,0.0,0.0,0.0,-0.3426916817929658,-10.924595431703056,-0.2319226533346355,0.6023065922421829,2045342.0,2045414.0,72.0,514.3485520848374,10.614736238199086,12.742584851948122,-3.0629199092245094,389.0,-3.0537364973601586,1.0,-33.26532385889301,-0.10730749631901051,18.726888873736858,0.9623059347317631,2045928.0,2046004.0,76.0,16863.031211059922,37.61694373679919,51.33248072879438,0.4918410423123569,0.6102232464397788,-10.017115134307355,0.01836608953613455,0.49166666666666664
67,2083.347557,3.5077179,1,68,2,2,1,1,4,1,-42.98076923,n/a,n/a,2047360.0,2050869.0,0.0,0.0,0.0,2049203.0,2047876.0,2049869.0,2047876.0,2048869.0,2049876.0,2050869.0,3509.0,516.0,993.0,993.0,1993.0,-2049876.0,0.0,0.0,0.0,1.0,0.0,0.0,0.0,-0.31499942467838415,10.284211985928316,-0.1869227355234355,-0.22153805691666445,2049183.0,2049249.0,66.0,503.89374851058125,10.599267934494835,12.426524812720073,0.003265827709951868,314.0,0.022286640952445504,1.0,19.730733194140498,19.401887640904825,0.65769110647135,0.5988450601028592,2049509.0,2049532.0,23.0,51.63371531493046,0.3340692369196537,0.44893282784992156,2.964519498810913,2.6779450445889794,10.427878357683932,-0.4591522384033716,0.6541666666666667
68,2086.863598,3.5078551,1,69,2,1,1,1,3,2,-42.98076923,n/a,n/a,2050875.0,2054385.0,0.0,0.0,0.0,2052552.0,2051392.0,2053385.0,2051392.0,2052185.0,2053392.0,2054385.0,3510.0,517.0,793.0,993.0,1993.0,-2053392.0,0.0,0.0,0.0,1.0,0.0,0.0,0.0,-0.2699995068671842,-9.238829279852805,-0.0,0.39807619602213284,2052529.0,2052606.0,77.0,550.1362158640758,8.977659614545027,11.370952360026,-3.0972373570246,344.0,-3.0925615770407875,1.0,-0.2699995068671842,-9.238829279852805,-0.0,0.39807619602213284,2052529.0,2052606.0,77.0,550.1362158640758,8.977659614545027,11.370952360026,-3.0972373570246,-3.0925615770407875,-9.811733522619065,-0.20202698489748397,0.5666666666666667
69,2090.37977,3.5078456,1,70,2,2,2,1,4,2,-42.98076923,n/a,n/a,2054392.0,2057901.0,0.0,0.0,0.0,2056268.0,2054908.0,2056902.0,2054908.0,2055901.0,2056908.0,2057901.0,3509.0,516.0,993.0,993.0,1994.0,-2056908.0,0.0,0.0,0.0,1.0,0.0,0.0,0.0,-0.05884604636849078,10.104212314683531,-0.15230741413020657,0.10730749631901051,2056249.0,2056306.0,57.0,528.2268555718506,10.166373746418975,13.164510732782896,-0.025539404891289655,348.0,-0.033137037087092036,0.0,0.0,0.0,0.0,0.0,0.0,0.0,0.0,0.0,0.0,0.0,0.0,0.0,9.526481284163106,0.5081284771663958,0.6708333333333333
70,2093.895943,3.5078567,1,71,2,2,1,2,3,1,-42.98076923,n/a,n/a,2057908.0,2061418.0,0.0,0.0,0.0,2059618.0,2058424.0,2060417.0,2058424.0,2059218.0,2060424.0,2061418.0,3510.0,516.0,794.0,994.0,1993.0,-2060424.0,0.0,0.0,0.0,1.0,0.0,0.0,0.0,-0.21807652477734077,12.091131762654868,-0.0034615321393236813,0.3634608746289039,2059602.0,2059640.0,38.0,493.9800283508865,12.314675826670321,12.26745208897256,-0.029799949616141005,384.0,-0.05279069048616909,1.0,11.506132831109305,15.954201630139224,0.30461482826041314,0.31499942467838415,2059765.0,2059798.0,33.0,294.95163122064554,4.448080921110387,4.441582789011021,-0.0023346261085755915,-0.014028697707210798,10.245316925072121,-0.2632472833512671,0.5875
71,2097.412108,3.508048948,1,72,2,2,1,2,2,1,-42.98076923,n/a,n/a,2061424.0,2064934.0,0.0,0.0,0.0,2063024.0,2061941.0,2063933.0,2061941.0,2062534.0,2063940.0,2064934.0,3510.0,517.0,593.0,994.0,1992.0,-2063940.0,0.0,0.0,0.0,1.0,0.0,0.0,0.0,-0.2423072497526026,11.0215183316041,-0.048461449950519736,0.1488458819908829,2063008.0,2063068.0,60.0,543.9138714091155,11.265553555438965,14.210970604660062,-0.01751511096424578,474.0,0.04629705701630817,0.0,0.0,0.0,0.0,0.0,0.0,0.0,0.0,0.0,0.0,0.0,0.0,0.0,10.096985761075024,-0.10407450737143173,0.5333333333333333
72,2100.928329,3.5077669,1,73,2,1,2,1,4,1,-42.98076923,n/a,n/a,2064940.0,2068449.0,0.0,0.0,0.0,2066850.0,2065457.0,2067450.0,2065457.0,2066450.0,2067456.0,2068449.0,3509.0,517.0,993.0,993.0,1993.0,-2067456.0,0.0,0.0,0.0,1.0,0.0,0.0,0.0,-0.044999917811196055,-10.294596582346287,0.03807685353255263,1.0349981096575447,2066829.0,2066903.0,74.0,537.7414635226528,10.297965030847731,12.311042587575535,-3.0446332057887635,379.0,-3.0481071241371214,0.0,0.0,0.0,0.0,0.0,0.0,0.0,0.0,0.0,0.0,0.0,0.0,0.0,-10.519159073989842,0.5571047159294238,0.6875
73,2104.444463,3.5078292,1,74,2,1,2,1,3,1,-42.98076923,n/a,n/a,2068456.0,2071965.0,0.0,0.0,0.0,2070266.0,2068973.0,2070966.0,2068973.0,2069766.0,2070973.0,2071965.0,3509.0,517.0,793.0,992.0,1993.0,-2070973.0,0.0,0.0,0.0,1.0,0.0,0.0,0.0,-0.4949990959231723,-11.291517838471282,-0.10038443204036315,0.6403834457747355,2070230.0,2070320.0,90.0,526.9736630206313,10.821901589230762,13.024299758729219,-3.0730882808247744,464.0,-3.06310850503458,1.0,-33.26532385889301,0.951921338313796,18.726888873736858,0.3634608746289039,2070837.0,2070921.0,84.0,17224.135653189736,38.83343091672682,51.67240695956922,0.4925528163224993,0.4917227094746533,-10.359417820454507,0.3856878802588334,0.6291666666666667
74,2107.968979,3.5077605,1,75,2,1,1,2,4,1,-42.98076923,n/a,n/a,2071982.0,2075490.0,0.0,0.0,0.0,2073882.0,2072499.0,2074490.0,2072499.0,2073489.0,2074497.0,2075490.0,3508.0,517.0,990.0,993.0,1991.0,-2074497.0,0.0,0.0,0.0,1.0,0.0,0.0,0.0,-0.3911531317434855,-9.134983315673118,0.02769225711458158,0.19730733194140657,2073862.0,2073933.0,71.0,530.2443833792781,8.745475147698231,11.011571178845202,-3.1221968280641494,373.0,-3.097254204666043,1.0,-7.521909338748648,-33.26532385889301,0.9796135954283796,18.726888873736858,2074403.0,2074440.0,37.0,15601.771138359334,31.26802153894677,47.259346132724254,-2.5380224454933042,-2.4841598092727954,-9.492251015548392,-0.5448606562386688,0.6833333333333333
75,2111.485091,3.507909,1,76,2,2,2,1,4,1,-42.98076923,n/a,n/a,2075497.0,2079006.0,0.0,0.0,0.0,2077357.0,2076013.0,2078007.0,2076014.0,2077006.0,2078013.0,2079006.0,3509.0,517.0,992.0,993.0,1994.0,-2078013.0,0.0,0.0,0.0,1.0,0.0,0.0,0.0,-0.3946146638828092,10.169981425330661,-0.05884604636849078,0.4742299030872381,2077332.0,2077412.0,80.0,581.5010544724139,10.57803670328822,12.665609868400471,-0.0504159568888214,326.0,-0.0774216909980541,1.0,-0.3946146638828092,10.169981425330661,-0.05884604636849078,0.4742299030872381,2077332.0,2077412.0,80.0,581.5010544724139,10.57803670328822,12.665609868400471,-0.0504159568888214,-0.0774216909980541,9.560711552777827,0.47139629809412664,0.6583333333333333
76,2115.001333,3.5078215,1,77,2,1,2,1,4,2,-42.98076923,n/a,n/a,2079013.0,2082522.0,0.0,0.0,0.0,2080839.0,2079530.0,2081523.0,2079530.0,2080523.0,2081529.0,2082522.0,3509.0,517.0,993.0,993.0,1993.0,-2081529.0,0.0,0.0,0.0,1.0,0.0,0.0,0.0,-0.3634608746289039,-9.439598143933534,-0.17999967124479208,0.8584599705520762,2080819.0,2080881.0,62.0,522.4330752302243,9.135352547050465,11.21988671555415,-3.027671572551997,296.0,-3.0216000988419602,0.0,0.0,0.0,0.0,0.0,0.0,0.0,0.0,0.0,0.0,0.0,0.0,0.0,-10.405058178607458,0.43466411902185753,0.6458333333333334
77,2118.517483,3.5078239,1,78,2,1,2,1,5,1,-42.98076923,n/a,n/a,2082529.0,2086039.0,0.0,0.0,0.0,2084496.0,2083046.0,2085039.0,2083046.0,2084238.0,2085046.0,2086039.0,3510.0,517.0,1192.0,993.0,1993.0,-2085046.0,0.0,0.0,0.0,1.0,0.0,0.0,0.0,-0.3634608746289039,-10.055750864733008,-0.03807685353255263,1.0142289168216085,2084480.0,2084544.0,64.0,503.3643826062797,9.749247801066137,11.646749142914276,-3.03344483743713,242.0,-3.0230253994742515,1.0,-12.662284565643146,-33.26532385889301,0.7061525564218697,18.726888873736858,2085090.0,2085152.0,62.0,15885.376005168593,27.37210561022651,47.65612801550578,-2.42295299872782,-2.48764635351192,-10.59902970075751,0.642813133764721,0.7166666666666667
78,2122.033642,3.5078451,1,79,2,1,2,1,3,1,-42.98076923,n/a,n/a,2086045.0,2089555.0,0.0,0.0,0.0,2087662.0,2086562.0,2088555.0,2086562.0,2087355.0,2088562.0,2089555.0,3510.0,517.0,793.0,993.0,1993.0,-2088562.0,0.0,0.0,0.0,1.0,0.0,0.0,0.0,-0.4257684531367144,-9.841135872094988,0.2007688640807263,0.7892293277656184,2087648.0,2087716.0,68.0,482.7496511003677,9.43373888504983,11.370226826147224,-3.079173843593836,293.0,-3.0534960859312625,1.0,-33.26532385889301,-0.6646141707499973,18.726888873736858,0.9034598883632762,2088390.0,2088467.0,77.0,16823.618044528692,37.15482327998933,50.47085413358608,0.500320757002465,0.5827525091181568,-10.119805940151503,0.12856262675294577,0.5416666666666666
79,2125.549789,3.5078565,1,80,2,2,2,1,2,1,-42.98076923,n/a,n/a,2089561.0,2093071.0,0.0,0.0,0.0,2091061.0,2090078.0,2092071.0,2090078.0,2090671.0,2092078.0,2093071.0,3510.0,517.0,593.0,993.0,1993.0,-2092078.0,0.0,0.0,0.0,1.0,0.0,0.0,0.0,-0.5053836923411433,11.170364213594981,0.048461449950519736,0.0692306427864579,2091041.0,2091111.0,70.0,513.2184307757576,11.675766378372895,13.36896279495083,-0.001778830024170288,370.0,-0.040402981578895644,1.0,-0.5053836923411433,11.170364213594981,0.048461449950519736,0.0692306427864579,2091041.0,2091111.0,70.0,513.2184307757576,11.675766378372895,13.36896279495083,-0.001778830024170288,-0.040402981578895644,10.039935313383834,-0.042854208917648594,0.48333333333333334
80,2129.06595,3.5079004,1,81,2,2,1,1,3,2,-42.98076923,n/a,n/a,2093077.0,2096587.0,0.0,0.0,0.0,2094694.0,2093594.0,2095587.0,2093594.0,2094387.0,2095594.0,2096588.0,3510.0,517.0,793.0,994.0,1993.0,-2095594.0,0.0,0.0,0.0,1.0,0.0,0.0,0.0,-0.43269151741536177,11.789978466533775,-0.024230724975261835,-1.2046131844843657,2094675.0,2094719.0,44.0,488.3422569685894,12.2795343676887,12.255749954671783,0.09627465133018062,288.0,0.0967458346662163,0.0,0.0,0.0,0.0,0.0,0.0,0.0,0.0,0.0,0.0,0.0,0.0,0.0,10.1198059401515,-0.12856262675294577,0.5416666666666666
81,2132.582162,3.5078007,1,82,2,2,1,2,4,1,-42.98076923,n/a,n/a,2096594.0,2100103.0,0.0,0.0,0.0,2098404.0,2097110.0,2099103.0,2097110.0,2098104.0,2099110.0,2100103.0,3509.0,516.0,994.0,993.0,1993.0,-2099110.0,0.0,0.0,0.0,1.0,0.0,0.0,0.0,0.16961507482682103,9.609213218760353,0.08999983562239604,-0.4846144995052052,2098389.0,2098442.0,53.0,544.5514382221209,9.45707115089484,12.496509292695448,0.06079773282790036,285.0,0.05320908974410508,1.0,1.2842284236887946,0.3011532961210934,0.11769209273697762,0.2769225711458316,2099794.0,2099816.0,22.0,83.12683629504755,0.9958870677424044,0.9707730958934809,-2.981015372902484,-2.9441970937399127,10.382237999530982,-0.4101759996403435,0.6375
82,2136.098311,3.507868,1,83,2,1,1,1,2,2,-42.98076923,n/a,n/a,2100110.0,2103619.0,0.0,0.0,0.0,2101569.0,2100626.0,2102620.0,2100626.0,2101219.0,2102626.0,2103619.0,3509.0,516.0,593.0,993.0,1994.0,-2102626.0,0.0,0.0,0.0,1.0,0.0,0.0,0.0,-0.1869227355234355,-10.059212396872331,0.02769225711458158,0.6023065922421829,2101552.0,2101623.0,71.0,571.834795503264,9.888998169264186,12.1473764504808,-3.0834534803334215,333.0,-3.0651485953319835,1.0,-0.1869227355234355,-10.059212396872331,0.02769225711458158,0.6023065922421829,2101552.0,2101623.0,71.0,571.834795503264,9.888998169264186,12.1473764504808,-3.0834534803334215,-3.0651485953319835,-10.096985761075024,0.10407450737143173,0.4625
83,2139.614499,3.5077914,1,84,2,2,2,2,3,1,-42.98076923,n/a,n/a,2103626.0,2107135.0,0.0,0.0,0.0,2105285.0,2104143.0,2106136.0,2104143.0,2104935.0,2106142.0,2107136.0,3509.0,517.0,792.0,994.0,1993.0,-2106142.0,0.0,0.0,0.0,1.0,0.0,0.0,0.0,-0.21461499263802103,13.001514715296787,0.15576894626953025,-0.0034615321393236813,2105265.0,2105309.0,44.0,514.6302904211461,13.217088892876955,13.12516814823341,0.012047609854186054,330.0,-0.019517436950547102,1.0,-0.21461499263802103,13.001514715296787,0.15576894626953025,-0.0034615321393236813,2105265.0,2105309.0,44.0,514.6302904211461,13.217088892876955,13.12516814823341,0.012047609854186054,-0.019517436950547102,9.823143612157303,0.189782925206725,0.5625
84,2143.130621,3.4995701,1,85,2,1,1,2,5,1,-42.98076923,n/a,n/a,2107142.0,2110644.0,0.0,0.0,0.0,2109119.0,2107652.0,2109643.0,2107652.0,2108842.0,2109650.0,2110644.0,3502.0,510.0,1190.0,994.0,1991.0,-2109650.0,0.0,0.0,0.0,1.0,0.0,0.0,0.0,-0.3634608746289039,-8.96882977298562,-0.3807685353255184,-0.08307677134374868,2109097.0,2109156.0,59.0,436.7760771791012,8.610516492240619,10.068507545330686,-3.107012718564693,255.0,3.1075500827414295,0.0,0.0,0.0,0.0,0.0,0.0,0.0,0.0,0.0,0.0,0.0,0.0,0.0,-9.389560209704248,-0.6550571934554761,0.7208333333333333
85,2146.638501,3.557804,1,86,2,1,2,1,1,1,-42.98076923,n/a,n/a,2110650.0,2114209.0,0.0,0.0,0.0,2112043.0,2111217.0,2113209.0,2111217.0,2111609.0,2113216.0,2114209.0,3559.0,567.0,392.0,993.0,1992.0,-2113216.0,0.0,0.0,0.0,1.0,0.0,0.0,0.0,-0.3773070031861947,-9.754597568611915,-0.20769192835937367,0.1211536248763013,2112020.0,2112090.0,70.0,561.9460391621459,9.383054819529997,11.745248388019181,-3.106538727595934,411.0,-3.081729219960149,0.0,0.0,0.0,0.0,0.0,0.0,0.0,0.0,0.0,0.0,0.0,0.0,0.0,-9.731862895851396,-0.28773540273278114,0.4
86,2150.204638,3.5079328,1,87,2,2,1,2,4,1,-42.98076923,n/a,n/a,2114216.0,2117725.0,0.0,0.0,0.0,2116059.0,2114733.0,2116726.0,2114733.0,2115726.0,2116732.0,2117725.0,3509.0,517.0,993.0,993.0,1993.0,-2116732.0,0.0,0.0,0.0,1.0,0.0,0.0,0.0,-0.3773070031861947,13.233437368631424,-0.3773070031861947,-0.6680757028893171,2116036.0,2116079.0,43.0,531.2449486074074,13.613849888686595,13.480739040293553,0.02135992490143588,310.0,0.027221632698602182,1.0,13.229975836492104,11.540748152502532,-0.6680757028893171,-0.5192298208984342,2116081.0,2116106.0,25.0,237.78847437290872,1.6957727633566986,2.273425632952166,-3.053704890132651,-3.021014789333587,10.416468268145694,-0.44690817871261657,0.65
87,2153.720817,3.507887,1,88,2,2,1,2,1,2,-42.98076923,n/a,n/a,2117732.0,2121242.0,0.0,0.0,0.0,2118999.0,2118249.0,2120242.0,2118249.0,2118642.0,2120249.0,2121242.0,3510.0,517.0,393.0,993.0,1993.0,-2120249.0,0.0,0.0,0.0,1.0,0.0,0.0,0.0,-0.2596149104492171,9.910366514881446,-0.20769192835937367,-0.1869227355234355,2118978.0,2119042.0,64.0,552.7346560285473,10.170002632789322,12.199564892575708,-0.0020422027429590956,336.0,0.03632699884812754,1.0,9.872289661348896,9.979597157667904,-0.15923047840885393,-0.2976917639817697,2119048.0,2119087.0,39.0,46.727122498093664,0.17517541599424888,0.2813227015085878,0.911486258462053,0.6016536326583247,9.629172090007254,0.3979319399495885,0.3625
88,2157.237029,3.5077965,1,89,2,2,1,2,4,1,-42.98076923,n/a,n/a,2121248.0,2124758.0,0.0,0.0,0.0,2123025.0,2121765.0,2123758.0,2121765.0,2122758.0,2123765.0,2124758.0,3510.0,517.0,993.0,993.0,1993.0,-2123765.0,0.0,0.0,0.0,1.0,0.0,0.0,0.0,-0.26653797472786445,11.018056799464771,-0.2699995068671842,-0.26307644258854074,2123005.0,2123077.0,72.0,500.9573753005065,11.284596897831785,13.245145080021707,-0.00061349685554613,247.0,0.035288691741050635,1.0,-0.26653797472786445,11.018056799464771,-0.2699995068671842,-0.26307644258854074,2123005.0,2123077.0,72.0,500.9573753005065,11.284596897831785,13.245145080021707,-0.00061349685554613,0.035288691741050635,10.336597641378031,-0.36119976087731936,0.6208333333333333
89,2160.753138,3.5078572,1,90,2,1,2,2,2,1,-42.98076923,n/a,n/a,2124764.0,2128274.0,0.0,0.0,0.0,2126191.0,2125281.0,2127273.0,2125281.0,2125874.0,2127281.0,2128274.0,3510.0,517.0,593.0,993.0,1992.0,-2127281.0,0.0,0.0,0.0,1.0,0.0,0.0,0.0,-0.1384612855729158,-9.373829033286396,-0.22499958905598813,0.11769209273697762,2126178.0,2126246.0,68.0,515.9699139267242,9.241723595968258,11.677855114612719,-3.1045032232361796,304.0,-3.0953348745234446,1.0,-0.1384612855729158,-9.373829033286396,-0.22499958905598813,0.11769209273697762,2126178.0,2126246.0,68.0,515.9699139267242,9.241723595968258,11.677855114612719,-3.1045032232361796,-3.0953348745234446,-9.868783970310258,-0.14080668644370084,0.45
90,2164.269335,3.5078137,1,91,2,2,2,2,5,1,-42.98076923,n/a,n/a,2128281.0,2131790.0,0.0,0.0,0.0,2130257.0,2128797.0,2130790.0,2128797.0,2129990.0,2130797.0,2131790.0,3509.0,516.0,1193.0,993.0,1993.0,-2130797.0,0.0,0.0,0.0,1.0,0.0,0.0,0.0,-0.2388457176132789,8.909983726617133,-0.010384596417967108,0.46384530666926704,2130243.0,2130310.0,67.0,518.8867594744378,9.161112061349293,11.697932256326144,-0.051788685958833756,253.0,-0.07463853696457935,1.0,13.749205657390538,12.80420738335539,0.1730766069661447,0.328845553235675,2130478.0,2130503.0,25.0,98.18528097773142,0.9577503341431574,1.098882446148471,-2.978226505481517,2.9738546500096343,9.378150120166007,0.6673012531462311,0.725
91,2167.785479,3.5078917,1,92,2,1,2,1,5,1,-42.98076923,n/a,n/a,2131797.0,2135307.0,0.0,0.0,0.0,2133813.0,2132313.0,2134306.0,2132313.0,2133506.0,2134313.0,2135307.0,3510.0,516.0,1193.0,994.0,1993.0,-2134313.0,0.0,0.0,0.0,1.0,0.0,0.0,0.0,-0.18346120338411182,-10.356904160854102,-0.19730733194140657,0.7096140885611933,2133795.0,2133858.0,63.0,525.2072623496422,10.213787156185612,12.35300354496431,-3.0526817137021856,289.0,-3.0365983766767863,0.0,0.0,0.0,0.0,0.0,0.0,0.0,0.0,0.0,0.0,0.0,0.0,0.0,-10.667490237986941,0.7162774919092593,0.7416666666666667
92,2171.318386,3.5078401,1,93,2,1,1,2,1,2,-42.98076923,n/a,n/a,2135332.0,2138839.0,0.0,0.0,0.0,2136631.0,2135847.0,2137839.0,2135848.0,2136238.0,2137846.0,2138839.0,3507.0,516.0,390.0,993.0,1992.0,-2137846.0,0.0,0.0,0.0,1.0,0.0,0.0,0.0,-0.16615354268749735,-9.841135872094988,-0.4776914352265578,0.2699995068671842,2136613.0,2136671.0,58.0,553.8463442112406,9.703830419954597,11.806746233591696,-3.0644650949114127,375.0,-3.0582322943188056,1.0,-0.03461532139322895,0.5953835279635394,1.595766316227855,1.156151734533846,2137319.0,2137351.0,32.0,97.9493990628551,0.7682184133622747,0.876321574838728,0.6092494058461922,-0.5255154548651859,-10.313777462301552,0.3367116414958053,0.38333333333333336
93,2174.834535,3.5078095,1,94,2,1,1,1,4,1,-42.98076923,n/a,n/a,2138846.0,2142355.0,0.0,0.0,0.0,2140629.0,2139362.0,2141356.0,2139362.0,2140355.0,2141362.0,2142355.0,3509.0,516.0,993.0,993.0,1994.0,-2141362.0,0.0,0.0,0.0,1.0,0.0,0.0,0.0,-0.12807668915494866,-8.98267590154291,-0.1765381391054684,-0.0034615321393236813,2140616.0,2140674.0,58.0,485.42323255370457,8.856290573592334,10.30551370841056,-3.122048621656716,261.0,-3.095559292645493,1.0,-0.40153772816145655,0.33576861751432235,1.8173043731445195,1.4884588199088447,2141285.0,2141308.0,23.0,140.04477607239116,0.8073165706565475,0.8691823799331148,0.4195303802079748,0.4226723390639368,-9.651992269083728,-0.3734438205680744,0.625
94,2178.350683,3.5078456,1,95,2,1,2,2,4,2,-42.98076923,n/a,n/a,2142362.0,2145871.0,0.0,0.0,0.0,2144212.0,2142879.0,2144871.0,2142879.0,2143872.0,2144878.0,2145872.0,3509.0,517.0,993.0,994.0,1992.0,-2144878.0,0.0,0.0,0.0,1.0,0.0,0.0,0.0,-0.3773070031861947,-9.394598226122335,-0.1730766069661447,0.6299988493567683,2144184.0,2144245.0,61.0,467.69058367876477,9.052981342507529,11.083288073127951,-3.052767499678404,312.0,-3.0389716819990222,1.0,-0.08653830348307236,0.328845553235675,0.1488458819908829,0.031153789253905263,2144904.0,2144924.0,20.0,79.00672754597353,0.4317350774669,0.5197603181551972,0.27609701939543474,-0.262747390602608,-10.427878357683937,0.4591522384033716,0.6541666666666667
95,2181.866857,3.5078341,1,96,2,1,1,2,1,1,-42.98076923,n/a,n/a,2145878.0,2149388.0,0.0,0.0,0.0,2147178.0,2146395.0,2148387.0,2146395.0,2146788.0,2148394.0,2149388.0,3510.0,517.0,393.0,994.0,1992.0,-2148394.0,0.0,0.0,0.0,1.0,0.0,0.0,0.0,-0.3599993424895802,-10.291135050206963,-0.1869227355234355,0.5919219958242157,2147155.0,2147222.0,67.0,527.6714400008227,9.961629161971812,12.023052749242778,-3.0633283056700136,367.0,-3.047596317503662,1.0,-0.9830751275677012,-0.23538418547395523,-0.39807619602213284,-0.24576878189192627,2148026.0,2148045.0,19.0,94.70663089028362,0.7630460623632519,0.7552964770353608,-0.2009542636880958,2.8198420991931528,-10.32518755183979,0.3489557011865604,0.37916666666666665
96,2185.383041,3.5079047,1,97,2,2,2,1,5,2,-42.98076923,n/a,n/a,2149394.0,2152904.0,0.0,0.0,0.0,2151427.0,2149911.0,2151904.0,2149911.0,2151104.0,2151911.0,2152904.0,3510.0,517.0,1193.0,993.0,1993.0,-2151911.0,0.0,0.0,0.0,1.0,0.0,0.0,0.0,-0.41538385671874734,11.651517180960859,-0.14538434985156315,0.27346103900650787,2151408.0,2151450.0,42.0,433.8514988867227,12.074167967728494,11.985454934975138,-0.034696340041192736,304.0,-0.04478068184173818,1.0,-0.41538385671874734,11.651517180960859,-0.14538434985156315,0.27346103900650787,2151408.0,2151450.0,42.0,433.8514988867227,12.074167967728494,11.985454934975138,-0.034696340041192736,-0.04478068184173818,9.309689582936581,0.7407656112907732,0.75
97,2188.907578,3.5078134,1,98,2,2,1,2,1,1,-42.98076923,n/a,n/a,2152920.0,2156428.0,0.0,0.0,0.0,2154254.0,2153437.0,2155428.0,2153437.0,2153827.0,2155435.0,2156429.0,3508.0,517.0,390.0,994.0,1991.0,-2155435.0,0.0,0.0,0.0,1.0,0.0,0.0,0.0,-0.4430761138333289,10.886518578170502,-0.1626920105481776,0.05192298208984342,2154230.0,2154297.0,67.0,564.2592329297104,11.331627221195834,13.513151581457743,-0.01894060059010931,403.0,0.03792080299704741,1.0,-0.4430761138333289,10.886518578170502,-0.1626920105481776,0.05192298208984342,2154230.0,2154297.0,67.0,564.2592329297104,11.331627221195834,13.513151581457743,-0.01894060059010931,0.03792080299704741,9.720452806313162,0.29997946242353624,0.3958333333333333
98,2192.423724,3.5078227,1,99,2,2,1,1,5,2,-42.98076923,n/a,n/a,2156435.0,2159944.0,0.0,0.0,0.0,2158385.0,2156951.0,2158944.0,2156951.0,2158145.0,2158951.0,2159944.0,3509.0,516.0,1194.0,993.0,1993.0,-2158951.0,0.0,0.0,0.0,1.0,0.0,0.0,0.0,-0.498460628062496,11.339979288421798,-0.29076869970312236,-0.837690777716142,2158358.0,2158431.0,73.0,516.4212686429347,11.851066762769788,13.620516698726686,0.0461660045562321,213.0,0.06306877819865883,1.0,0.9588444025924433,0.2284611211953118,-0.16961507482682103,-0.15576894626953025,2159271.0,2159290.0,19.0,95.8888833584061,0.7305145125324112,0.7088622845529614,-3.1226375780984412,2.925042348613705,10.564799432142793,-0.6060809546924519,0.7041666666666667
99,2195.939886,3.5078362,1,100,2,1,1,1,4,2,-42.98076923,n/a,n/a,2159951.0,2163461.0,0.0,0.0,0.0,2161744.0,2160468.0,2162460.0,2160468.0,2161461.0,2162468.0,2163461.0,3510.0,517.0,993.0,993.0,1992.0,-2162468.0,0.0,0.0,0.0,1.0,0.0,0.0,0.0,-0.24576878189192627,-9.799597486423115,-0.38423006746484206,-0.10730749631901051,2161719.0,2161794.0,75.0,506.4353491158669,9.557841232513445,11.707694381730473,-3.1126152597382317,258.0,-3.0859793453137807,0.0,0.0,0.0,0.0,0.0,0.0,0.0,0.0,0.0,0.0,0.0,0.0,0.0,-9.651992269083728,-0.3734438205680744,0.625
100,2268.15477,3.5245045,2,1,2,1,2,2,2,2,-42.98076923,n/a,n/a,2232166.0,2235692.0,0.0,0.0,0.0,2233624.0,2232690.0,2234691.0,2232690.0,2233290.0,2234699.0,2235693.0,3526.0,524.0,600.0,994.0,2001.0,-2234699.0,0.0,0.0,0.0,1.0,0.0,0.0,0.0,0.10730749631901051,-10.014212479061133,0.2976917639817697,-0.5053836923411433,2233606.0,2233671.0,65.0,480.2611630011482,10.153329345617008,11.988349800045082,3.062415160852218,316.0,3.0644221442172905,0.0,0.0,0.0,0.0,0.0,0.0,0.0,0.0,0.0,0.0,0.0,0.0,0.0,-9.891604149386737,-0.1163185670621868,0.4583333333333333
101,2271.695979,3.5078889,2,2,2,1,2,1,2,2,-42.98076923,n/a,n/a,2235708.0,2239216.0,0.0,0.0,0.0,2237248.0,2236225.0,2238216.0,2236225.0,2236815.0,2238223.0,2239216.0,3508.0,517.0,590.0,993.0,1991.0,-2238223.0,0.0,0.0,0.0,1.0,0.0,0.0,0.0,0.11769209273697762,-9.353059840450463,0.1211536248763013,-0.07269217492578157,2237234.0,2237288.0,54.0,478.9752428631829,9.472735527506009,11.62065004469049,3.121127674826976,419.0,3.081384996109014,0.0,0.0,0.0,0.0,0.0,0.0,0.0,0.0,0.0,0.0,0.0,0.0,0.0,-10.017115134307355,0.01836608953613455,0.5041666666666667
102,2275.212146,3.5078084,2,3,2,1,1,1,3,2,-42.98076923,n/a,n/a,2239223.0,2242732.0,0.0,0.0,0.0,2240882.0,2239739.0,2241732.0,2239739.0,2240532.0,2241739.0,2242732.0,3509.0,516.0,793.0,993.0,1993.0,-2241739.0,0.0,0.0,0.0,1.0,0.0,0.0,0.0,-0.07615370706510526,-10.651134392696548,-0.2284611211953118,-0.7442294099544223,2240865.0,2240926.0,61.0,427.65490530381226,10.587550870204476,12.21061828306665,3.092858767043746,333.0,3.072082767204019,1.0,-0.07615370706510526,-10.651134392696548,-0.2284611211953118,-0.7442294099544223,2240865.0,2240926.0,61.0,427.65490530381226,10.587550870204476,12.21061828306665,3.092858767043746,3.072082767204019,-9.823143612157306,-0.189782925206725,0.5625
103,2278.728289,3.5078197,2,4,2,1,1,1,1,2,-42.98076923,n/a,n/a,2242739.0,2246249.0,0.0,0.0,0.0,2244065.0,2243255.0,2245248.0,2243255.0,2243649.0,2245255.0,2246249.0,3510.0,516.0,394.0,994.0,1993.0,-2245255.0,0.0,0.0,0.0,1.0,0.0,0.0,0.0,-0.15230741413020657,-10.464211657173108,-0.31846095681770786,-0.4569222423906236,2244047.0,2244119.0,72.0,512.5750071058195,10.312833783460718,13.087880444564023,3.128166135848024,398.0,3.072772558363777,1.0,-0.15230741413020657,-10.464211657173108,-0.31846095681770786,-0.4569222423906236,2244047.0,2244119.0,72.0,512.5750071058195,10.312833783460718,13.087880444564023,3.128166135848024,3.072772558363777,-10.279547193686838,0.29997946242353624,0.3958333333333333
104,2282.24446,3.5163214,2,5,2,2,2,1,1,2,-42.98076923,n/a,n/a,2246255.0,2249774.0,0.0,0.0,0.0,2247574.0,2246780.0,2248773.0,2246781.0,2247173.0,2248781.0,2249777.0,3519.0,526.0,392.0,996.0,1993.0,-2248781.0,0.0,0.0,0.0,1.0,0.0,0.0,0.0,-0.08653830348307236,10.512673107123632,-0.3080763603997368,-0.31846095681770786,2247552.0,2247622.0,70.0,506.02080276287546,10.59921649776898,12.992852469738413,0.0009797514827196774,379.0,0.04317315619578399,0.0,0.0,0.0,0.0,0.0,0.0,0.0,0.0,0.0,0.0,0.0,0.0,0.0,10.30236737276331,-0.32446758180505025,0.3875
105,2285.77742,3.5077342,2,6,2,2,1,2,1,1,-42.98076923,n/a,n/a,2249790.0,2253297.0,0.0,0.0,0.0,2251072.0,2250306.0,2252298.0,2250306.0,2250696.0,2252304.0,2253298.0,3507.0,516.0,390.0,994.0,1992.0,-2252304.0,0.0,0.0,0.0,1.0,0.0,0.0,0.0,-0.1730766069661447,10.516134639262951,-0.33923014965364207,-0.19730733194140657,2251058.0,2251123.0,65.0,509.86983206112893,10.69015337367514,12.629844849924565,-0.013276421968532253,362.0,-0.029878684398863542,0.0,0.0,0.0,0.0,0.0,0.0,0.0,0.0,0.0,0.0,0.0,0.0,0.0,9.663402358621966,0.36119976087731936,0.375
106,2289.293622,3.5077273,2,7,2,2,1,2,5,1,-42.98076923,n/a,n/a,2253304.0,2256813.0,0.0,0.0,0.0,2255254.0,2253820.0,2255813.0,2253820.0,2255013.0,2255820.0,2256814.0,3509.0,516.0,1193.0,994.0,1993.0,-2255820.0,0.0,0.0,0.0,1.0,0.0,0.0,0.0,0.024230724975261835,12.423438848029871,-0.3461532139322894,-1.325766809360667,2255237.0,2255278.0,41.0,492.119896534871,12.437845668570242,12.359584582298613,0.0788423700716896,224.0,0.08046650864718821,1.0,12.42690038016919,10.588826814188737,-1.325766809360667,-1.11115181672265,2255280.0,2255313.0,33.0,243.1861486751152,1.8505604634869721,2.423272763609555,-3.025358130196787,3.021312760510737,10.576209521681031,-0.618325014383207,0.7083333333333334
107,2292.809681,3.5078259,2,8,2,1,2,1,5,1,-42.98076923,n/a,n/a,2256820.0,2260330.0,0.0,0.0,0.0,2258770.0,2257337.0,2259329.0,2257337.0,2258530.0,2259336.0,2260330.0,3510.0,517.0,1193.0,994.0,1992.0,-2259336.0,0.0,0.0,0.0,1.0,0.0,0.0,0.0,-0.08999983562239604,-10.457288592894464,-0.1903842676627592,0.16615354268749735,2258753.0,2258817.0,64.0,501.9553155448701,10.373417729315117,12.200986028543628,-3.1072155510260524,223.0,-3.0845361495102614,1.0,1.6165355090637932,1.3638436628932196,-0.543460545873696,-0.6715372350286407,2259577.0,2259603.0,26.0,85.40199918311981,0.2832963244131226,0.680875540637243,2.6724806181045104,-2.9003131104586144,-10.576209521681035,0.618325014383207,0.7083333333333334
108,2296.325993,3.5076892,2,9,2,1,2,1,2,1,-42.98076923,n/a,n/a,2260336.0,2263845.0,0.0,0.0,0.0,2261769.0,2260853.0,2262846.0,2260853.0,2261446.0,2262853.0,2263845.0,3509.0,517.0,593.0,992.0,1993.0,-2262853.0,0.0,0.0,0.0,1.0,0.0,0.0,0.0,-0.2007688640807263,-10.363827225132745,-0.21461499263802103,-0.5469220780130157,2261744.0,2261820.0,76.0,499.63079353930567,10.168489723117183,12.952105980865293,3.108906751075624,298.0,3.0624020403528234,1.0,-11.007672203046804,-33.26532385889301,-0.6957679600039025,18.726888873736858,2262285.0,2262340.0,55.0,14540.772979706853,29.540525650608355,43.97797284464896,-2.424107494807817,-2.4644915436527213,-9.85737388077202,-0.15305074613445588,0.44583333333333336
109,2299.842143,3.5076906,2,10,2,1,1,2,5,2,-42.98076923,n/a,n/a,2263853.0,2267361.0,0.0,0.0,0.0,2265862.0,2264369.0,2266362.0,2264369.0,2265562.0,2266368.0,2267362.0,3508.0,516.0,1193.0,994.0,1993.0,-2266368.0,0.0,0.0,0.0,1.0,0.0,0.0,0.0,-0.11423056059765394,-9.304598390499939,-0.3426916817929658,-1.156151734533846,2265846.0,2265914.0,68.0,524.3342088785863,9.22629818000199,11.683188393708853,3.0533104792995274,284.0,3.0123499687377726,1.0,-9.96228949697129,-8.075754481040311,-1.211536248763013,-0.6507680421927026,2266283.0,2266307.0,24.0,208.47969575284512,1.9681146683650765,1.9921861782567463,-0.2889298456785695,-0.4092266895448912,-9.343919851551295,-0.7040334322185041,0.7375
110,2303.358183,3.7161351,2,11,2,1,2,1,1,1,-42.98076923,n/a,n/a,2267368.0,2271086.0,0.0,0.0,0.0,2268835.0,2268095.0,2270086.0,2268095.0,2268485.0,2270093.0,2271086.0,3718.0,727.0,390.0,993.0,1991.0,-2270093.0,0.0,0.0,0.0,1.0,0.0,0.0,0.0,-0.26653797472786445,-9.993443286225197,-0.2699995068671842,-0.5399990137343723,2268822.0,2268888.0,66.0,490.95386237160056,9.730651914057121,11.95808660290857,3.1138417724241734,337.0,3.0848256432921013,0.0,0.0,0.0,0.0,0.0,0.0,0.0,0.0,0.0,0.0,0.0,0.0,0.0,-9.629172090007254,-0.3979319399495885,0.3625
111,2307.082646,3.5328635,2,12,2,2,1,1,5,2,-42.98076923,n/a,n/a,2271093.0,2274627.0,0.0,0.0,0.0,2273109.0,2271636.0,2273627.0,2271636.0,2272826.0,2273635.0,2274627.0,3534.0,543.0,1190.0,992.0,1991.0,-2273635.0,0.0,0.0,0.0,1.0,0.0,0.0,0.0,-0.27346103900650787,10.73767269617962,-0.21461499263802103,-1.9419195301601446,2273091.0,2273160.0,69.0,527.3161972242409,11.145790555160207,13.199726662652184,0.1556008439916605,265.0,0.16889946818915183,0.0,0.0,0.0,0.0,0.0,0.0,0.0,0.0,0.0,0.0,0.0,0.0,0.0,10.633259969372228,-0.6795453128369902,0.7291666666666666
112,2310.623929,3.507757,2,13,2,1,1,1,5,2,-42.98076923,n/a,n/a,2274634.0,2278143.0,0.0,0.0,0.0,2276650.0,2275151.0,2277144.0,2275151.0,2276344.0,2277151.0,2278143.0,3509.0,517.0,1193.0,992.0,1993.0,-2277151.0,0.0,0.0,0.0,1.0,0.0,0.0,0.0,0.044999917811196055,-9.311521454778585,0.15923047840885393,-0.19384579980208289,2276635.0,2276697.0,62.0,471.1475303494147,9.363180819249656,11.225347917302027,3.103874701122929,291.0,3.0634963224341054,0.0,0.0,0.0,0.0,0.0,0.0,0.0,0.0,0.0,0.0,0.0,0.0,0.0,-9.332509762013057,-0.7162774919092593,0.7416666666666667
113,2314.140143,3.5077143,2,14,2,2,1,1,1,2,-42.98076923,n/a,n/a,2278150.0,2281659.0,0.0,0.0,0.0,2279400.0,2278667.0,2280660.0,2278667.0,2279060.0,2280666.0,2281660.0,3509.0,517.0,393.0,994.0,1993.0,-2280666.0,0.0,0.0,0.0,1.0,0.0,0.0,0.0,-0.14192281771223947,10.471134721451756,-0.32192248895702763,-0.38423006746484206,2279383.0,2279453.0,70.0,538.0508531843071,10.613240436546477,12.392559657724505,0.005870774039008028,323.0,0.03408405616081107,0.0,0.0,0.0,0.0,0.0,0.0,0.0,0.0,0.0,0.0,0.0,0.0,0.0,9.617762000469016,0.4101759996403435,0.35833333333333334
114,2317.65619,3.5078538,2,15,2,2,2,2,5,2,-42.98076923,n/a,n/a,2281666.0,2285176.0,0.0,0.0,0.0,2283683.0,2282183.0,2284176.0,2282183.0,2283376.0,2284182.0,2285176.0,3510.0,517.0,1193.0,994.0,1993.0,-2284182.0,0.0,0.0,0.0,1.0,0.0,0.0,0.0,-0.19730733194140657,9.52267491527728,-0.5226913530377578,-0.10730749631901051,2283659.0,2283735.0,76.0,477.1242796188896,9.728853921951389,11.347061277941052,-0.04270905576500415,283.0,-0.06074424780409284,1.0,-0.19730733194140657,9.52267491527728,-0.5226913530377578,-0.10730749631901051,2283659.0,2283735.0,76.0,477.1242796188896,9.728853921951389,11.347061277941052,-0.04270905576500415,-0.06074424780409284,9.343919851551295,0.7040334322185041,0.7375
115,2321.172515,3.5076638,2,16,2,2,1,1,3,2,-42.98076923,n/a,n/a,2285183.0,2288692.0,0.0,0.0,0.0,2286982.0,2285699.0,2287692.0,2285699.0,2286492.0,2287699.0,2288692.0,3509.0,516.0,793.0,993.0,1993.0,-2287699.0,0.0,0.0,0.0,1.0,0.0,0.0,0.0,-0.22499958905598813,11.1426719564804,-0.543460545873696,-0.4257684531367144,2286965.0,2287039.0,74.0,445.31878135624953,11.368280775732558,13.669096468172665,-0.010352857876300461,473.0,-0.05447306628165093,1.0,-1.5265356734413973,-1.426151241401034,0.9865366597070249,0.15923047840885393,2287765.0,2287805.0,40.0,71.04578630430488,0.8333741967509123,0.9031945979086239,1.4500477050728735,1.1774792626312793,10.370827909992745,-0.3979319399495885,0.6333333333333333
116,2324.688603,3.5077481,2,17,2,2,1,1,4,1,-42.98076923,n/a,n/a,2288699.0,2292208.0,0.0,0.0,0.0,2290598.0,2289215.0,2291208.0,2289215.0,2290208.0,2291215.0,2292208.0,3509.0,516.0,993.0,993.0,1993.0,-2291215.0,0.0,0.0,0.0,0.0,1.0,0.0,0.0,0.0,0.0,0.0,0.0,0.0,0.0,0.0,0.0,0.0,0.0,0.0,0.0,0.0,0.0,0.0,0.0,0.0,0.0,0.0,0.0,0.0,0.0,0.0,0.0,0.0,0.0,0.0,0.0,0.0
117,2328.204684,3.5078221,2,18,2,1,2,2,2,2,-42.98076923,n/a,n/a,2292215.0,2295724.0,0.0,0.0,0.0,2293758.0,2292731.0,2294724.0,2292731.0,2293325.0,2294731.0,2295724.0,3509.0,516.0,594.0,993.0,1993.0,-2294731.0,0.0,0.0,0.0,1.0,0.0,0.0,0.0,-0.3634608746289039,-10.038443204036394,-0.578075867266925,0.04153838567187631,2293736.0,2293807.0,71.0,498.34877009627,9.694802983908033,11.685011244358522,-3.0776370622472364,411.0,-3.0392121433396944,1.0,-5.496913037244755,-5.084990712665331,0.7442294099544223,0.6023065922421829,2294387.0,2294406.0,19.0,46.14294330175446,0.4356857671238499,0.4324145061722328,0.3318004672896789,0.33440810623069706,-10.017115134307355,0.01836608953613455,0.5041666666666667
118,2331.720869,3.5079894,2,19,2,2,1,1,2,1,-42.98076923,n/a,n/a,2295731.0,2299241.0,0.0,0.0,0.0,2297224.0,2296247.0,2298240.0,2296247.0,2296840.0,2298247.0,2299241.0,3510.0,516.0,593.0,994.0,1993.0,-2298247.0,0.0,0.0,0.0,1.0,0.0,0.0,0.0,-0.294230231842446,10.914210835285084,-0.2769225711458316,-0.1349997534335921,2297202.0,2297272.0,70.0,515.445847308566,11.209339554204712,12.826568968974291,-0.012661460481151994,362.0,-0.036440787959197814,0.0,0.0,0.0,0.0,0.0,0.0,0.0,0.0,0.0,0.0,0.0,0.0,0.0,9.948654597077924,0.055098268608403646,0.4791666666666667
119,2335.237031,3.5078741,2,20,2,1,1,2,4,2,-42.98076923,n/a,n/a,2299247.0,2302756.0,0.0,0.0,0.0,2301063.0,2299764.0,2301757.0,2299764.0,2300756.0,2301763.0,2302756.0,3509.0,517.0,992.0,993.0,1993.0,-2301763.0,0.0,0.0,0.0,1.0,0.0,0.0,0.0,-0.2423072497526026,-9.875751193488217,-0.543460545873696,-0.6161527207994736,2301049.0,2301115.0,66.0,485.8262378581865,9.633718200642564,11.324103877020711,3.1340469829327806,293.0,3.065711651567135,1.0,1.5992278483671787,1.11115181672265,-0.4049992603007802,-0.33923014965364207,2301855.0,2301878.0,23.0,60.85091706173899,0.4924873486508934,0.588684402566241,-3.0076477176431244,-3.0296367318473307,-9.606351910930778,-0.4224200593311025,0.6416666666666667
120,2338.753235,3.5078405,2,21,2,2,2,2,1,2,-42.98076923,n/a,n/a,2302763.0,2306273.0,0.0,0.0,0.0,2304107.0,2303280.0,2305273.0,2303280.0,2303673.0,2305280.0,2306273.0,3510.0,517.0,393.0,993.0,1993.0,-2305280.0,0.0,0.0,0.0,1.0,0.0,0.0,0.0,-0.12461515701562499,11.163441149316334,-0.4465376459726526,-0.4742299030872381,2304084.0,2304154.0,70.0,584.0232106559721,11.288090274090868,13.332946503950817,0.002453230282456524,411.0,0.030120757702927242,1.0,15.140741577398343,-33.26532385889301,-1.0142289168216065,18.726888873736858,2304645.0,2304674.0,29.0,17899.01595138945,52.27675298489018,55.67593083249233,-2.7543603616212637,-2.6260941317847317,10.268137104148597,-0.28773540273278114,0.4
121,2342.269534,3.5077328,2,22,2,2,2,2,4,2,-42.98076923,n/a,n/a,2306280.0,2309789.0,0.0,0.0,0.0,2308206.0,2306796.0,2308789.0,2306796.0,2307789.0,2308796.0,2309789.0,3509.0,516.0,993.0,993.0,1993.0,-2308796.0,0.0,0.0,0.0,1.0,0.0,0.0,0.0,0.14192281771223947,10.097289250404884,-0.3807685353255184,0.41538385671874734,2308183.0,2308257.0,74.0,511.45691087100977,9.987150716823155,12.27529042640229,-0.07980234613236596,394.0,-0.09262572500131872,1.0,14.417281360279855,13.859974685848872,-0.6957679600039025,-0.2319226533346355,2308430.0,2308453.0,23.0,84.44569866065287,0.7250815112002429,0.8196305823975005,-2.4474656242607282,-2.427927486866847,9.469430836471917,0.5693487756201789,0.6916666666666667
122,2345.785747,3.5076928,2,23,2,1,2,1,3,1,-42.98076923,n/a,n/a,2309796.0,2313305.0,0.0,0.0,0.0,2311472.0,2310312.0,2312305.0,2310312.0,2311105.0,2312312.0,2313305.0,3509.0,516.0,793.0,993.0,1993.0,-2312312.0,0.0,0.0,0.0,1.0,0.0,0.0,0.0,-0.04153838567187631,-10.53690383209889,-0.5746143351276013,-0.5469220780130157,2311451.0,2311521.0,70.0,519.2686014306521,10.495401979684162,12.702148195060767,-3.1389541372852823,346.0,3.0919744772281756,0.0,0.0,0.0,0.0,0.0,0.0,0.0,0.0,0.0,0.0,0.0,0.0,0.0,-10.19967656691917,0.21427104458823903,0.5708333333333333
123,2349.301894,3.5076964,2,24,2,2,1,1,5,2,-42.98076923,n/a,n/a,2313312.0,2316821.0,0.0,0.0,0.0,2315311.0,2313828.0,2315821.0,2313829.0,2315021.0,2315828.0,2316822.0,3509.0,517.0,1192.0,994.0,1993.0,-2315828.0,0.0,0.0,0.0,1.0,0.0,0.0,0.0,0.11423056059765394,12.482284894398354,-0.5088452244804671,-2.1946113763307142,2315300.0,2315337.0,37.0,494.5268435377887,12.482410645487123,12.313110166854186,0.13546526628553054,279.0,0.13450215123494072,1.0,12.433823444447839,10.242673600256447,-2.2049959727486854,-1.948842594438788,2315339.0,2315384.0,45.0,371.55973042619814,2.2060716654087935,3.0077706710251984,-3.025217248335963,-3.0065314300074,10.656080148448703,-0.7040334322185041,0.7375
124,2352.81792,3.6745004,2,25,2,2,1,1,1,1,-42.98076923,n/a,n/a,2316828.0,2320504.0,0.0,0.0,0.0,2318421.0,2317511.0,2319504.0,2317511.0,2317904.0,2319511.0,2320504.0,3676.0,683.0,393.0,993.0,1993.0,-2319511.0,0.0,0.0,0.0,1.0,0.0,0.0,0.0,0.2769225711458316,10.1457507003554,-0.4707683709479144,-0.5538451422916632,2318397.0,2318466.0,69.0,509.77778005926865,9.869177797254183,12.009181009147802,0.008417900073303609,493.0,-0.036614722023986294,1.0,15.106126256005114,14.095358871322828,-1.007305852542963,-0.9796135954283776,2318623.0,2318643.0,20.0,90.25280803342417,1.0111466595116507,1.002590223675066,-3.1142022451149285,-3.0065314300074015,9.845963791233778,0.16529480582521489,0.44166666666666665
125,2356.500753,3.5078471,2,26,2,1,1,2,1,2,-42.98076923,n/a,n/a,2320510.0,2324020.0,0.0,0.0,0.0,2321804.0,2321027.0,2323020.0,2321027.0,2321420.0,2323027.0,2324020.0,3510.0,517.0,393.0,993.0,1993.0,-2323027.0,0.0,0.0,0.0,1.0,0.0,0.0,0.0,-0.10038443204036315,-11.717286291607998,-0.6715372350286407,-0.3115378925390605,2321781.0,2321856.0,75.0,498.2459053901355,11.622478579950961,13.505665701743384,-3.110613294961999,361.0,-3.0677104163634747,0.0,0.0,0.0,0.0,0.0,0.0,0.0,0.0,0.0,0.0,0.0,0.0,0.0,-10.336597641378027,0.36119976087731936,0.375
126,2360.017063,3.5076847,2,27,2,1,1,2,3,1,-42.98076923,n/a,n/a,2324027.0,2327536.0,0.0,0.0,0.0,2325643.0,2324543.0,2326537.0,2324543.0,2325336.0,2326543.0,2327536.0,3509.0,516.0,793.0,993.0,1994.0,-2326543.0,0.0,0.0,0.0,1.0,0.0,0.0,0.0,-0.20423039622005,-9.837674339955667,-0.8065369884622328,-0.7684601349296841,2325627.0,2325694.0,67.0,463.27736528787995,9.633519194140396,11.448961951614278,-3.1376401050030434,291.0,3.0789663864555714,1.0,-0.6715372350286407,0.373845471046871,-0.588460463684892,-0.6957679600039025,2326773.0,2326815.0,42.0,206.5066573983573,1.0508757780670435,1.9206762672242996,0.10229073759957907,-0.1574451261028626,-9.880194059848495,-0.12856262675294577,0.5416666666666666
127,2363.533107,3.507846,2,28,2,1,1,1,4,1,-42.98076923,n/a,n/a,2327543.0,2331053.0,0.0,0.0,0.0,2329409.0,2328059.0,2330053.0,2328059.0,2329052.0,2330059.0,2331053.0,3510.0,516.0,993.0,994.0,1994.0,-2330059.0,0.0,0.0,0.0,1.0,0.0,0.0,0.0,-0.20423039622005,-8.958445176567649,-0.5296144173164012,-0.4707683709479144,2329394.0,2329458.0,64.0,493.178915704982,8.754412560396588,10.702148851966951,-3.1348707303176973,342.0,3.0755623670830383,1.0,-9.304598390499939,-33.26532385889301,-0.5676912708489539,18.726888873736858,2329694.0,2329733.0,39.0,14593.716092770817,30.763569167564835,43.93532332868424,-2.46365346549667,-2.3739671771011785,-9.537891373701347,-0.4958844174756407,0.6666666666666666
128,2367.049415,3.507724,2,29,2,1,2,2,2,2,-42.98076923,n/a,n/a,2331059.0,2334569.0,0.0,0.0,0.0,2332552.0,2331576.0,2333568.0,2331576.0,2332169.0,2333575.0,2334569.0,3510.0,517.0,593.0,994.0,1992.0,-2333575.0,0.0,0.0,0.0,1.0,0.0,0.0,0.0,0.24576878189192627,-9.190367829902284,-0.4396145816940092,-0.22499958905598813,2332531.0,2332584.0,53.0,474.1337396667838,9.438576892281386,11.535533391966348,-3.1188526269147787,362.0,3.089656228589299,1.0,-4.108838649376278,-33.26532385889301,0.02769225711458158,18.726888873736858,2333061.0,2333095.0,34.0,15397.597241950905,34.63756030496181,46.23843848301252,-2.5713299902030937,0.682574382291705,-9.948654597077924,-0.055098268608403646,0.4791666666666667
129,2370.565471,3.5078056,2,30,2,1,1,2,1,2,-42.98076923,n/a,n/a,2334575.0,2338084.0,0.0,0.0,0.0,2335901.0,2335092.0,2337084.0,2335092.0,2335485.0,2337091.0,2338084.0,3509.0,517.0,393.0,993.0,1992.0,-2337091.0,0.0,0.0,0.0,1.0,0.0,0.0,0.0,0.28730716756379865,-10.273827389510348,-0.28038410328515523,-0.39807619602213284,2335875.0,2335950.0,75.0,543.4715697495914,10.561790310421742,12.644785017298902,3.1304492276110976,390.0,3.089556338780577,0.0,0.0,0.0,0.0,0.0,0.0,0.0,0.0,0.0,0.0,0.0,0.0,0.0,-10.290957283225076,0.3122235221142913,0.39166666666666666
130,2374.081711,3.5077094,2,31,2,2,1,2,1,1,-42.98076923,n/a,n/a,2338092.0,2341600.0,0.0,0.0,0.0,2339424.0,2338608.0,2340601.0,2338608.0,2339000.0,2340608.0,2341600.0,3508.0,516.0,392.0,992.0,1993.0,-2340608.0,0.0,0.0,0.0,1.0,0.0,0.0,0.0,0.05884604636849078,9.934597239856707,-0.18346120338411182,-0.11423056059765394,2339408.0,2339477.0,69.0,523.3382388760482,9.87599384961253,12.297375861139297,-0.007010049910127981,408.0,-0.029841884667109447,1.0,15.27574133083193,14.199204835502515,-0.3807685353255184,-0.18346120338411182,2339596.0,2339619.0,23.0,149.65873256133034,1.0944683682107859,1.2131423241363735,-2.9603247275835467,-2.9492334249687713,9.7318628958514,0.28773540273278114,0.4
131,2377.597799,3.5078362,2,32,2,1,2,2,3,2,-42.98076923,n/a,n/a,2341607.0,2345117.0,0.0,0.0,0.0,2343201.0,2342124.0,2344117.0,2342124.0,2342917.0,2344124.0,2345117.0,3510.0,517.0,793.0,993.0,1993.0,-2344124.0,0.0,0.0,0.0,1.0,0.0,0.0,0.0,-0.02769225711458158,-9.668059265128843,-0.15923047840885393,0.4049992603007802,2343182.0,2343257.0,75.0,497.885043052599,9.65686446250822,11.555942831048412,-3.083131518076115,265.0,-3.0750444152926764,1.0,-1.0246135132395775,-0.8411523098554617,-0.010384596417967108,-0.6438449779140591,2343777.0,2343797.0,20.0,58.40890312261783,0.6594922805251948,0.6802329019469757,1.2888917807376583,1.2120256565243217,-10.085575671536786,0.09183044768067275,0.5291666666666667
132,2381.113965,3.5078652,2,33,2,1,2,1,1,2,-42.98076923,n/a,n/a,2345123.0,2348633.0,0.0,0.0,0.0,2346423.0,2345640.0,2347633.0,2345640.0,2346033.0,2347640.0,2348633.0,3510.0,517.0,393.0,993.0,1993.0,-2347640.0,0.0,0.0,0.0,1.0,0.0,0.0,0.0,-0.0553845142291671,-9.467290401048116,-0.4396145816940092,-0.38423006746484206,2346406.0,2346467.0,61.0,497.56907381866057,9.412068840948496,11.683261723430348,-3.1357082051441654,373.0,3.081114404475735,0.0,0.0,0.0,0.0,0.0,0.0,0.0,0.0,0.0,0.0,0.0,0.0,0.0,-9.686222537698445,-0.3367116414958053,0.38333333333333336
133,2384.630283,3.5076994,2,34,2,1,2,2,4,1,-42.98076923,n/a,n/a,2348640.0,2352149.0,0.0,0.0,0.0,2350533.0,2349156.0,2351150.0,2349156.0,2350149.0,2351156.0,2352149.0,3509.0,516.0,993.0,993.0,1994.0,-2351156.0,0.0,0.0,0.0,1.0,0.0,0.0,0.0,-0.1349997534335921,-9.429213547515564,-0.43269151741536177,0.3634608746289039,2350507.0,2350573.0,66.0,537.0586295279605,9.328251105189086,11.568617006482771,-3.056140177742839,358.0,-3.0640175496413407,1.0,-0.1349997534335921,-9.429213547515564,-0.43269151741536177,0.3634608746289039,2350507.0,2350573.0,66.0,537.0586295279605,9.328251105189086,11.568617006482771,-3.056140177742839,-3.0640175496413407,-10.484928805375125,0.5203725368571548,0.675
134,2388.14633,3.5746261,2,35,2,1,2,2,2,2,-42.98076923,n/a,n/a,2352156.0,2355733.0,0.0,0.0,0.0,2353766.0,2352739.0,2354732.0,2352739.0,2353333.0,2354739.0,2355733.0,3577.0,583.0,594.0,994.0,1993.0,-2354739.0,0.0,0.0,0.0,1.0,0.0,0.0,0.0,-0.1211536248763013,-8.667676476864527,-0.4257684531367144,-0.07269217492578157,2353745.0,2353793.0,48.0,526.1579458722438,8.553812934463334,11.026623561422658,-3.1003038599813473,412.0,-3.0778226783009837,1.0,-1.031536577518221,-1.0453827060755156,0.05192298208984342,-0.1903842676627592,2354451.0,2354471.0,20.0,40.96146364865438,0.24270253101007264,0.2711729901010742,1.6278771092011741,1.325817663668022,-10.017115134307355,0.01836608953613455,0.5041666666666667
135,2391.729361,3.5076621,2,36,2,1,2,2,4,2,-42.98076923,n/a,n/a,2355739.0,2359248.0,0.0,0.0,0.0,2357615.0,2356255.0,2358248.0,2356255.0,2357249.0,2358255.0,2359248.0,3509.0,516.0,994.0,993.0,1993.0,-2358255.0,0.0,0.0,0.0,1.0,0.0,0.0,0.0,-0.15576894626953025,-8.73344558751166,-0.49153756378385255,0.5088452244804671,2357601.0,2357659.0,58.0,449.50926735476014,8.635815090931855,10.17964626597422,-3.02549084011761,352.0,-3.031536258479537,1.0,-0.15576894626953025,-8.73344558751166,-0.49153756378385255,0.5088452244804671,2357601.0,2357659.0,58.0,449.50926735476014,8.635815090931855,10.17964626597422,-3.02549084011761,-3.031536258479537,-10.484928805375125,0.5203725368571548,0.675
136,2395.245564,3.507749944,2,37,2,2,1,1,1,2,-42.98076923,n/a,n/a,2359255.0,2362764.0,0.0,0.0,0.0,2360605.0,2359771.0,2361764.0,2359771.0,2360164.0,2361771.0,2362764.0,3509.0,516.0,393.0,993.0,1993.0,-2361771.0,0.0,0.0,0.0,1.0,0.0,0.0,0.0,-0.14538434985156315,9.325367583335881,-0.29076869970312236,-0.3807685353255184,2360587.0,2360649.0,62.0,497.92414910398645,9.471179554331432,11.592584828528008,0.009502637936469929,423.0,0.03434561626079136,1.0,15.234202945160055,14.233820156895744,-0.702691024282546,-0.5676912708489539,2360819.0,2360838.0,19.0,106.85679880194807,1.009450670653405,0.9991603241152855,-3.0074549000991233,3.006064939604293,9.754683074927875,0.2632472833512671,0.4083333333333333
137,2398.761534,3.5078126,2,38,2,2,1,2,2,1,-42.98076923,n/a,n/a,2362771.0,2366280.0,0.0,0.0,0.0,2364287.0,2363288.0,2365281.0,2363288.0,2363881.0,2365287.0,2366280.0,3509.0,517.0,593.0,993.0,1993.0,-2365287.0,0.0,0.0,0.0,1.0,0.0,0.0,0.0,0.01384612855729079,10.30151964662493,-0.4049992603007802,-0.5607682065703105,2364273.0,2364345.0,72.0,518.6974977147717,10.288852724136552,12.266340011389621,0.015140162038982668,392.0,0.030199737199743983,1.0,1.4711511592122302,0.6438449779140591,-0.2319226533346355,-0.1626920105481776,2365378.0,2365397.0,19.0,91.43258547893656,0.8301978074620459,0.8368607430866227,-3.058105161327379,-2.8564749184171947,9.982884865692638,0.01836608953613455,0.49166666666666664
138,2402.277681,3.507875,2,39,2,2,2,2,3,2,-42.98076923,n/a,n/a,2366287.0,2369796.0,0.0,0.0,0.0,2368047.0,2366804.0,2368796.0,2366804.0,2367597.0,2368803.0,2369797.0,3509.0,517.0,793.0,994.0,1992.0,-2368803.0,0.0,0.0,0.0,1.0,0.0,0.0,0.0,-0.28038410328515523,10.436519400058527,-0.05192298208984342,0.24576878189192627,2368026.0,2368093.0,67.0,510.94971228408406,10.721037313913364,12.446141823104709,-0.02777063659342111,429.0,-0.05036116788388253,0.0,0.0,0.0,0.0,0.0,0.0,0.0,0.0,0.0,0.0,0.0,0.0,0.0,9.686222537698441,0.3367116414958053,0.6125
139,2405.79388,3.5078247,2,40,2,1,1,2,1,1,-42.98076923,n/a,n/a,2369803.0,2373313.0,0.0,0.0,0.0,2371130.0,2370320.0,2372312.0,2370320.0,2370713.0,2372319.0,2373313.0,3510.0,517.0,393.0,994.0,1992.0,-2372319.0,0.0,0.0,0.0,1.0,0.0,0.0,0.0,0.15230741413020657,-10.304981178764258,0.2561533783098934,0.3807685353255184,2371110.0,2371179.0,69.0,560.4585893724058,10.458031060024576,12.83855018436247,-3.1296766337005146,397.0,-3.090072411310272,1.0,0.15230741413020657,-10.304981178764258,0.2561533783098934,0.3807685353255184,2371110.0,2371179.0,69.0,560.4585893724058,10.458031060024576,12.83855018436247,-3.1296766337005146,-3.090072411310272,-10.279547193686838,0.29997946242353624,0.3958333333333333
140,2409.310169,3.5077213,2,41,2,1,2,2,3,1,-42.98076923,n/a,n/a,2373320.0,2376829.0,0.0,0.0,0.0,2374979.0,2373836.0,2375829.0,2373836.0,2374629.0,2375836.0,2376829.0,3509.0,516.0,793.0,993.0,1993.0,-2375836.0,0.0,0.0,0.0,1.0,0.0,0.0,0.0,-0.21807652477734077,-10.63036519986061,-0.07269217492578157,0.1730766069661447,2374957.0,2375026.0,69.0,540.0363028127099,10.415188800373228,12.131277554763125,-3.1179933122135814,328.0,-3.0850653421226917,0.0,0.0,0.0,0.0,0.0,0.0,0.0,0.0,0.0,0.0,0.0,0.0,0.0,-10.17685638784269,0.189782925206725,0.5625
141,2412.826211,3.507853,2,42,2,1,1,1,2,2,-42.98076923,n/a,n/a,2376835.0,2380345.0,0.0,0.0,0.0,2378285.0,2377352.0,2379345.0,2377352.0,2377946.0,2379352.0,2380345.0,3510.0,517.0,594.0,993.0,1993.0,-2379352.0,0.0,0.0,0.0,1.0,0.0,0.0,0.0,-0.10384596417968683,-10.592288346328056,-0.3080763603997368,-0.38769159960416577,2378273.0,2378343.0,70.0,535.1056729937685,10.488744547845549,12.756506790233459,3.1340020403010715,327.0,3.0747898370141753,0.0,0.0,0.0,0.0,0.0,0.0,0.0,0.0,0.0,0.0,0.0,0.0,0.0,-10.096985761075024,0.10407450737143173,0.4625
142,2416.34253,3.5077244,2,43,2,2,1,1,2,2,-42.98076923,n/a,n/a,2380352.0,2383861.0,0.0,0.0,0.0,2381835.0,2380868.0,2382861.0,2380868.0,2381461.0,2382868.0,2383861.0,3509.0,516.0,593.0,993.0,1993.0,-2382868.0,0.0,0.0,0.0,1.0,0.0,0.0,0.0,0.048461449950519736,9.546905640252541,-0.3703839389075513,-0.7857677956262986,2381822.0,2381887.0,65.0,449.8253282793695,9.507522589229266,12.110236357587336,0.04370393182337738,361.0,0.06980046038686127,1.0,0.048461449950519736,9.546905640252541,-0.3703839389075513,-0.7857677956262986,2381822.0,2381887.0,65.0,449.8253282793695,9.507522589229266,12.110236357587336,0.04370393182337738,0.06980046038686127,9.937244507539686,0.06734232829916263,0.475
143,2419.858583,3.5078335,2,44,2,2,2,1,5,2,-42.98076923,n/a,n/a,2383868.0,2387377.0,0.0,0.0,0.0,2385911.0,2384384.0,2386378.0,2384384.0,2385577.0,2386384.0,2387377.0,3509.0,516.0,1193.0,993.0,1994.0,-2386384.0,0.0,0.0,0.0,1.0,0.0,0.0,0.0,-0.062307578507810525,8.428830759251248,-0.14538434985156315,0.45346071025129997,2385894.0,2385948.0,54.0,438.72065507307707,8.512229183766804,11.36980528919632,-0.0704093048066092,317.0,-0.08412727525819065,1.0,14.721896188540269,17.117276428951712,0.28038410328515523,-0.3807685353255184,2386178.0,2386230.0,52.0,267.03077500266403,2.4849485523236585,3.672347913631456,0.26930640739862444,0.22142939280363894,9.298279493398343,0.7530096709815283,0.7541666666666667
144,2423.374752,3.5078253,2,45,2,2,1,2,3,1,-42.98076923,n/a,n/a,2387384.0,2390893.0,0.0,0.0,0.0,2389167.0,2387901.0,2389894.0,2387901.0,2388693.0,2389900.0,2390893.0,3509.0,517.0,792.0,993.0,1993.0,-2389900.0,0.0,0.0,0.0,1.0,0.0,0.0,0.0,-0.1626920105481776,10.370750289411388,0.14538434985156315,-0.1211536248763013,2389150.0,2389218.0,68.0,539.0872496065732,10.536813995632146,12.756291218739534,0.02529857777503106,457.0,0.047505659939846664,1.0,-2.58230297593488,-1.619997041203113,-0.08999983562239604,-0.14192281771223947,2390338.0,2390360.0,22.0,144.57624462913626,0.963705716538551,1.3022217658545276,0.05390456357906357,0.07982998571223732,10.348007730916269,-0.3734438205680744,0.625
145,2426.890911,3.5078277,2,46,2,1,1,1,4,1,-42.98076923,n/a,n/a,2390900.0,2394410.0,0.0,0.0,0.0,2392727.0,2391417.0,2393409.0,2391417.0,2392410.0,2393417.0,2394410.0,3510.0,517.0,993.0,993.0,1992.0,-2393417.0,0.0,0.0,0.0,1.0,0.0,0.0,0.0,0.06576911064713421,-9.695751522243429,-0.22499958905598813,-0.28730716756379865,2392705.0,2392771.0,66.0,507.7651293134481,9.761719484839116,12.023447397366425,3.1352097615502648,295.0,3.0678237562960127,1.0,-9.668059265128843,-9.87921272562754,-0.2423072497526026,-0.4257684531367144,2392773.0,2392816.0,43.0,102.63538459873601,0.2797209270464428,0.4675631782896404,2.4262550728308065,2.340488975361202,-9.59494182139254,-0.43466411902185753,0.6458333333333334
146,2430.407087,3.507863,2,47,2,2,1,2,3,2,-42.98076923,n/a,n/a,2394416.0,2397926.0,0.0,0.0,0.0,2396143.0,2394933.0,2396925.0,2394933.0,2395726.0,2396932.0,2397926.0,3510.0,517.0,793.0,994.0,1992.0,-2396932.0,0.0,0.0,0.0,1.0,0.0,0.0,0.0,-0.006923064278647363,9.356521372589782,-0.21461499263802103,-0.6161527207994736,2396120.0,2396189.0,69.0,500.76964546703294,9.372050163622653,11.940005065020104,0.04285729035304017,394.0,0.05017555727224744,1.0,-0.006923064278647363,9.356521372589782,-0.21461499263802103,-0.6161527207994736,2396120.0,2396189.0,69.0,500.76964546703294,9.372050163622653,11.940005065020104,0.04285729035304017,0.05017555727224744,10.256727014610359,-0.27549134304202216,0.5916666666666667
147,2433.923412,3.507709,2,48,2,2,1,2,4,1,-42.98076923,n/a,n/a,2397933.0,2401442.0,0.0,0.0,0.0,2399732.0,2398449.0,2400442.0,2398449.0,2399442.0,2400449.0,2401442.0,3509.0,516.0,993.0,993.0,1993.0,-2400449.0,0.0,0.0,0.0,1.0,0.0,0.0,0.0,-0.15576894626953025,9.35998290472911,-0.2976917639817697,-1.0488442382148355,2399717.0,2399788.0,71.0,523.8464678360116,9.54535297038986,11.84101503656631,0.07877444741803463,275.0,0.08634580444436703,1.0,-0.15576894626953025,9.35998290472911,-0.2976917639817697,-1.0488442382148355,2399717.0,2399788.0,71.0,523.8464678360116,9.54535297038986,11.84101503656631,0.07877444741803463,0.08634580444436703,10.370827909992745,-0.3979319399495885,0.6333333333333333
148,2437.439455,3.5078492,2,49,2,1,1,2,3,2,-42.98076923,n/a,n/a,2401448.0,2404958.0,0.0,0.0,0.0,2403108.0,2401965.0,2403958.0,2401965.0,2402759.0,2403965.0,2404958.0,3510.0,517.0,794.0,993.0,1993.0,-2403965.0,0.0,0.0,0.0,1.0,0.0,0.0,0.0,-0.05192298208984342,-9.384213629704368,-0.28730716756379865,-0.14538434985156315,2403090.0,2403140.0,50.0,494.55679315151133,9.33336974611747,11.627817679282948,-3.1263861106796793,331.0,-3.0861932269130574,1.0,-10.42613480364056,-33.26532385889301,-0.1730766069661447,18.726888873736858,2403465.0,2403509.0,44.0,14558.647603115369,29.64518935465464,43.89200394601157,-2.4502929477421893,-2.469081018803698,-9.823143612157306,-0.189782925206725,0.5625
149,2440.955769,3.5076924,2,50,2,1,1,2,4,2,-42.98076923,n/a,n/a,2404965.0,2408474.0,0.0,0.0,0.0,2406858.0,2405481.0,2407474.0,2405481.0,2406475.0,2407481.0,2408474.0,3509.0,516.0,994.0,993.0,1993.0,-2407481.0,0.0,0.0,0.0,1.0,0.0,0.0,0.0,-0.2007688640807263,-9.73382837577598,-0.5711528029882775,-0.4569222423906236,2406840.0,2406903.0,63.0,482.3288940464359,9.533743875020864,11.456558617094124,-3.129610656228132,365.0,3.094440696272126,1.0,-10.256519728813734,-10.263442793092382,-0.543460545873696,-0.713075620700517,2407077.0,2407097.0,20.0,51.23899098027052,0.16975630305680664,0.2160894535067609,1.6115900096627715,0.9561333748727302,-9.50366110508663,-0.5326165965479098,0.6791666666666667
150,2444.47192,3.507777,2,51,2,2,1,1,3,2,-42.98076923,n/a,n/a,2408481.0,2411990.0,0.0,0.0,0.0,2410214.0,2408997.0,2410990.0,2408997.0,2409790.0,2410997.0,2411990.0,3509.0,516.0,793.0,993.0,1993.0,-2410997.0,0.0,0.0,0.0,1.0,0.0,0.0,0.0,-0.31846095681770786,10.893441642449151,-0.6438449779140591,-0.713075620700517,2410198.0,2410266.0,68.0,506.54936380806345,11.212116338022343,13.034470399373115,0.0061746668177272415,408.0,0.028419551413369482,1.0,-0.31846095681770786,10.893441642449151,-0.6438449779140591,-0.713075620700517,2410198.0,2410266.0,68.0,506.54936380806345,11.212116338022343,13.034470399373115,0.0061746668177272415,0.028419551413369482,10.279547193686835,-0.29997946242353624,0.6
151,2447.988036,3.5077812,2,52,2,2,2,1,2,2,-42.98076923,n/a,n/a,2411997.0,2415506.0,0.0,0.0,0.0,2413630.0,2412514.0,2414507.0,2412514.0,2413107.0,2414513.0,2415507.0,3509.0,517.0,593.0,994.0,1993.0,-2414513.0,0.0,0.0,0.0,1.0,0.0,0.0,0.0,-0.27346103900650787,10.253058196674415,-0.578075867266925,0.062307578507810525,2413614.0,2413680.0,66.0,542.2579067588001,10.545980190422453,12.528941340890519,-0.06076036881460452,507.0,-0.04975144208251327,1.0,13.78035944664444,12.686515290618408,-1.121536413140617,-0.782306263486975,2413865.0,2413889.0,24.0,131.6646784955933,1.1452388973949206,1.1693627351034546,-2.8408715034393603,-2.797373970607326,9.857373880772023,0.15305074613445588,0.55
152,2451.504255,3.5077627,2,53,2,1,1,1,4,2,-42.98076923,n/a,n/a,2415513.0,2419023.0,0.0,0.0,0.0,2417323.0,2416030.0,2418022.0,2416030.0,2417023.0,2418030.0,2419023.0,3510.0,517.0,993.0,993.0,1992.0,-2418030.0,0.0,0.0,0.0,1.0,0.0,0.0,0.0,-0.3703839389075513,-9.92767417557806,-0.6057681243815065,-0.1765381391054684,2417305.0,2417369.0,64.0,456.44304384974623,9.566924011834603,11.208273227530588,-3.0967115487281762,282.0,3.086282591628982,1.0,-0.3703839389075513,-9.92767417557806,-0.6057681243815065,-0.1765381391054684,2417305.0,2417369.0,64.0,456.44304384974623,9.566924011834603,11.208273227530588,-3.0967115487281762,3.086282591628982,-9.617762000469016,-0.4101759996403435,0.6375
153,2455.020339,3.5078358,2,54,2,1,1,1,3,1,-42.98076923,n/a,n/a,2419029.0,2422539.0,0.0,0.0,0.0,2420706.0,2419546.0,2421539.0,2419546.0,2420339.0,2421546.0,2422539.0,3510.0,517.0,793.0,993.0,1993.0,-2421546.0,0.0,0.0,0.0,1.0,0.0,0.0,0.0,-0.2319226533346355,-10.031520139757747,-0.39807619602213284,-0.1211536248763013,2420685.0,2420749.0,64.0,512.72758093294,9.803509422972986,12.173736587216267,-3.1133416060368213,346.0,-3.0838386672395153,0.0,0.0,0.0,0.0,0.0,0.0,0.0,0.0,0.0,0.0,0.0,0.0,0.0,-9.800323433080827,-0.21427104458823903,0.5708333333333333
154,2458.536516,3.5078452,2,55,2,1,1,1,2,1,-42.98076923,n/a,n/a,2422545.0,2426055.0,0.0,0.0,0.0,2424079.0,2423062.0,2425055.0,2423062.0,2423655.0,2425062.0,2426056.0,3510.0,517.0,593.0,994.0,1993.0,-2425062.0,0.0,0.0,0.0,1.0,0.0,0.0,0.0,-0.3946146638828092,-10.145750700355403,-0.28384563542447894,0.010384596417967108,2424063.0,2424129.0,66.0,478.9040105037383,9.755574069788233,11.669650918203505,-3.111427862137513,408.0,-3.0807466057349258,1.0,0.062307578507810525,0.11769209273697762,-0.3115378925390605,-0.4880760316445289,2424664.0,2424683.0,19.0,28.386674154305805,0.18502204997032795,0.22296674082527462,1.2667953874547493,-1.0863183977578768,-9.99429495523088,-0.006122029845379495,0.5
155,2462.052812,3.5077234,2,56,2,2,1,2,1,1,-42.98076923,n/a,n/a,2426062.0,2429571.0,0.0,0.0,0.0,2427411.0,2426578.0,2428571.0,2426578.0,2426971.0,2428578.0,2429571.0,3509.0,516.0,393.0,993.0,1993.0,-2428578.0,0.0,0.0,0.0,1.0,0.0,0.0,0.0,-0.2007688640807263,8.612291962635359,-0.45346071025129997,0.017307660696614473,2427393.0,2427449.0,56.0,522.4776699127276,8.825625416619639,12.112259073841646,-0.05336640509120138,422.0,-0.06806997813254453,1.0,-33.26532385889301,-1.0592288346328065,18.726888873736858,1.1976901202057222,2428082.0,2428126.0,44.0,14806.11130408853,36.667497401001825,46.214244722545615,0.4984426172914268,0.6379433633719539,9.754683074927875,0.2632472833512671,0.4083333333333333
156,2465.568997,3.5077257,2,57,2,2,1,2,2,1,-42.98076923,n/a,n/a,2429578.0,2433087.0,0.0,0.0,0.0,2431054.0,2430094.0,2432087.0,2430094.0,2430687.0,2432094.0,2433087.0,3509.0,516.0,593.0,993.0,1993.0,-2432094.0,0.0,0.0,0.0,1.0,0.0,0.0,0.0,-0.29076869970312236,10.135366103937432,-0.33230708537499865,0.08999983562239604,2431030.0,2431099.0,69.0,535.4510859287795,10.434683995177199,11.861719111241618,-0.040482518853880906,343.0,-0.05781331592600188,1.0,-0.29076869970312236,10.135366103937432,-0.33230708537499865,0.08999983562239604,2431030.0,2431099.0,69.0,535.4510859287795,10.434683995177199,11.861719111241618,-0.040482518853880906,-0.05781331592600188,9.914424328463213,0.09183044768067275,0.4666666666666667
157,2469.085083,3.5077882,2,58,2,2,2,1,1,1,-42.98076923,n/a,n/a,2433094.0,2436603.0,0.0,0.0,0.0,2434420.0,2433610.0,2435604.0,2433610.0,2434003.0,2435610.0,2436604.0,3509.0,516.0,393.0,994.0,1994.0,-2435610.0,0.0,0.0,0.0,1.0,0.0,0.0,0.0,-0.543460545873696,11.180748810012949,-0.2284611211953118,-0.15230741413020657,2434405.0,2434482.0,77.0,567.1319555317685,11.724456678574052,13.787579731920166,-0.0064953323326310715,402.0,0.023350852901370706,1.0,-0.543460545873696,11.180748810012949,-0.2284611211953118,-0.15230741413020657,2434405.0,2434482.0,77.0,567.1319555317685,11.724456678574052,13.787579731920166,-0.0064953323326310715,0.023350852901370706,10.279547193686835,-0.29997946242353624,0.3958333333333333
158,2472.601319,3.5079127,2,59,2,2,2,2,3,1,-42.98076923,n/a,n/a,2436610.0,2440119.0,0.0,0.0,0.0,2438303.0,2437127.0,2439120.0,2437127.0,2437919.0,2439127.0,2440120.0,3509.0,517.0,792.0,993.0,1993.0,-2439127.0,0.0,0.0,0.0,1.0,0.0,0.0,0.0,-0.5538451422916632,13.11920680803377,-0.4569222423906236,-0.32192248895702763,2438281.0,2438324.0,43.0,532.1373126077597,13.673718388562975,13.67503802446037,-0.009873096905623593,362.0,-0.04253829627600256,1.0,13.122668340173089,12.132670148326746,-0.34961474607161314,-0.3530762782109368,2438326.0,2438353.0,27.0,66.64635574133845,0.9900042434574629,0.999633906718623,3.1380961643420617,-3.0026338863181095,9.788913343542589,0.22651510427899801,0.575
159,2476.117397,3.5078202,2,60,2,2,2,2,4,1,-42.98076923,n/a,n/a,2440126.0,2443636.0,0.0,0.0,0.0,2441943.0,2440643.0,2442636.0,2440643.0,2441636.0,2442642.0,2443636.0,3510.0,517.0,993.0,994.0,1993.0,-2442642.0,0.0,0.0,0.0,1.0,0.0,0.0,0.0,-0.6023065922421829,11.263825581356702,-0.38423006746484206,0.010384596417967108,2441928.0,2441966.0,38.0,461.20612994731204,11.872691922823146,11.88284441165117,-0.033243291272463,292.0,-0.05304238117321418,1.0,11.326133159864511,9.588444025924417,0.0034615321393236813,0.28384563542447894,2441968.0,2441997.0,29.0,233.67122496114203,1.760164416067004,2.3593839627076876,-2.981616901258987,-2.9735496282516287,9.606351910930778,0.4224200593311025,0.6416666666666667
160,2479.63357,3.5078196,2,61,2,1,2,2,3,2,-42.98076923,n/a,n/a,2443642.0,2447152.0,0.0,0.0,0.0,2445369.0,2444159.0,2446152.0,2444159.0,2444952.0,2446159.0,2447152.0,3510.0,517.0,793.0,993.0,1993.0,-2446159.0,0.0,0.0,0.0,1.0,0.0,0.0,0.0,-0.4846144995052052,-9.782289825726501,-0.5953835279635394,0.024230724975261835,2445352.0,2445420.0,68.0,525.0018940339907,9.318298572929994,11.58482550992899,-3.075049200086024,400.0,-3.0578310743863875,1.0,-0.328845553235675,0.31499942467838415,-0.6473065100533828,-0.6265373172174447,2446293.0,2446314.0,21.0,48.9602555993613,0.6441798777951789,0.6368936939982549,-0.0322468824352551,2.994315174348989,-10.2681371041486,0.28773540273278114,0.5958333333333333
161,2483.149834,3.5077462,2,62,2,2,2,2,4,2,-42.98076923,n/a,n/a,2447159.0,2450667.0,0.0,0.0,0.0,2449091.0,2447675.0,2449668.0,2447675.0,2448668.0,2449675.0,2450667.0,3508.0,516.0,993.0,992.0,1993.0,-2449675.0,0.0,0.0,0.0,1.0,0.0,0.0,0.0,-0.5019221602018197,11.564978877477786,-0.3634608746289039,0.11769209273697762,2449069.0,2449143.0,74.0,444.66618146333514,12.076489921792598,13.523740033710284,-0.03985266895442826,401.0,-0.054802798860912355,0.0,0.0,0.0,0.0,0.0,0.0,0.0,0.0,0.0,0.0,0.0,0.0,0.0,9.458020746933679,0.5815928353109379,0.6958333333333333
162,2486.665913,3.5078317,2,63,2,2,1,2,2,2,-42.98076923,n/a,n/a,2450675.0,2454184.0,0.0,0.0,0.0,2452251.0,2451191.0,2453184.0,2451191.0,2451785.0,2453191.0,2454184.0,3509.0,516.0,594.0,993.0,1993.0,-2453191.0,0.0,0.0,0.0,1.0,0.0,0.0,0.0,-0.4257684531367144,10.637288264139253,-0.5226913530377578,-0.6057681243815065,2452226.0,2452301.0,75.0,502.5259073895575,11.063368640680912,12.79123433675958,0.007509245584527517,441.0,0.04195802583958716,1.0,-0.4257684531367144,10.637288264139253,-0.5226913530377578,-0.6057681243815065,2452226.0,2452301.0,75.0,502.5259073895575,11.063368640680912,12.79123433675958,0.007509245584527517,0.04195802583958716,10.051345402922072,-0.055098268608403646,0.5166666666666667
163,2490.182115,3.5078452,2,64,2,1,2,1,4,1,-42.98076923,n/a,n/a,2454191.0,2457700.0,0.0,0.0,0.0,2456101.0,2454707.0,2456700.0,2454708.0,2455701.0,2456707.0,2457700.0,3509.0,517.0,993.0,993.0,1993.0,-2456707.0,0.0,0.0,0.0,1.0,0.0,0.0,0.0,-0.1211536248763013,-10.588826814188733,-0.2284611211953118,0.3807685353255184,2456072.0,2456166.0,94.0,507.0156697617924,10.485387106475123,12.296093522221824,-3.083457178189035,371.0,-3.0621218592325357,1.0,-0.1211536248763013,-10.588826814188733,-0.2284611211953118,0.3807685353255184,2456072.0,2456166.0,94.0,507.0156697617924,10.485387106475123,12.296093522221824,-3.083457178189035,-3.0621218592325357,-10.507748984451604,0.5448606562386688,0.6833333333333333
164,2493.698314,3.5078043,2,65,2,2,2,1,3,2,-42.98076923,n/a,n/a,2457707.0,2461216.0,0.0,0.0,0.0,2459290.0,2458223.0,2460217.0,2458223.0,2459016.0,2460223.0,2461216.0,3509.0,516.0,793.0,993.0,1994.0,-2460223.0,0.0,0.0,0.0,1.0,0.0,0.0,0.0,-0.017307660696614473,9.346136776171814,-0.16961507482682103,-0.16615354268749735,2459275.0,2459346.0,71.0,443.7265516878908,9.363445076707988,11.37488376942999,-0.0003696857502567008,259.0,0.03561222132631822,0.0,0.0,0.0,0.0,0.0,0.0,0.0,0.0,0.0,0.0,0.0,0.0,0.0,9.925834418001449,0.0795863879899177,0.525
165,2497.214515,3.5077689,2,66,2,2,1,1,3,1,-42.98076923,n/a,n/a,2461223.0,2464732.0,0.0,0.0,0.0,2462973.0,2461740.0,2463733.0,2461740.0,2462533.0,2463739.0,2464732.0,3509.0,517.0,793.0,993.0,1993.0,-2463739.0,0.0,0.0,0.0,1.0,0.0,0.0,0.0,-0.0553845142291671,11.42651759190487,-0.3426916817929658,-0.29076869970312236,2462952.0,2463025.0,73.0,468.92085766369786,11.48201950751323,13.249195478087648,-0.00452212775148134,419.0,0.028481579924618666,0.0,0.0,0.0,0.0,0.0,0.0,0.0,0.0,0.0,0.0,0.0,0.0,0.0,10.290957283225072,-0.3122235221142913,0.6041666666666666
166,2500.730635,3.5078631,2,67,2,1,1,2,3,1,-42.98076923,n/a,n/a,2464739.0,2468249.0,0.0,0.0,0.0,2466422.0,2465256.0,2467248.0,2465256.0,2466049.0,2467255.0,2468249.0,3510.0,517.0,793.0,994.0,1992.0,-2467255.0,0.0,0.0,0.0,1.0,0.0,0.0,0.0,-0.11769209273697762,-9.751136036472595,-0.3426916817929658,0.1488458819908829,2466407.0,2466486.0,79.0,515.8005540822824,9.645975917122486,11.267513094510827,-3.0906127894585564,358.0,-3.0711825992055712,1.0,-0.11769209273697762,-9.751136036472595,-0.3426916817929658,0.1488458819908829,2466407.0,2466486.0,79.0,515.8005540822824,9.645975917122486,11.267513094510827,-3.0906127894585564,-3.0711825992055712,-9.788913343542589,-0.22651510427899801,0.575
167,2504.246825,3.5078127,2,68,2,1,1,1,3,1,-42.98076923,n/a,n/a,2468255.0,2471765.0,0.0,0.0,0.0,2469905.0,2468772.0,2470765.0,2468772.0,2469565.0,2470772.0,2471765.0,3510.0,517.0,793.0,993.0,1993.0,-2470772.0,0.0,0.0,0.0,1.0,0.0,0.0,0.0,-0.19384579980208289,-8.785368569601504,-0.22499958905598813,0.12461515701562499,2469888.0,2469959.0,71.0,502.53915385622895,8.598633262016275,10.511852998620315,-3.1009221032118655,323.0,-3.0700740352051263,1.0,0.328845553235675,0.3634608746289039,0.8619215026913999,0.15230741413020657,2470537.0,2470563.0,26.0,57.61137662114623,0.7104578630430447,0.7340162373232163,1.522054475484965,-1.7894652726688403,-9.834553701695544,-0.17753886551596992,0.5583333333333333
168,2507.76304,3.5078029,2,69,2,2,1,2,3,1,-42.98076923,n/a,n/a,2471772.0,2475281.0,0.0,0.0,0.0,2473498.0,2472288.0,2474281.0,2472288.0,2473081.0,2474288.0,2475281.0,3509.0,516.0,793.0,993.0,1993.0,-2474288.0,0.0,0.0,0.0,1.0,0.0,0.0,0.0,-0.16961507482682103,11.339979288421798,-0.44999917811197626,-0.373845471046871,2473473.0,2473537.0,64.0,498.59415694210526,11.50984629756732,13.500786560108068,-0.006616444801570998,392.0,0.03385058445795645,0.0,0.0,0.0,0.0,0.0,0.0,0.0,0.0,0.0,0.0,0.0,0.0,0.0,10.256727014610359,-0.27549134304202216,0.5916666666666667
169,2511.279145,3.5078166,2,70,2,2,2,2,1,2,-42.98076923,n/a,n/a,2475288.0,2478797.0,0.0,0.0,0.0,2476648.0,2475804.0,2477797.0,2475804.0,2476198.0,2477804.0,2478797.0,3509.0,516.0,394.0,993.0,1993.0,-2477804.0,0.0,0.0,0.0,1.0,0.0,0.0,0.0,-0.38423006746484206,12.032285716286378,-0.5330759494557249,-0.5919219958242157,2476632.0,2476692.0,60.0,569.5187668939952,12.416655228575703,14.890676432994223,0.00473930100946665,434.0,0.028596853300264454,1.0,-1.8173043731445195,-1.4573050306549393,-0.09692289990103947,-0.45346071025129997,2477408.0,2477427.0,19.0,54.295075355928084,0.5066741919639172,0.5598058440856423,0.7805672831034765,-0.7066142024083063,10.233906835533883,-0.25100322366050815,0.4125
170,2514.7953,3.5078414,2,71,2,1,1,2,2,1,-42.98076923,n/a,n/a,2478804.0,2482313.0,0.0,0.0,0.0,2480280.0,2479320.0,2481313.0,2479320.0,2479913.0,2481320.0,2482313.0,3509.0,516.0,593.0,993.0,1993.0,-2481320.0,0.0,0.0,0.0,1.0,0.0,0.0,0.0,-0.45346071025129997,-9.98652022194655,-0.6092296565208302,0.2423072497526026,2480266.0,2480320.0,54.0,476.7736097833666,9.571015555115821,11.437914725466728,-3.05250447432866,353.0,-3.0485490133349926,0.0,0.0,0.0,0.0,0.0,0.0,0.0,0.0,0.0,0.0,0.0,0.0,0.0,-10.06275549246031,0.06734232829916263,0.475
171,2518.311551,3.5078109,2,72,2,2,1,2,5,2,-42.98076923,n/a,n/a,2482320.0,2485829.0,0.0,0.0,0.0,2484363.0,2482837.0,2484830.0,2482837.0,2484029.0,2484836.0,2485829.0,3509.0,517.0,1192.0,993.0,1993.0,-2484836.0,0.0,0.0,0.0,1.0,0.0,0.0,0.0,-0.5226913530377578,10.734211164040293,-0.5053836923411433,-1.381151323589834,2484338.0,2484421.0,83.0,458.8129947787817,11.290917731652334,12.902937546405823,0.07764188564220662,309.0,0.09699921594461577,1.0,-33.26532385889301,-1.0142289168216065,18.726888873736858,1.3396129379179598,2485635.0,2485682.0,47.0,14454.361978182167,36.63946628201359,45.20511609540986,0.4944532640387399,0.6185047841746827,10.690310417063417,-0.7407656112907732,0.75
172,2521.827678,3.6161458,2,73,2,2,1,2,1,1,-42.98076923,n/a,n/a,2485836.0,2489453.0,0.0,0.0,0.0,2487263.0,2486463.0,2488454.0,2486463.0,2486853.0,2488461.0,2489454.0,3617.0,627.0,390.0,993.0,1991.0,-2488461.0,0.0,1.0,0.0,0.0,0.0,0.0,0.0,0.0,0.0,0.0,0.0,0.0,0.0,0.0,0.0,0.0,0.0,0.0,0.0,0.0,0.0,0.0,0.0,0.0,0.0,0.0,0.0,0.0,0.0,0.0,0.0,0.0,0.0,0.0,0.0,0.0
173,2525.452181,3.5161321,2,74,2,1,2,2,4,2,-42.98076923,n/a,n/a,2489460.0,2492978.0,0.0,0.0,0.0,2491295.0,2489977.0,2491978.0,2489977.0,2490979.0,2491985.0,2492978.0,3518.0,517.0,1002.0,993.0,2001.0,-2491985.0,0.0,0.0,0.0,1.0,0.0,0.0,0.0,-0.4846144995052052,-10.36036569299342,-0.17999967124479208,0.9899981918463486,2491272.0,2491328.0,56.0,512.6123431960376,9.944815565676508,12.253458546784524,-3.023670520829695,293.0,-2.9875902332367965,1.0,-10.713441971204357,-11.024979863743418,0.9692289990104104,1.1596132666731696,2491349.0,2491368.0,19.0,39.78671113940088,0.3651055023704304,0.3783060316102509,-2.593043251139265,-2.538362800665109,-10.405058178607458,0.43466411902185753,0.6458333333333334
174,2528.976689,3.5078112,2,75,2,2,1,2,4,2,-42.98076923,n/a,n/a,2492985.0,2496494.0,0.0,0.0,0.0,2494835.0,2493502.0,2495494.0,2493502.0,2494495.0,2495501.0,2496494.0,3509.0,517.0,993.0,993.0,1992.0,-2495501.0,0.0,0.0,0.0,1.0,0.0,0.0,0.0,-0.45346071025129997,10.824210999662693,-0.43269151741536177,-1.3396129379179618,2494820.0,2494895.0,75.0,453.7692512259613,11.314079090211491,12.69273602297398,0.08024475134585689,325.0,0.09285736026913716,1.0,-0.45346071025129997,10.824210999662693,-0.43269151741536177,-1.3396129379179618,2494820.0,2494895.0,75.0,453.7692512259613,11.314079090211491,12.69273602297398,0.08024475134585689,0.09285736026913716,10.43928844722217,-0.47139629809412664,0.6583333333333333
175,2532.492847,3.5078289,2,76,2,1,2,1,5,2,-42.98076923,n/a,n/a,2496501.0,2500010.0,0.0,0.0,0.0,2498468.0,2497018.0,2499011.0,2497018.0,2498211.0,2499017.0,2500010.0,3509.0,517.0,1193.0,993.0,1993.0,-2499017.0,0.0,0.0,0.0,1.0,0.0,0.0,0.0,-0.3703839389075513,-9.706136118661394,-0.4396145816940092,0.7234602171184842,2498451.0,2498505.0,54.0,484.53550969550037,9.407922817998209,11.182928398301373,-3.017648392864403,240.0,-2.99934539763416,1.0,-9.308059922639263,-33.26532385889301,1.325766809360669,18.726888873736858,2498919.0,2498944.0,25.0,14283.113873481589,29.609956845808547,42.84934162044477,-2.5134066105943593,-2.493664578741472,-10.59902970075751,0.642813133764721,0.7166666666666667
176,2536.009004,3.5079896,2,77,2,1,1,2,1,2,-42.98076923,n/a,n/a,2500017.0,2503527.0,0.0,0.0,0.0,2501384.0,2500534.0,2502527.0,2500534.0,2500927.0,2502534.0,2503527.0,3510.0,517.0,393.0,993.0,1993.0,-2502534.0,0.0,0.0,0.0,1.0,0.0,0.0,0.0,-0.2388457176132789,-11.45767138115878,-0.28038410328515523,0.8411523098554617,2501367.0,2501456.0,89.0,519.8080235460986,11.27474581509612,12.814886515184794,-3.041954550374604,440.0,-3.02055456315194,1.0,-0.2388457176132789,-11.45767138115878,-0.28038410328515523,0.8411523098554617,2501367.0,2501456.0,89.0,519.8080235460986,11.27474581509612,12.814886515184794,-3.041954550374604,-3.02055456315194,-10.222496745995645,0.23875916396975308,0.4166666666666667
177,2539.525423,3.5076252,2,78,2,2,2,1,4,2,-42.98076923,n/a,n/a,2503534.0,2507043.0,0.0,0.0,0.0,2505377.0,2504050.0,2506043.0,2504050.0,2505043.0,2506050.0,2507043.0,3509.0,516.0,993.0,993.0,1993.0,-2506050.0,0.0,0.0,0.0,1.0,0.0,0.0,0.0,-0.588460463684892,11.239594856381439,-0.3807685353255184,0.1730766069661447,2505346.0,2505419.0,73.0,505.96587702363684,11.841015036566311,13.32890402641845,-0.04679052310728059,303.0,-0.05846606931922912,1.0,11.454209849019461,11.485363638273363,0.2388457176132789,0.13153822129426843,2505433.0,2505452.0,19.0,57.76427255916995,0.11173834324497098,0.21506117813553308,1.2882413743253518,0.9917220574271576,9.583531731854302,0.44690817871261657,0.65
178,2543.041368,3.507833,2,79,2,1,1,2,1,2,-42.98076923,n/a,n/a,2507049.0,2510559.0,0.0,0.0,0.0,2508309.0,2507566.0,2509559.0,2507566.0,2507959.0,2509566.0,2510559.0,3510.0,517.0,393.0,993.0,1993.0,-2509566.0,0.0,0.0,0.0,1.0,0.0,0.0,0.0,-0.5573066744309868,-10.658057456975191,-0.26653797472786445,0.6611526386106736,2508297.0,2508378.0,81.0,525.3555339830142,10.143262603577993,11.697030836636833,-3.0500058680572,338.0,-3.0408050380791867,1.0,-13.209206643656167,-12.672669162061117,0.5088452244804671,0.7338448135364551,2508675.0,2508700.0,25.0,74.78876751113746,0.5818051944007725,0.6618138050001057,-0.3970794452249823,-0.4145068745847827,-10.359417820454507,0.3856878802588334,0.36666666666666664
179,2546.557546,3.5078341,2,80,2,1,2,2,1,1,-42.98076923,n/a,n/a,2510566.0,2514075.0,0.0,0.0,0.0,2511816.0,2511082.0,2513075.0,2511082.0,2511476.0,2513082.0,2514075.0,3509.0,516.0,394.0,993.0,1993.0,-2513082.0,0.0,0.0,0.0,1.0,0.0,0.0,0.0,-0.31846095681770786,-9.761520632890562,-0.24576878189192627,-0.031153789253905263,2511796.0,2511878.0,82.0,506.1345820332833,9.44549816796013,11.527781406674597,-3.118869292748152,320.0,-3.080297691176426,1.0,0.3634608746289039,0.872306099109371,0.3911531317434855,0.294230231842446,2512592.0,2512618.0,26.0,61.66861967434108,0.5179937364503588,0.5935795908888538,0.1882215053047672,0.25346502233863366,-9.617762000469016,-0.4101759996403435,0.35833333333333334
180,2550.073709,3.5079274,2,81,2,1,1,2,5,1,-42.98076923,n/a,n/a,2514082.0,2517592.0,0.0,0.0,0.0,2516058.0,2514598.0,2516591.0,2514599.0,2515792.0,2516598.0,2517592.0,3510.0,517.0,1193.0,994.0,1993.0,-2516598.0,0.0,0.0,0.0,1.0,0.0,0.0,0.0,-0.1488458819908829,-8.927291387313744,-0.4292299852760381,-0.3461532139322894,2516043.0,2516102.0,59.0,481.4050453113395,8.77883860427221,10.42300493411607,-3.1321292137072354,251.0,3.089428513232055,1.0,-2.4057648368294116,-1.7376891339400946,0.328845553235675,-0.1349997534335921,2516668.0,2516700.0,32.0,57.7901958421847,0.8133127401622094,0.7816167164686993,0.6068905578124932,-0.6408438962696184,-9.389560209704248,-0.6550571934554761,0.7208333333333333
181,2553.589929,3.5078042,2,82,2,2,1,1,2,1,-42.98076923,n/a,n/a,2517598.0,2521107.0,0.0,0.0,0.0,2519048.0,2518115.0,2520108.0,2518115.0,2518707.0,2520114.0,2521107.0,3509.0,517.0,592.0,993.0,1993.0,-2520114.0,0.0,0.0,0.0,1.0,0.0,0.0,0.0,-0.12461515701562499,9.979597157667904,-0.10730749631901051,-0.3011532961210934,2519030.0,2519089.0,59.0,497.60787026250034,10.10607157575599,13.020434773966505,0.019182299155059878,323.0,0.02791827620405613,1.0,-33.26532385889301,0.10730749631901051,18.726888873736858,1.9453810622994663,2519649.0,2519700.0,51.0,15495.033735081577,37.35440439889539,47.48457683436753,0.46592692540168085,0.6072920350036777,9.891604149386737,0.1163185670621868,0.4583333333333333
182,2557.106139,3.5077763,2,83,2,2,1,2,3,1,-42.98076923,n/a,n/a,2521114.0,2524623.0,0.0,0.0,0.0,2522757.0,2521631.0,2523624.0,2521631.0,2522423.0,2523630.0,2524624.0,3509.0,517.0,792.0,994.0,1993.0,-2523630.0,0.0,0.0,0.0,1.0,0.0,0.0,0.0,-0.08307677134374868,12.67959222633976,-0.08999983562239604,-0.6923064278645789,2522732.0,2522786.0,54.0,436.04390911453265,12.776873372444848,12.747264473501739,0.047157851050713503,309.0,0.04971430476222418,1.0,10.952287688817641,11.201518002848884,-0.713075620700517,-0.6957679600039025,2522807.0,2522826.0,19.0,79.20868351088743,0.24983055167633259,0.44665838077166004,-0.06933313368821033,-0.30704573201879015,10.142626119227973,-0.15305074613445588,0.55
183,2560.622258,3.5078429,2,84,2,2,2,1,2,1,-42.98076923,n/a,n/a,2524630.0,2528140.0,0.0,0.0,0.0,2526174.0,2525147.0,2527140.0,2525147.0,2525740.0,2527147.0,2528140.0,3510.0,517.0,593.0,993.0,1993.0,-2527147.0,0.0,0.0,0.0,1.0,0.0,0.0,0.0,-0.048461449950519736,10.945364624538994,-0.28384563542447894,-0.1107690284583342,2526149.0,2526209.0,60.0,515.9541093600523,10.99518836891867,13.551132611139238,-0.015741772630670545,409.0,0.030146754573481895,1.0,1.6615354268749893,0.4361530495546855,-0.3703839389075513,-0.28038410328515523,2527717.0,2527737.0,20.0,138.427627697365,1.2286830108124787,1.2464976753066885,-3.068277965486522,0.18432440889969975,9.994294955230876,0.006122029845379495,0.5
184,2564.1385,3.5077642,2,85,2,1,1,1,1,2,-42.98076923,n/a,n/a,2528146.0,2531656.0,0.0,0.0,0.0,2529413.0,2528663.0,2530656.0,2528663.0,2529056.0,2530663.0,2531656.0,3510.0,517.0,393.0,993.0,1993.0,-2530663.0,0.0,0.0,0.0,1.0,0.0,0.0,0.0,-0.4396145816940092,-11.090748974390554,-0.294230231842446,0.23538418547395523,2529395.0,2529462.0,67.0,504.9897038706801,10.664293473189518,12.624739696724012,-3.091909815865836,339.0,-3.053464783617281,0.0,0.0,0.0,0.0,0.0,0.0,0.0,0.0,0.0,0.0,0.0,0.0,0.0,-10.359417820454507,0.3856878802588334,0.36666666666666664
185,2567.654597,3.5078443,2,86,2,1,1,1,3,2,-42.98076923,n/a,n/a,2531662.0,2535172.0,0.0,0.0,0.0,2533272.0,2532179.0,2534173.0,2532180.0,2532972.0,2534179.0,2535172.0,3510.0,518.0,792.0,993.0,1994.0,-2534179.0,0.0,0.0,0.0,1.0,0.0,0.0,0.0,-0.3115378925390605,-9.560751768809835,-0.5261528851770815,-0.17999967124479208,2533258.0,2533316.0,58.0,507.3060732117006,9.255689027647565,10.81813860807411,-3.104184962296479,286.0,-3.083644782446634,0.0,0.0,0.0,0.0,0.0,0.0,0.0,0.0,0.0,0.0,0.0,0.0,0.0,-9.891604149386737,-0.1163185670621868,0.5375
186,2571.170786,3.5078152,2,87,2,2,1,2,4,1,-42.98076923,n/a,n/a,2535179.0,2538688.0,0.0,0.0,0.0,2536971.0,2535695.0,2537688.0,2535695.0,2536689.0,2537695.0,2538689.0,3509.0,516.0,994.0,994.0,1993.0,-2537695.0,0.0,0.0,0.0,1.0,0.0,0.0,0.0,-0.4707683709479144,10.415750207222592,-0.4742299030872381,-0.6784602993072881,2536955.0,2537010.0,55.0,500.77662429531756,10.88843408427455,12.720246595469005,0.018757736110848845,266.0,0.03865176440682523,1.0,-33.26532385889301,-1.0799980274687446,18.726888873736858,0.4742299030872381,2537476.0,2537535.0,59.0,15034.747551916449,37.00073997062467,46.472924495081855,0.5158854328181859,0.6293931966491828,10.359417820454507,-0.3856878802588334,0.6291666666666667
187,2574.686983,3.5078824,2,88,2,2,1,1,1,2,-42.98076923,n/a,n/a,2538695.0,2542205.0,0.0,0.0,0.0,2539988.0,2539211.0,2541204.0,2539211.0,2539605.0,2541211.0,2542205.0,3510.0,516.0,394.0,994.0,1993.0,-2541211.0,0.0,0.0,0.0,1.0,0.0,0.0,0.0,-0.3461532139322894,10.758441889015554,-0.4949990959231723,-0.4119223245794236,2539966.0,2540026.0,60.0,553.7492808053238,11.10490585958972,13.347575016930488,-0.0074811571872276435,361.0,0.04539972756628398,1.0,-0.3461532139322894,10.758441889015554,-0.4949990959231723,-0.4119223245794236,2539966.0,2540026.0,60.0,553.7492808053238,11.10490585958972,13.347575016930488,-0.0074811571872276435,0.04539972756628398,9.674812448160203,0.3489557011865604,0.37916666666666665
188,2578.20315,3.4994742,2,89,2,1,1,2,5,2,-42.98076923,n/a,n/a,2542211.0,2545712.0,0.0,0.0,0.0,2544204.0,2542721.0,2544713.0,2542721.0,2543911.0,2544719.0,2545712.0,3501.0,510.0,1190.0,993.0,1992.0,-2544719.0,0.0,0.0,0.0,1.0,0.0,0.0,0.0,-0.5261528851770815,-8.851137680248643,-0.4880760316445289,-0.3530762782109368,2544191.0,2544249.0,58.0,461.5433877605622,8.32607931571636,10.021743534945413,-3.125377858585391,280.0,3.076265183966442,1.0,-0.8965368240846289,-0.3080763603997368,0.3911531317434855,0.12807668915494866,2544786.0,2544810.0,24.0,50.09597007156629,0.6445889635770052,0.6354528307653917,0.4204053512027384,2.726686895898919,-9.355329941089533,-0.6917893725277452,0.7333333333333333
189,2581.710966,3.5078639,2,90,2,1,1,1,2,1,-42.98076923,n/a,n/a,2545719.0,2549228.0,0.0,0.0,0.0,2547261.0,2546235.0,2548228.0,2546236.0,2546829.0,2548235.0,2549229.0,3509.0,517.0,593.0,994.0,1993.0,-2548235.0,0.0,0.0,0.0,1.0,0.0,0.0,0.0,-0.1765381391054684,-9.723443779358009,-0.38423006746484206,0.26653797472786445,2547243.0,2547308.0,65.0,520.4604116611282,9.569059846642466,11.387634772582885,-3.0735326000694805,414.0,-3.056987293904217,1.0,-0.1765381391054684,-9.723443779358009,-0.38423006746484206,0.26653797472786445,2547243.0,2547308.0,65.0,520.4604116611282,9.569059846642466,11.387634772582885,-3.0735326000694805,-3.056987293904217,-9.982884865692641,-0.01836608953613455,0.5041666666666667
190,2585.227169,3.5078511,2,91,2,1,1,1,3,2,-42.98076923,n/a,n/a,2549235.0,2552745.0,0.0,0.0,0.0,2550828.0,2549752.0,2551744.0,2549752.0,2550545.0,2551751.0,2552745.0,3510.0,517.0,793.0,994.0,1992.0,-2551751.0,0.0,0.0,0.0,1.0,0.0,0.0,0.0,-0.06576911064713421,-10.214981343141861,-0.21115346049869735,0.0553845142291671,2550796.0,2550874.0,78.0,518.0762980779642,10.152711531024243,11.559627339401272,-3.1153367513745343,251.0,-3.074765541151351,1.0,-0.13153822129426843,-0.10038443204036315,-0.28384563542447894,-0.19384579980208289,2552579.0,2552601.0,22.0,42.92935660588038,0.09523932484501899,0.23543508485512543,-1.2375520256832344,2.293775680196396,-9.937244507539686,-0.06734232829916263,0.5208333333333334
191,2588.743341,3.5078974,2,92,2,1,1,2,4,2,-42.98076923,n/a,n/a,2552751.0,2556261.0,0.0,0.0,0.0,2554551.0,2553268.0,2555260.0,2553268.0,2554261.0,2555268.0,2556261.0,3510.0,517.0,993.0,993.0,1992.0,-2555268.0,0.0,0.0,0.0,1.0,0.0,0.0,0.0,-0.3080763603997368,-8.916906790895776,-0.38769159960416577,-0.14538434985156315,2554531.0,2554602.0,71.0,417.17645977709793,8.61223978906285,10.205231380355093,-3.113453721662474,270.0,-3.0883143181707875,1.0,-0.3080763603997368,-8.916906790895776,-0.38769159960416577,-0.14538434985156315,2554531.0,2554602.0,71.0,417.17645977709793,8.61223978906285,10.205231380355093,-3.113453721662474,-3.0883143181707875,-9.629172090007254,-0.3979319399495885,0.6333333333333333
192,2592.259569,3.5078204,2,93,2,2,2,2,1,1,-42.98076923,n/a,n/a,2556267.0,2559776.0,0.0,0.0,0.0,2557567.0,2556784.0,2558777.0,2556784.0,2557178.0,2558784.0,2559776.0,3509.0,517.0,394.0,992.0,1993.0,-2558784.0,0.0,0.0,0.0,1.0,0.0,0.0,0.0,-0.24923031403124998,12.596515454996016,-0.3703839389075513,-0.6299988493567683,2557551.0,2557590.0,39.0,526.2148753392088,12.848368934001291,12.759895339647564,0.020207434980160078,373.0,0.025503288835917504,1.0,-0.24923031403124998,12.596515454996016,-0.3703839389075513,-0.6299988493567683,2557551.0,2557590.0,39.0,526.2148753392088,12.848368934001291,12.759895339647564,0.020207434980160078,0.025503288835917504,10.313777462301555,-0.3367116414958053,0.38333333333333336
193,2595.775683,3.507858,2,94,2,1,1,2,1,1,-42.98076923,n/a,n/a,2559783.0,2563293.0,0.0,0.0,0.0,2561117.0,2560300.0,2562293.0,2560300.0,2560694.0,2562300.0,2563293.0,3510.0,517.0,394.0,993.0,1993.0,-2562300.0,0.0,0.0,0.0,1.0,0.0,0.0,0.0,-0.4707683709479144,-9.834212807816344,-0.4119223245794236,0.30461482826041314,2561097.0,2561164.0,67.0,508.9004934867958,9.390820902015019,11.263777711265343,-3.065216555582171,403.0,-3.0335146705707436,0.0,0.0,0.0,0.0,0.0,0.0,0.0,0.0,0.0,0.0,0.0,0.0,0.0,-10.2681371041486,0.28773540273278114,0.4
194,2599.291913,3.5077907,2,95,2,2,1,2,2,2,-42.98076923,n/a,n/a,2563300.0,2566809.0,0.0,0.0,0.0,2564733.0,2563816.0,2565809.0,2563816.0,2564409.0,2565816.0,2566809.0,3509.0,516.0,593.0,993.0,1993.0,-2565816.0,0.0,0.0,0.0,1.0,0.0,0.0,0.0,-0.5538451422916632,10.377673353690035,-0.6403834457747355,-0.7061525564218697,2564711.0,2564787.0,76.0,502.50736174958445,10.931716343004208,12.260984314659517,0.006016393524964092,302.0,0.024564388712069198,0.0,0.0,0.0,0.0,0.0,0.0,0.0,0.0,0.0,0.0,0.0,0.0,0.0,9.857373880772023,0.15305074613445588,0.44583333333333336
195,2602.808036,3.499513,2,96,2,1,1,1,2,2,-42.98076923,n/a,n/a,2566816.0,2570317.0,0.0,0.0,0.0,2568258.0,2567326.0,2569317.0,2567326.0,2567916.0,2569324.0,2570317.0,3501.0,510.0,590.0,993.0,1991.0,-2569324.0,0.0,0.0,0.0,1.0,0.0,0.0,0.0,-0.22499958905598813,-9.81690514711973,-0.2388457176132789,0.3115378925390605,2568239.0,2568306.0,67.0,498.4619635283533,9.60768308975366,11.45526792639905,-3.0842754961532455,323.0,3.0665821399366964,0.0,0.0,0.0,0.0,0.0,0.0,0.0,0.0,0.0,0.0,0.0,0.0,0.0,-10.108395850613261,0.1163185670621868,0.4583333333333333
196,2606.315895,3.5078324,2,97,2,1,1,2,3,2,-42.98076923,n/a,n/a,2570323.0,2573832.0,0.0,0.0,0.0,2571949.0,2570840.0,2572833.0,2570840.0,2571633.0,2572840.0,2573832.0,3509.0,517.0,793.0,992.0,1993.0,-2572840.0,0.0,0.0,0.0,1.0,0.0,0.0,0.0,-0.4257684531367144,-9.702674586522072,-0.5226913530377578,-0.03807685353255263,2571934.0,2572000.0,66.0,493.9315130567567,9.289555351079704,10.96890444133205,-3.0894012880026893,301.0,-3.0670474988856,1.0,-0.4257684531367144,-9.702674586522072,-0.5226913530377578,-0.03807685353255263,2571934.0,2572000.0,66.0,493.9315130567567,9.289555351079704,10.96890444133205,-3.0894012880026893,-3.0670474988856,-9.868783970310258,-0.14080668644370084,0.5458333333333333
197,2609.832059,3.5079087,2,98,2,2,1,1,1,2,-42.98076923,n/a,n/a,2573840.0,2577349.0,0.0,0.0,0.0,2575200.0,2574356.0,2576349.0,2574356.0,2574749.0,2576356.0,2577349.0,3509.0,516.0,393.0,993.0,1993.0,-2576356.0,0.0,0.0,0.0,1.0,0.0,0.0,0.0,-0.418845388858071,10.848441724637954,-0.5849989315455684,-0.14538434985156315,2575180.0,2575241.0,61.0,544.29466660279,11.275860050496883,12.858283623465452,-0.03899711643413899,431.0,-0.04416420373553515,1.0,-0.418845388858071,10.848441724637954,-0.5849989315455684,-0.14538434985156315,2575180.0,2575241.0,61.0,544.29466660279,11.275860050496883,12.858283623465452,-0.03899711643413899,-0.04416420373553515,9.766093164466113,0.25100322366050815,0.4125
198,2613.348295,3.5078394,2,99,2,2,2,2,2,1,-42.98076923,n/a,n/a,2577356.0,2580865.0,0.0,0.0,0.0,2578939.0,2577872.0,2579866.0,2577872.0,2578465.0,2579872.0,2580865.0,3509.0,516.0,593.0,993.0,1994.0,-2579872.0,0.0,0.0,0.0,0.0,1.0,0.0,0.0,0.0,0.0,0.0,0.0,0.0,0.0,0.0,0.0,0.0,0.0,0.0,0.0,0.0,0.0,0.0,0.0,0.0,0.0,0.0,0.0,0.0,0.0,0.0,0.0,0.0,0.0,0.0,0.0,0.0
199,2616.864419,3.5078445,2,100,2,1,1,2,2,1,-42.98076923,n/a,n/a,2580872.0,2584381.0,0.0,0.0,0.0,2582498.0,2581389.0,2583382.0,2581389.0,2581982.0,2583388.0,2584381.0,3509.0,517.0,593.0,993.0,1993.0,-2583388.0,0.0,0.0,0.0,1.0,0.0,0.0,0.0,-0.20423039622005,-9.394598226122335,-0.5815373994062447,-0.017307660696614473,2582481.0,2582555.0,74.0,488.08591968778956,9.207671586614456,11.14611736345834,-3.080276017009598,499.0,-3.051720034966208,0.0,0.0,0.0,0.0,0.0,0.0,0.0,0.0,0.0,0.0,0.0,0.0,0.0,-9.868783970310258,-0.14080668644370084,0.5458333333333333
