,onset,duration,run_number,trial_number,task,ext_mot_pos,ext_mot_ver_dir,staircase_num,fix_off_prct,trial_type,ext_mot_ori,direction_report,response_duration,trial_onset,trial_offset,button_press_onset,button_left,button_right,fix_break,motion_onset,motion_offset,fixation_onset,fixation_offset,response_onset,response_offset,trial_duration,fix_check_duration,fixation_duration,response_duration,motion_duration,reaction_time,miss_time_trial,blink_trial,no_saccade_trial,main_sac_trial,innacurate_sac_trial,early_sac_trial,late_sac_trial,sac_x_onset_trial,sac_x_offset_trial,sac_y_onset_trial,sac_y_offset_trial,sac_t_onset_trial,sac_t_offset_trial,sac_dur_trial,sac_vpeak_trial,sac_dist_trial,sac_amp_trial,sac_dist_ang_trial,sac_lat_trial,sac_amp_ang_trial,cor_sac_trial,cor_sac_x_onset_trial,cor_sac_x_offset_trial,cor_sac_y_onset_trial,cor_sac_y_offset_trial,cor_sac_t_onset_trial,cor_sac_t_offset_trial,cor_sac_dur_trial,cor_sac_vpeak_trial,cor_sac_dist_trial,cor_sac_amp_trial,cor_sac_dist_ang_trial,cor_sac_amp_ang_trial,gabor_sac_onset_x,gabor_sac_onset_y,sac_onset_gabor_path_prct
0,24017.48235,3.5162396,1,1,2,2,1,2,4,1,-28.125,n/a,n/a,8464131.0,8467647.0,0.0,0.0,0.0,8464931.0,8464654.0,8466646.0,8464654.0,8465647.0,8466654.0,8467648.0,3516.0,523.0,993.0,994.0,1992.0,-8466654.0,0.0,0.0,0.0,0.0,1.0,0.0,0.0,0.0,0.0,0.0,0.0,0.0,0.0,0.0,0.0,0.0,0.0,0.0,0.0,0.0,0.0,0.0,0.0,0.0,0.0,0.0,0.0,0.0,0.0,0.0,0.0,0.0,0.0,0.0,0.0,0.0
1,24021.00692,3.5079073,1,2,2,1,2,2,4,2,-28.125,n/a,n/a,8467653.0,8471163.0,0.0,0.0,0.0,8469513.0,8468170.0,8470163.0,8468171.0,8469163.0,8470170.0,8471163.0,3510.0,518.0,992.0,993.0,1993.0,-8470170.0,0.0,0.0,0.0,0.0,1.0,0.0,0.0,0.0,0.0,0.0,0.0,0.0,0.0,0.0,0.0,0.0,0.0,0.0,0.0,0.0,0.0,0.0,0.0,0.0,0.0,0.0,0.0,0.0,0.0,0.0,0.0,0.0,0.0,0.0,0.0,0.0
2,24024.52317,3.9995146,1,3,2,2,1,1,4,2,-28.125,n/a,n/a,8471170.0,8475170.0,0.0,0.0,0.0,8474546.0,8472180.0,8474169.0,8472180.0,8473170.0,8474179.0,8475171.0,4000.0,1010.0,990.0,992.0,1989.0,-8474179.0,0.0,0.0,0.0,0.0,1.0,0.0,0.0,0.0,0.0,0.0,0.0,0.0,0.0,0.0,0.0,0.0,0.0,0.0,0.0,0.0,0.0,0.0,0.0,0.0,0.0,0.0,0.0,0.0,0.0,0.0,0.0,0.0,0.0,0.0,0.0,0.0
3,24028.53101,3.9995282,1,4,2,2,1,1,1,2,-28.125,n/a,n/a,8475177.0,8479178.0,0.0,0.0,0.0,8477077.0,8476187.0,8478179.0,8476187.0,8476577.0,8478186.0,8479179.0,4001.0,1010.0,390.0,993.0,1992.0,-8478186.0,0.0,0.0,0.0,1.0,0.0,0.0,0.0,-0.010384596417967108,10.39151948224733,-0.5988450601028592,-1.1803824595091077,8477056.0,8477131.0,75.0,337.11257485771796,10.41814735011278,10.682214150222368,0.0558486840068836,479.0,0.062257102364766406,0.0,0.0,0.0,0.0,0.0,0.0,0.0,0.0,0.0,0.0,0.0,0.0,0.0,9.877712980404965,0.2287829221322101,0.43333333333333335
4,24032.53888,3.5162368,1,5,2,1,1,1,5,1,-28.125,n/a,n/a,8479186.0,8482704.0,0.0,0.0,0.0,8479821.0,8479711.0,8481704.0,8479712.0,8480906.0,8481710.0,8482705.0,3518.0,526.0,1194.0,995.0,1993.0,-8481710.0,0.0,1.0,0.0,0.0,0.0,0.0,0.0,0.0,0.0,0.0,0.0,0.0,0.0,0.0,0.0,0.0,0.0,0.0,0.0,0.0,0.0,0.0,0.0,0.0,0.0,0.0,0.0,0.0,0.0,0.0,0.0,0.0,0.0,0.0,0.0,0.0
5,24036.07178,3.5079089,1,6,2,1,1,1,4,1,-28.125,n/a,n/a,8482720.0,8486228.0,0.0,0.0,0.0,8484503.0,8483236.0,8485227.0,8483237.0,8484227.0,8485235.0,8486229.0,3508.0,517.0,990.0,994.0,1991.0,-8485235.0,0.0,0.0,0.0,1.0,0.0,0.0,0.0,0.1626920105481776,-9.325367583335877,-0.6369219136354117,-1.3153822129427,8484477.0,8484551.0,74.0,317.44134986573647,9.51228591006554,9.557224415930525,3.070207408146117,250.0,3.0523755775599666,0.0,0.0,0.0,0.0,0.0,0.0,0.0,0.0,0.0,0.0,0.0,0.0,0.0,-9.767260188512685,-0.43542556147742933,0.6208333333333333
6,24039.58815,3.7410875,1,7,2,2,2,2,2,1,-28.125,n/a,n/a,8486235.0,8489977.0,0.0,0.0,0.0,8488144.0,8486984.0,8488978.0,8486984.0,8487577.0,8488984.0,8489977.0,3742.0,749.0,593.0,993.0,1994.0,-8488984.0,0.0,0.0,0.0,1.0,0.0,0.0,0.0,0.36692240676822757,10.654595924835867,-0.5192298208984342,-0.08999983562239604,8488129.0,8488183.0,54.0,303.0076631190528,10.29662395130609,10.288744999808927,-0.041698560736552606,552.0,-0.053856225444179937,0.0,0.0,0.0,0.0,0.0,0.0,0.0,0.0,0.0,0.0,0.0,0.0,0.0,9.861934010134643,0.258303299181526,0.5708333333333333
7,24043.33756,3.7078888,1,8,2,1,1,1,2,1,-28.125,n/a,n/a,8489984.0,8493693.0,0.0,0.0,0.0,8491550.0,8490701.0,8492694.0,8490701.0,8491294.0,8492700.0,8493694.0,3709.0,717.0,593.0,994.0,1993.0,-8492700.0,0.0,0.0,0.0,1.0,0.0,0.0,0.0,-0.2284611211953118,-9.782289825726501,-0.31846095681770786,-0.917306016920567,8491533.0,8491602.0,69.0,361.2863332900321,9.572578457319306,9.646517499919351,3.0789933911111897,239.0,3.062206209312443,0.0,0.0,0.0,0.0,0.0,0.0,0.0,0.0,0.0,0.0,0.0,0.0,0.0,-10.153844960135679,0.28782367623084193,0.4166666666666667
8,24047.05378,3.5079086,1,9,2,2,2,1,5,1,-28.125,n/a,n/a,8493700.0,8497210.0,0.0,0.0,0.0,8495600.0,8494217.0,8496210.0,8494217.0,8495410.0,8496216.0,8497210.0,3510.0,517.0,1193.0,994.0,1993.0,-8496216.0,0.0,0.0,0.0,1.0,0.0,0.0,0.0,0.15230741413020657,8.948060580149683,-0.4603837745299434,-0.062307578507810525,8495580.0,8495632.0,52.0,281.6230541107982,8.80475657899644,8.833098211579653,-0.04522691046467803,170.0,0.05449857079212293,1.0,0.15230741413020657,8.948060580149683,-0.4603837745299434,-0.062307578507810525,8495580.0,8495632.0,52.0,281.6230541107982,8.80475657899644,8.833098211579653,-0.04522691046467803,0.05449857079212293,9.64891791148524,0.6568283893473105,0.6833333333333333
9,24050.57014,3.7410973,1,10,2,2,2,2,4,2,-28.125,n/a,n/a,8497217.0,8500959.0,0.0,0.0,0.0,8497960.0,8497967.0,8499959.0,8497967.0,8498960.0,8499966.0,8500959.0,3742.0,750.0,993.0,993.0,1992.0,-8499966.0,0.0,0.0,0.0,0.0,1.0,0.0,0.0,0.0,0.0,0.0,0.0,0.0,0.0,0.0,0.0,0.0,0.0,0.0,0.0,0.0,0.0,0.0,0.0,0.0,0.0,0.0,0.0,0.0,0.0,0.0,0.0,0.0,0.0,0.0,0.0,0.0
10,24054.3197,3.9993779,1,11,2,1,2,1,4,2,-28.125,n/a,n/a,8500966.0,8504967.0,0.0,0.0,0.0,8503616.0,8501975.0,8503967.0,8501975.0,8502966.0,8503974.0,8504967.0,4001.0,1009.0,991.0,993.0,1992.0,-8503974.0,0.0,0.0,0.0,1.0,0.0,0.0,0.0,0.03807685353255263,-8.643445751889269,-0.6923064278645789,0.5642297387096302,8503596.0,8503638.0,42.0,320.43902817777774,8.7719848316307,8.772979196172608,-2.9978539804414672,630.0,-2.9970729834930308,1.0,-8.678061073282498,-8.95498364442833,0.578075867266925,0.9276906133385341,8503640.0,8503664.0,24.0,53.60409748544943,0.4460006514353246,0.4703609555786926,-2.2406888221618457,-2.397837069290937,-10.595656127704814,1.1143942336117287,0.8125
11,24058.32741,3.95785,1,12,2,1,1,1,2,1,-28.125,n/a,n/a,8504974.0,8508933.0,0.0,0.0,0.0,8507167.0,8505940.0,8507933.0,8505940.0,8506533.0,8507940.0,8508933.0,3959.0,966.0,593.0,993.0,1993.0,-8507940.0,0.0,0.0,0.0,1.0,0.0,0.0,0.0,0.2388457176132789,-9.062291140747336,-0.588460463684892,-1.0003827882643157,8507144.0,8507193.0,49.0,315.19008936552734,9.310253855800136,9.43373888504983,3.097334264833718,611.0,3.079173843593836,1.0,-9.290752261942648,-9.121137187115826,-0.9069214205025999,-0.8896137598059854,8507220.0,8507242.0,22.0,17.697500350192296,0.17049583199391485,0.18069728262487939,-0.1016888517630775,-0.2914567944778671,-9.806707614188502,-0.36162461885413566,0.6
12,24062.29359,3.7162105,1,13,2,2,1,2,5,2,-28.125,n/a,n/a,8508940.0,8512657.0,0.0,0.0,0.0,8511133.0,8509667.0,8511658.0,8509667.0,8510856.0,8511665.0,8512658.0,3717.0,727.0,1189.0,993.0,1991.0,-8511665.0,0.0,0.0,0.0,1.0,0.0,0.0,0.0,0.11769209273697762,6.563064936156205,-0.6438449779140591,-1.360382130753896,8511116.0,8511164.0,48.0,242.9280193731538,6.485079535525055,6.494458852157109,0.11071616606035815,260.0,0.11860337213209539,1.0,9.512290318859312,9.494982658162698,-1.6684584911536366,-1.6407662340390512,8511505.0,8511533.0,28.0,36.941033899919226,0.032656028890381716,0.15971885898691793,-2.129395642138421,2.61975837377537,10.42997693986639,-0.8044302745938979,0.725
13,24066.01828,3.5077517,1,14,2,2,1,1,3,2,-28.125,n/a,n/a,8512665.0,8516174.0,0.0,0.0,0.0,8514548.0,8513181.0,8515174.0,8513181.0,8513975.0,8515181.0,8516174.0,3509.0,516.0,794.0,993.0,1993.0,-8515181.0,0.0,0.0,0.0,1.0,0.0,0.0,0.0,-0.04153838567187631,9.899981918463478,-0.49153756378385255,-1.156151734533846,8514525.0,8514587.0,62.0,295.7089792410379,9.963711053292203,9.932783689806225,0.06675304083047448,550.0,0.07220131929583769,1.0,-0.04153838567187631,9.899981918463478,-0.49153756378385255,-1.156151734533846,8514525.0,8514587.0,62.0,295.7089792410379,9.963711053292203,9.932783689806225,0.06675304083047448,0.07220131929583769,10.327413633109268,-0.6125478237733327,0.6708333333333333
14,24069.53437,3.9995024,1,15,2,2,2,2,3,1,-28.125,n/a,n/a,8516181.0,8520181.0,0.0,0.0,0.0,8518490.0,8517190.0,8519182.0,8517190.0,8517980.0,8519189.0,8520182.0,4000.0,1009.0,790.0,993.0,1992.0,-8519189.0,0.0,1.0,0.0,0.0,0.0,0.0,0.0,0.0,0.0,0.0,0.0,0.0,0.0,0.0,0.0,0.0,0.0,0.0,0.0,0.0,0.0,0.0,0.0,0.0,0.0,0.0,0.0,0.0,0.0,0.0,0.0,0.0,0.0,0.0,0.0,0.0
15,24073.54221,3.5079055,1,16,2,2,2,1,5,2,-28.125,n/a,n/a,8520188.0,8523698.0,0.0,0.0,0.0,8522048.0,8520705.0,8522698.0,8520705.0,8521898.0,8522705.0,8523698.0,3510.0,517.0,1193.0,993.0,1993.0,-8522705.0,0.0,0.0,0.0,1.0,0.0,0.0,0.0,0.017307660696614473,10.007289414782484,-0.15230741413020657,0.5157682887591105,8522033.0,8522102.0,69.0,325.5149274214245,10.01229547065805,10.146444518369238,-0.06677514121232715,135.0,-0.08744764225723323,1.0,0.017307660696614473,10.007289414782484,-0.15230741413020657,0.5157682887591105,8522033.0,8522102.0,69.0,325.5149274214245,10.01229547065805,10.146444518369238,-0.06677514121232715,-0.08744764225723323,9.688365337161052,0.5830274467240167,0.6625
16,24077.05844,3.4995859,1,17,2,2,2,2,1,2,-28.125,n/a,n/a,8523705.0,8527206.0,0.0,0.0,0.0,8524981.0,8524215.0,8526206.0,8524215.0,8524605.0,8526213.0,8527206.0,3501.0,510.0,390.0,993.0,1991.0,-8526213.0,0.0,0.0,0.0,1.0,0.0,0.0,0.0,0.1869227355234355,10.997287606628838,-0.2388457176132789,-0.5019221602018197,8524967.0,8525016.0,49.0,344.7392710286723,10.813565455531988,10.784294911508223,0.024330772467834594,362.0,0.039811911412511475,1.0,0.1869227355234355,10.997287606628838,-0.2388457176132789,-0.5019221602018197,8524967.0,8525016.0,49.0,344.7392710286723,10.813565455531988,10.784294911508223,0.024330772467834594,0.039811911412511475,10.232739811487312,-0.43542556147742933,0.375
17,24080.56636,3.5079092,1,18,2,1,2,2,2,1,-28.125,n/a,n/a,8527212.0,8530721.0,0.0,0.0,0.0,8528573.0,8527729.0,8529722.0,8527729.0,8528323.0,8529729.0,8530722.0,3509.0,517.0,594.0,993.0,1993.0,-8529729.0,0.0,0.0,0.0,1.0,0.0,0.0,0.0,0.1869227355234355,-8.77844550532286,-0.2284611211953118,-0.8411523098554617,8528550.0,8528602.0,52.0,304.8791361871562,8.986279440716118,9.183758555392542,3.0733589777351997,227.0,3.0460870494710317,0.0,0.0,0.0,0.0,0.0,0.0,0.0,0.0,0.0,0.0,0.0,0.0,0.0,-9.838265554729153,-0.3025838647555038,0.4125
18,24084.08259,3.7246207,1,19,2,2,2,2,2,2,-28.125,n/a,n/a,8530729.0,8534455.0,0.0,0.0,0.0,8532505.0,8531462.0,8533455.0,8531462.0,8532055.0,8533462.0,8534455.0,3726.0,733.0,593.0,993.0,1993.0,-8533462.0,0.0,0.0,0.0,1.0,0.0,0.0,0.0,-0.10384596417968683,11.083825910111909,-0.079615239204425,0.6473065100533828,8532487.0,8532542.0,55.0,342.1006526166031,11.211262961698797,11.176496103784153,-0.06488404131792044,432.0,-0.06477579255196793,0.0,0.0,0.0,0.0,0.0,0.0,0.0,0.0,0.0,0.0,0.0,0.0,0.0,9.97238680202693,0.05166065983630678,0.5125
19,24087.81558,3.7077604,1,20,2,2,2,1,5,2,-28.125,n/a,n/a,8534462.0,8538171.0,0.0,0.0,0.0,8536538.0,8535178.0,8537171.0,8535178.0,8536371.0,8537178.0,8538171.0,3709.0,716.0,1193.0,993.0,1993.0,-8537178.0,0.0,0.0,0.0,1.0,0.0,0.0,0.0,0.0,9.719982247218686,-0.15230741413020657,1.2669207629921801,8536506.0,8536562.0,56.0,335.5385629131023,9.823047567073294,9.892029909300314,-0.14498684841951368,135.0,-0.1560015386815999,0.0,0.0,0.0,0.0,0.0,0.0,0.0,0.0,0.0,0.0,0.0,0.0,0.0,9.688365337161052,0.5830274467240167,0.6625
20,24091.53167,3.7161791,1,21,2,1,2,2,2,2,-28.125,n/a,n/a,8538178.0,8541895.0,0.0,0.0,0.0,8539887.0,8538905.0,8540896.0,8538905.0,8539494.0,8540902.0,8541895.0,3717.0,727.0,589.0,993.0,1991.0,-8540902.0,0.0,0.0,0.0,1.0,0.0,0.0,0.0,0.0,-8.88921453378119,-0.17999967124479208,0.031153789253905263,8539873.0,8539919.0,46.0,312.84391329995077,8.891722038585515,8.995573688126402,-3.117843225688532,379.0,3.0957849671350286,1.0,-8.90998372661713,-9.249213876270776,0.02769225711458158,0.17999967124479208,8539923.0,8539942.0,19.0,51.23899098027081,0.37185298551049245,0.3696067049886891,-2.7195876236875702,2.7576080296347736,-9.972386802026927,-0.05166065983630678,0.48333333333333334
21,24095.25622,3.9994314,1,22,2,2,2,1,1,2,-28.125,n/a,n/a,8541902.0,8545903.0,0.0,0.0,0.0,8543635.0,8542913.0,8544904.0,8542913.0,8543302.0,8544910.0,8545903.0,4001.0,1011.0,389.0,993.0,1991.0,-8544910.0,0.0,1.0,0.0,0.0,0.0,0.0,0.0,0.0,0.0,0.0,0.0,0.0,0.0,0.0,0.0,0.0,0.0,0.0,0.0,0.0,0.0,0.0,0.0,0.0,0.0,0.0,0.0,0.0,0.0,0.0,0.0,0.0,0.0,0.0,0.0,0.0
22,24099.26398,3.5078212,1,23,2,2,1,2,5,2,-28.125,n/a,n/a,8545910.0,8549419.0,0.0,0.0,0.0,8547387.0,8546427.0,8548420.0,8546427.0,8547619.0,8548426.0,8549420.0,3509.0,517.0,1192.0,994.0,1993.0,-8548426.0,0.0,0.0,0.0,0.0,0.0,1.0,0.0,0.18346120338411182,10.263442793092382,-0.22153805691666445,-0.5642297387096302,8547360.0,8547428.0,68.0,310.42747545821464,10.085805195304328,10.12720315321329,0.033984163665408684,-259.0,0.03350319087042399,0.0,0.0,0.0,0.0,0.0,0.0,0.0,0.0,0.0,0.0,0.0,0.0,0.0,0.0,0.0,0.0
23,24102.78013,3.5077884,1,24,2,1,1,2,1,2,-28.125,n/a,n/a,8549426.0,8552936.0,0.0,0.0,0.0,8550703.0,8549943.0,8551935.0,8549943.0,8550336.0,8551942.0,8552936.0,3510.0,517.0,393.0,994.0,1992.0,-8551942.0,0.0,0.0,0.0,1.0,0.0,0.0,0.0,-0.10038443204036315,-9.657674668710875,-0.28384563542447894,-0.5953835279635394,8550683.0,8550733.0,50.0,304.7218896702589,9.562366471038702,9.588294066680751,3.109007306396978,347.0,3.0881367600499203,1.0,-0.10038443204036315,-9.657674668710875,-0.28384563542447894,-0.5953835279635394,8550683.0,8550733.0,50.0,304.7218896702589,9.562366471038702,9.588294066680751,3.109007306396978,3.0881367600499203,-10.240629296622473,0.45018575000208727,0.37083333333333335
24,24106.29628,3.5077878,1,25,2,2,2,1,3,1,-28.125,n/a,n/a,8552942.0,8556452.0,0.0,0.0,0.0,8554525.0,8553459.0,8555451.0,8553459.0,8554252.0,8555459.0,8556452.0,3510.0,517.0,793.0,993.0,1992.0,-8555459.0,0.0,0.0,0.0,1.0,0.0,0.0,0.0,0.0,9.86190506493093,-0.3773070031861947,-0.16961507482682103,8554507.0,8554581.0,74.0,285.306460886667,9.8640918206805,10.006001584489033,-0.0210569083433061,255.0,-0.033563023372455494,0.0,0.0,0.0,0.0,0.0,0.0,0.0,0.0,0.0,0.0,0.0,0.0,0.0,9.94871834662144,0.09594122541028065,0.525
25,24109.81244,3.507826,1,26,2,2,2,1,5,1,-28.125,n/a,n/a,8556458.0,8559968.0,0.0,0.0,0.0,8558425.0,8556975.0,8558968.0,8556975.0,8558168.0,8558975.0,8559969.0,3510.0,517.0,1193.0,994.0,1993.0,-8558975.0,0.0,0.0,0.0,1.0,0.0,0.0,0.0,-0.3530762782109368,7.296909749692659,-0.5365374815950487,-0.13153822129426843,8558404.0,8558457.0,53.0,268.8927038487877,7.660699095250016,7.663826684298823,-0.052891798865720284,236.0,-0.06010849939647773,1.0,8.740368651790309,8.750753248208275,1.7619198589153524,1.6926892161288947,8558827.0,8558854.0,27.0,35.68065659224641,0.07000515512010662,0.1996917059199236,1.4219063791854216,-0.9827937232473182,9.593691515539096,0.7601497090199201,0.7125
26,24113.32872,3.5326911,1,27,2,2,1,2,4,2,-28.125,n/a,n/a,8559975.0,8563509.0,0.0,0.0,0.0,8561674.0,8560518.0,8562509.0,8560518.0,8561508.0,8562516.0,8563509.0,3534.0,543.0,990.0,993.0,1991.0,-8562516.0,0.0,0.0,0.0,1.0,0.0,0.0,0.0,-0.04153838567187631,9.650751604432228,-0.45346071025129997,-1.1042287524440024,8561652.0,8561702.0,50.0,323.7848611018065,9.714112635594235,9.71897936200688,0.06704223219579443,144.0,0.0691505456778808,1.0,9.643828540153581,9.764982165029881,-1.0973056881653591,-1.1596132666731696,8561705.0,8561725.0,20.0,27.84209186864404,0.1362366880108824,0.2122853552900812,0.47501075626508654,0.4198799572055578,10.130176504730189,-0.24354311065686807,0.5666666666666667
27,24116.86987,3.5076828,1,28,2,1,2,2,3,1,-28.125,n/a,n/a,8563516.0,8567025.0,0.0,0.0,0.0,8564025.0,8564032.0,8566025.0,8564032.0,8564826.0,8566032.0,8567025.0,3509.0,516.0,794.0,993.0,1993.0,-8566032.0,0.0,1.0,0.0,0.0,0.0,0.0,0.0,0.0,0.0,0.0,0.0,0.0,0.0,0.0,0.0,0.0,0.0,0.0,0.0,0.0,0.0,0.0,0.0,0.0,0.0,0.0,0.0,0.0,0.0,0.0,0.0,0.0,0.0,0.0,0.0,0.0
28,24120.3859,3.8995738,1,29,2,2,2,2,2,1,-28.125,n/a,n/a,8567032.0,8570933.0,0.0,0.0,0.0,8568841.0,8567941.0,8569933.0,8567941.0,8568532.0,8569940.0,8570933.0,3901.0,909.0,591.0,993.0,1992.0,-8569940.0,0.0,0.0,0.0,0.0,1.0,0.0,0.0,0.0,0.0,0.0,0.0,0.0,0.0,0.0,0.0,0.0,0.0,0.0,0.0,0.0,0.0,0.0,0.0,0.0,0.0,0.0,0.0,0.0,0.0,0.0,0.0,0.0,0.0,0.0,0.0,0.0
29,24124.29366,3.5078051,1,30,2,2,2,2,3,2,-28.125,n/a,n/a,8570940.0,8574449.0,0.0,0.0,0.0,8572482.0,8571457.0,8573449.0,8571457.0,8572249.0,8573456.0,8574449.0,3509.0,517.0,792.0,993.0,1992.0,-8573456.0,0.0,0.0,0.0,1.0,0.0,0.0,0.0,0.06576911064713421,9.785751357865824,-0.06576911064713421,-0.2007688640807263,8572453.0,8572521.0,68.0,301.1427963993179,9.720919700299639,9.753731532950338,0.01388799593096699,204.0,0.023070098669745742,1.0,0.06576911064713421,9.785751357865824,-0.06576911064713421,-0.2007688640807263,8572453.0,8572521.0,68.0,301.1427963993179,9.720919700299639,9.753731532950338,0.01388799593096699,0.023070098669745742,9.99605525743242,0.007380094262328977,0.5
30,24127.80981,3.9994347,1,31,2,1,2,2,4,2,-28.125,n/a,n/a,8574456.0,8578456.0,0.0,0.0,0.0,8575672.0,8575466.0,8577457.0,8575466.0,8576457.0,8577464.0,8578456.0,4000.0,1010.0,991.0,992.0,1991.0,-8577464.0,0.0,1.0,0.0,0.0,0.0,0.0,0.0,0.0,0.0,0.0,0.0,0.0,0.0,0.0,0.0,0.0,0.0,0.0,0.0,0.0,0.0,0.0,0.0,0.0,0.0,0.0,0.0,0.0,0.0,0.0,0.0,0.0,0.0,0.0,0.0,0.0
31,24131.81758,3.6411338,1,32,2,2,2,1,1,2,-28.125,n/a,n/a,8578463.0,8582107.0,0.0,0.0,0.0,8579957.0,8579113.0,8581106.0,8579114.0,8579507.0,8581113.0,8582107.0,3644.0,651.0,393.0,994.0,1993.0,-8581113.0,0.0,0.0,0.0,1.0,0.0,0.0,0.0,-0.2007688640807263,9.723443779358014,-0.044999917811196055,-0.5226913530377578,8579937.0,8579987.0,50.0,354.1798494257425,9.935702577043969,9.966986956306727,0.04809681604975726,430.0,0.04829343602279637,0.0,0.0,0.0,0.0,0.0,0.0,0.0,0.0,0.0,0.0,0.0,0.0,0.0,10.161734445270843,-0.3025838647555038,0.4125
32,24135.46717,3.7326713,1,33,2,2,1,1,4,1,-28.125,n/a,n/a,8582113.0,8585848.0,0.0,0.0,0.0,8584090.0,8582856.0,8584847.0,8582856.0,8583846.0,8584854.0,8585848.0,3735.0,743.0,990.0,994.0,1991.0,-8584854.0,0.0,0.0,0.0,0.0,1.0,0.0,0.0,0.0,0.0,0.0,0.0,0.0,0.0,0.0,0.0,0.0,0.0,0.0,0.0,0.0,0.0,0.0,0.0,0.0,0.0,0.0,0.0,0.0,0.0,0.0,0.0,0.0,0.0,0.0,0.0,0.0
33,24139.20816,3.732788,1,34,2,1,2,2,5,1,-28.125,n/a,n/a,8585854.0,8589588.0,0.0,0.0,0.0,8588197.0,8586597.0,8588588.0,8586597.0,8587787.0,8588595.0,8589588.0,3734.0,743.0,1190.0,993.0,1991.0,-8588595.0,0.0,0.0,0.0,1.0,0.0,0.0,0.0,0.20769192835937367,-9.249213876270776,-0.28038410328515523,0.8099985206015565,8588172.0,8588229.0,57.0,297.3483196249119,9.519558900711813,9.578832519687895,-3.026799408134911,385.0,-3.014772401822985,0.0,0.0,0.0,0.0,0.0,0.0,0.0,0.0,0.0,0.0,0.0,0.0,0.0,-10.548319216893836,1.025833102463777,0.7875
34,24142.94926,3.9994429,1,35,2,2,2,1,5,2,-28.125,n/a,n/a,8589595.0,8593596.0,0.0,0.0,0.0,8592028.0,8590604.0,8592596.0,8590604.0,8591795.0,8592603.0,8593596.0,4001.0,1009.0,1191.0,993.0,1992.0,-8592603.0,0.0,1.0,0.0,0.0,0.0,0.0,0.0,0.0,0.0,0.0,0.0,0.0,0.0,0.0,0.0,0.0,0.0,0.0,0.0,0.0,0.0,0.0,0.0,0.0,0.0,0.0,0.0,0.0,0.0,0.0,0.0,0.0,0.0,0.0,0.0,0.0
35,24146.95708,3.5077806,1,36,2,2,1,1,4,2,-28.125,n/a,n/a,8593603.0,8597112.0,0.0,0.0,0.0,8595303.0,8594119.0,8596113.0,8594119.0,8595112.0,8596119.0,8597112.0,3509.0,516.0,993.0,993.0,1994.0,-8596119.0,0.0,0.0,0.0,1.0,0.0,0.0,0.0,0.062307578507810525,9.481136529605411,-0.5330759494557249,-0.9865366597070249,8595282.0,8595332.0,50.0,285.7401071869453,9.429738354046519,9.460970837485073,0.04810691940451814,170.0,0.05527525925263229,0.0,0.0,0.0,0.0,0.0,0.0,0.0,0.0,0.0,0.0,0.0,0.0,0.0,10.161734445270843,-0.3025838647555038,0.5833333333333334
36,24150.47318,3.6994733,1,37,2,2,1,1,4,2,-28.125,n/a,n/a,8597119.0,8600820.0,0.0,0.0,0.0,8599045.0,8597829.0,8599820.0,8597829.0,8598819.0,8599827.0,8600820.0,3701.0,710.0,990.0,993.0,1991.0,-8599827.0,0.0,0.0,0.0,1.0,0.0,0.0,0.0,-0.31499942467838415,10.786134146130136,-0.30461482826041314,-1.1907670559270749,8599026.0,8599097.0,71.0,315.17055286063305,11.136446126459308,11.086936744485287,0.07965647573095781,207.0,0.08251895443298192,1.0,10.048827800454362,10.062673929011655,-0.9276906133385341,-0.9899981918463486,8600064.0,8600093.0,29.0,52.06701283002099,0.06382749889767415,0.19148249669300962,1.3521273809209144,-2.2794225989225625,10.193292385811498,-0.36162461885413566,0.6
37,24154.18107,3.7243786,1,38,2,1,2,2,1,1,-28.125,n/a,n/a,8600827.0,8604553.0,0.0,0.0,0.0,8602160.0,8601560.0,8603553.0,8601560.0,8601953.0,8603560.0,8604553.0,3726.0,733.0,393.0,993.0,1993.0,-8603560.0,0.0,0.0,0.0,1.0,0.0,0.0,0.0,-0.1384612855729158,-9.304598390499939,-0.11423056059765394,-0.6265373172174447,8602145.0,8602207.0,62.0,303.5728382124673,9.18044267120046,9.186002394300315,3.085759504334147,192.0,3.0703120366043195,0.0,0.0,0.0,0.0,0.0,0.0,0.0,0.0,0.0,0.0,0.0,0.0,0.0,-9.609470485809423,-0.7306293319706042,0.2916666666666667
38,24157.91378,3.5078271,1,39,2,1,1,2,5,1,-28.125,n/a,n/a,8604559.0,8608069.0,0.0,0.0,0.0,8606453.0,8605076.0,8607069.0,8605076.0,8606269.0,8607076.0,8608069.0,3510.0,517.0,1193.0,993.0,1993.0,-8607076.0,0.0,0.0,0.0,1.0,0.0,0.0,0.0,-0.07269217492578157,-8.678061073282498,-0.35653781035025656,-1.2011516523450458,8606434.0,8606478.0,44.0,308.6182337680472,8.646718823859967,8.705268151835991,3.043756376358223,165.0,3.0404204808261746,1.0,-8.671138009003851,-8.906522194477805,-1.1942285880663985,-1.145767138115879,8606480.0,8606502.0,22.0,42.68053375086649,0.24032109125614443,0.3472591375612088,-2.93854743633633,-2.731465313048304,-9.656807396620401,-0.6420682008226525,0.6791666666666667
39,24161.42994,3.5079703,1,40,2,1,2,1,2,2,-28.125,n/a,n/a,8608076.0,8611585.0,0.0,0.0,0.0,8608686.0,8608592.0,8610585.0,8608592.0,8609185.0,8610592.0,8611585.0,3509.0,516.0,593.0,993.0,1993.0,-8610592.0,0.0,1.0,0.0,0.0,0.0,0.0,0.0,0.0,0.0,0.0,0.0,0.0,0.0,0.0,0.0,0.0,0.0,0.0,0.0,0.0,0.0,0.0,0.0,0.0,0.0,0.0,0.0,0.0,0.0,0.0,0.0,0.0,0.0,0.0,0.0,0.0
40,24164.94614,3.5077676,1,41,2,2,2,1,2,1,-28.125,n/a,n/a,8611592.0,8615102.0,0.0,0.0,0.0,8612885.0,8612108.0,8614101.0,8612108.0,8612702.0,8614108.0,8615102.0,3510.0,516.0,594.0,994.0,1993.0,-8614108.0,0.0,0.0,0.0,1.0,0.0,0.0,0.0,-0.05884604636849078,11.30190243488925,-0.07269217492578157,-0.12807668915494866,8612856.0,8612909.0,53.0,333.275723949202,11.360883482318464,11.39889839149018,0.0048750375526650375,154.0,0.024903720320345428,1.0,-0.05884604636849078,11.30190243488925,-0.07269217492578157,-0.12807668915494866,8612856.0,8612909.0,53.0,333.275723949202,11.360883482318464,11.39889839149018,0.0048750375526650375,0.024903720320345428,10.232739811487312,-0.43542556147742933,0.375
41,24168.46223,3.6994624,1,42,2,2,2,1,2,1,-28.125,n/a,n/a,8615108.0,8618809.0,0.0,0.0,0.0,8616618.0,8615817.0,8617809.0,8615817.0,8616408.0,8617816.0,8618809.0,3701.0,709.0,591.0,993.0,1992.0,-8617816.0,0.0,0.0,0.0,1.0,0.0,0.0,0.0,-0.3773070031861947,11.388440738372323,-0.20423039622005,-0.4880760316445289,8616591.0,8616655.0,64.0,360.5781106585523,11.769171094972615,11.827716962363251,0.024120063979184248,183.0,-0.03336974592695889,0.0,0.0,0.0,0.0,0.0,0.0,0.0,0.0,0.0,0.0,0.0,0.0,0.0,10.209071356081822,-0.3911449959034555,0.3875
42,24172.17004,3.6329613,1,43,2,1,2,1,3,2,-28.125,n/a,n/a,8618816.0,8622450.0,0.0,0.0,0.0,8620742.0,8619459.0,8621451.0,8619459.0,8620249.0,8621457.0,8622450.0,3634.0,643.0,790.0,993.0,1992.0,-8621457.0,0.0,0.0,0.0,1.0,0.0,0.0,0.0,-0.8688445669700473,-9.051906544329368,-0.01384612855729079,0.4361530495546855,8620727.0,8620788.0,61.0,297.80019662959813,8.195425711066223,8.201722577846041,-3.086656446208998,478.0,-3.0625872503508726,0.0,0.0,0.0,0.0,0.0,0.0,0.0,0.0,0.0,0.0,0.0,0.0,0.0,-10.2564082668928,0.47970612705140714,0.6333333333333333
43,24175.81117,3.6744989,1,44,2,2,2,1,2,1,-28.125,n/a,n/a,8622457.0,8626133.0,0.0,0.0,0.0,8623949.0,8623140.0,8625133.0,8623140.0,8623734.0,8625140.0,8626133.0,3676.0,683.0,594.0,993.0,1993.0,-8625140.0,0.0,0.0,0.0,1.0,0.0,0.0,0.0,0.01384612855729079,10.000366350503844,0.024230724975261835,-0.5226913530377578,8623929.0,8623986.0,57.0,303.4960801022811,10.001485384819873,10.01199627893378,0.054711375935079125,195.0,0.06088758275929036,0.0,0.0,0.0,0.0,0.0,0.0,0.0,0.0,0.0,0.0,0.0,0.0,0.0,10.193292385811498,-0.36162461885413566,0.3958333333333333
44,24179.494,3.7327771,1,45,2,2,2,2,4,2,-28.125,n/a,n/a,8626140.0,8629874.0,0.0,0.0,0.0,8628049.0,8626883.0,8628874.0,8626883.0,8627873.0,8628881.0,8629874.0,3734.0,743.0,990.0,993.0,1991.0,-8628881.0,0.0,0.0,0.0,1.0,0.0,0.0,0.0,0.20423039622005,10.92805696384238,-0.19730733194140657,0.3703839389075513,8628033.0,8628091.0,58.0,373.5337319542163,10.738842099194894,10.693331670627675,-0.052888011962347,160.0,-0.05797645891054921,0.0,0.0,0.0,0.0,0.0,0.0,0.0,0.0,0.0,0.0,0.0,0.0,0.0,9.854044524999477,0.273063487706184,0.575
45,24183.23511,3.7494538,1,46,2,1,1,2,2,2,-28.125,n/a,n/a,8629881.0,8633632.0,0.0,0.0,0.0,8631491.0,8630640.0,8632632.0,8630640.0,8631230.0,8632639.0,8633632.0,3751.0,759.0,590.0,993.0,1992.0,-8632639.0,0.0,0.0,0.0,1.0,0.0,0.0,0.0,-0.2769225711458316,-9.415367418958272,-0.5503836101523394,-0.45346071025129997,8631476.0,8631531.0,55.0,290.32938052844764,9.138958818434132,9.269223646613668,-3.1309869906435863,246.0,3.096016759369157,1.0,-9.806520550701759,-9.283829197664005,-1.5576894626953024,-0.6438449779140591,8632360.0,8632408.0,48.0,166.15354268749866,1.0527668274150426,2.2808975360717962,-1.0512423822284094,-1.350481291872728,-10.153844960135679,0.28782367623084193,0.4166666666666667
46,24186.993,3.5078467,1,47,2,1,1,2,5,2,-28.125,n/a,n/a,8633639.0,8637148.0,0.0,0.0,0.0,8634698.0,8634155.0,8636148.0,8634156.0,8635348.0,8636155.0,8637148.0,3509.0,517.0,1192.0,993.0,1993.0,-8636155.0,0.0,0.0,0.0,0.0,0.0,1.0,0.0,-0.5019221602018197,-9.730366843636657,-0.10038443204036315,0.2284611211953118,8634675.0,8634732.0,57.0,306.2912654049415,9.234301850876417,9.526825710130671,-3.1059738159862236,-673.0,-3.1016139664665032,0.0,0.0,0.0,0.0,0.0,0.0,0.0,0.0,0.0,0.0,0.0,0.0,0.0,0.0,0.0,0.0
47,24190.50908,3.5078071,1,48,2,1,1,2,5,1,-28.125,n/a,n/a,8637155.0,8640664.0,0.0,0.0,0.0,8638531.0,8637671.0,8639664.0,8637671.0,8638864.0,8639671.0,8640664.0,3509.0,516.0,1193.0,993.0,1993.0,-8639671.0,0.0,0.0,0.0,0.0,0.0,1.0,0.0,-1.529997205580721,-7.70190900999344,-0.33923014965364207,-0.0553845142291671,8638756.0,8638817.0,61.0,184.5582479312981,6.17843537363616,6.208878128465712,-3.0956351318256377,-108.0,3.0869291308318685,0.0,0.0,0.0,0.0,0.0,0.0,0.0,0.0,0.0,0.0,0.0,0.0,0.0,0.0,0.0,0.0
48,24194.02521,3.5078253,1,49,2,2,1,1,1,1,-28.125,n/a,n/a,8640671.0,8644181.0,0.0,0.0,0.0,8641904.0,8641187.0,8643180.0,8641187.0,8641581.0,8643187.0,8644181.0,3510.0,516.0,394.0,994.0,1993.0,-8643187.0,0.0,0.0,0.0,1.0,0.0,0.0,0.0,-0.26653797472786445,10.135366103937432,-0.28730716756379865,-0.28384563542447894,8641888.0,8641941.0,53.0,330.8052971763948,10.401904654627367,10.593243052690605,-0.0003327786898786039,307.0,-0.038568177140312944,1.0,-0.26653797472786445,10.135366103937432,-0.28730716756379865,-0.28384563542447894,8641888.0,8641941.0,53.0,330.8052971763948,10.401904654627367,10.593243052690605,-0.0003327786898786039,-0.038568177140312944,9.719923277701707,0.523986692625381,0.35
49,24197.5414,3.5077862,1,50,2,1,1,1,1,1,-28.125,n/a,n/a,8644187.0,8647696.0,0.0,0.0,0.0,8645287.0,8644704.0,8646696.0,8644704.0,8645097.0,8646703.0,8647696.0,3509.0,517.0,393.0,993.0,1992.0,-8646703.0,0.0,0.0,0.0,1.0,0.0,0.0,0.0,-0.062307578507810525,-9.643828540153585,-0.40153772816145655,-0.22153805691666445,8645269.0,8645330.0,61.0,320.61192456530756,9.583211560855034,9.543237569049493,-3.122808735945383,172.0,3.1154737760292104,1.0,-0.062307578507810525,-9.643828540153585,-0.40153772816145655,-0.22153805691666445,8645269.0,8645330.0,61.0,320.61192456530756,9.583211560855034,9.543237569049493,-3.122808735945383,3.1154737760292104,-10.4063084844609,0.7601497090199201,0.2833333333333333
50,24201.0575,3.5078441,1,51,2,2,2,2,4,1,-28.125,n/a,n/a,8647703.0,8651212.0,0.0,0.0,0.0,8648846.0,8648220.0,8650213.0,8648220.0,8649213.0,8650219.0,8651212.0,3509.0,517.0,993.0,993.0,1993.0,-8650219.0,0.0,0.0,0.0,0.0,0.0,1.0,0.0,-0.32192248895702763,10.997287606628838,-0.5261528851770815,-0.782306263486975,8648825.0,8648872.0,47.0,338.3597252762783,11.322108096164447,11.233431276714517,0.022626107552702435,-388.0,0.036985900935701345,0.0,0.0,0.0,0.0,0.0,0.0,0.0,0.0,0.0,0.0,0.0,0.0,0.0,0.0,0.0,0.0
51,24204.57368,3.5078154,1,52,2,1,1,1,4,2,-28.125,n/a,n/a,8651219.0,8654728.0,0.0,0.0,0.0,8653012.0,8651736.0,8653729.0,8651736.0,8652729.0,8653735.0,8654729.0,3509.0,517.0,993.0,994.0,1993.0,-8653735.0,0.0,0.0,0.0,1.0,0.0,0.0,0.0,-0.3253840210963513,-9.26998306910671,-0.3946146638828092,-1.3049976165247328,8652998.0,8653063.0,65.0,304.0942795388425,8.990809154360292,9.068741204712094,3.040161753373003,269.0,3.0183739145903945,0.0,0.0,0.0,0.0,0.0,0.0,0.0,0.0,0.0,0.0,0.0,0.0,0.0,-9.751481218242358,-0.4649459385267492,0.6291666666666667
52,24208.08984,3.707797,1,53,2,1,1,2,4,2,-28.125,n/a,n/a,8654735.0,8658445.0,0.0,0.0,0.0,8656629.0,8655452.0,8657445.0,8655452.0,8656445.0,8657452.0,8658445.0,3710.0,717.0,993.0,993.0,1993.0,-8657452.0,0.0,0.0,0.0,1.0,0.0,0.0,0.0,-0.21461499263802103,-9.290752261942648,-0.578075867266925,-1.0626903667721301,8656602.0,8656672.0,70.0,319.0712613706446,9.089065900541767,9.249688658818888,3.0882489531888395,157.0,3.0738047050015913,0.0,0.0,0.0,0.0,0.0,0.0,0.0,0.0,0.0,0.0,0.0,0.0,0.0,-9.85404452499948,-0.273063487706184,0.575
53,24211.80609,3.6160395,1,54,2,2,2,2,1,2,-28.125,n/a,n/a,8658452.0,8662069.0,0.0,0.0,0.0,8659861.0,8659078.0,8661069.0,8659079.0,8659468.0,8661076.0,8662069.0,3617.0,627.0,389.0,993.0,1991.0,-8661076.0,0.0,0.0,0.0,1.0,0.0,0.0,0.0,-0.328845553235675,11.260364049217374,0.10730749631901051,-0.15230741413020657,8659843.0,8659898.0,55.0,391.0122795473637,11.592117110835169,11.71518822099795,0.0223976876255298,375.0,-0.05646551197558854,0.0,0.0,0.0,0.0,0.0,0.0,0.0,0.0,0.0,0.0,0.0,0.0,0.0,10.216960841216988,-0.4059051844281134,0.38333333333333336
54,24215.43047,3.6995275,1,55,2,1,1,2,3,2,-28.125,n/a,n/a,8662076.0,8665777.0,0.0,0.0,0.0,8663142.0,8662786.0,8664777.0,8662786.0,8663577.0,8664784.0,8665777.0,3701.0,710.0,791.0,993.0,1991.0,-8664784.0,0.0,0.0,0.0,0.0,0.0,1.0,0.0,0.11769209273697762,-8.643445751889269,-0.006923064278647363,0.10730749631901051,8663119.0,8663177.0,58.0,280.59828984075506,8.76188250055413,8.782943935028289,-3.128555067570958,-458.0,3.09901485129468,0.0,0.0,0.0,0.0,0.0,0.0,0.0,0.0,0.0,0.0,0.0,0.0,0.0,0.0,0.0,0.0
55,24219.13834,3.5077041,1,56,2,1,1,1,3,2,-28.125,n/a,n/a,8665784.0,8669293.0,0.0,0.0,0.0,8667343.0,8666301.0,8668293.0,8666301.0,8667094.0,8668300.0,8669294.0,3509.0,517.0,793.0,994.0,1992.0,-8668300.0,0.0,0.0,0.0,1.0,0.0,0.0,0.0,-0.2007688640807263,-10.03498167189707,-0.24576878189192627,-1.0280750453789012,8667329.0,8667399.0,70.0,255.47485614204265,9.86527975474137,9.848049811065,3.062210364309444,235.0,3.049723500176051,1.0,1.1249979452799406,1.0730749631900973,0.6715372350286407,0.5607682065703105,8669025.0,8669044.0,19.0,53.18958241472597,0.1223346791989278,0.20841183321592932,2.009132886652863,0.844153986113171,-9.972386802026927,-0.05166065983630678,0.5125
56,24222.65438,3.5078418,1,57,2,1,1,1,5,2,-28.125,n/a,n/a,8669300.0,8672809.0,0.0,0.0,0.0,8671183.0,8669817.0,8671809.0,8669817.0,8671010.0,8671816.0,8672809.0,3509.0,517.0,1193.0,993.0,1992.0,-8671816.0,0.0,0.0,0.0,1.0,0.0,0.0,0.0,0.0034615321393236813,-9.64036700801426,-0.1903842676627592,-1.0730749631900973,8671159.0,8671206.0,47.0,338.7136663674352,9.68414021872109,9.667863444284995,3.0503178996337454,149.0,3.0346916916859645,1.0,-9.629982411596293,-9.636905475874936,-1.0523057703541592,-0.9138444847812434,8671208.0,8671227.0,19.0,55.19488706470498,0.13863425414200764,0.26019119286852216,-1.6207547225168224,-0.7100692725691019,-9.672586366890728,-0.6125478237733327,0.6708333333333333
57,24226.17052,3.7330366,1,58,2,2,2,1,3,1,-28.125,n/a,n/a,8672816.0,8676551.0,0.0,0.0,0.0,8674592.0,8673559.0,8675550.0,8673560.0,8674349.0,8675557.0,8676551.0,3735.0,744.0,789.0,994.0,1991.0,-8675557.0,0.0,0.0,0.0,1.0,0.0,0.0,0.0,-0.5503836101523394,10.308442710903577,0.0034615321393236813,-0.38423006746484206,8674567.0,8674645.0,78.0,248.2481455106312,10.86574497433381,10.963004005826006,0.035687742324114716,218.0,0.04421894439565289,1.0,8.837291551691347,8.781907037462185,1.4746126913515538,1.4469204342369701,8675477.0,8675496.0,19.0,30.352897881208328,0.06192176935860748,0.1287764395227895,2.6779450445889585,2.2035451617970896,9.988165772297254,0.02214028278698693,0.5041666666666667
58,24229.91179,3.6993551,1,59,2,2,1,2,1,1,-28.125,n/a,n/a,8676557.0,8680258.0,0.0,0.0,0.0,8677857.0,8677267.0,8679259.0,8677267.0,8677657.0,8679265.0,8680258.0,3701.0,710.0,390.0,993.0,1992.0,-8679265.0,0.0,0.0,0.0,1.0,0.0,0.0,0.0,-0.10038443204036315,10.36728875727207,0.01384612855729079,0.15576894626953025,8677837.0,8677902.0,65.0,312.76730211104353,10.468635254150259,10.476866136703437,-0.01355737037188169,180.0,0.02081655645328189,0.0,0.0,0.0,0.0,0.0,0.0,0.0,0.0,0.0,0.0,0.0,0.0,0.0,9.593691515539096,0.7601497090199201,0.2833333333333333
59,24233.61947,3.5078272,1,60,2,1,1,2,2,1,-28.125,n/a,n/a,8680265.0,8683774.0,0.0,0.0,0.0,8682207.0,8680782.0,8682774.0,8680782.0,8681375.0,8682781.0,8683775.0,3509.0,517.0,593.0,994.0,1992.0,-8682781.0,0.0,0.0,0.0,0.0,0.0,0.0,1.0,-1.2392285058775947,-9.536521043834574,-0.373845471046871,-0.8446138419947854,8682311.0,8682364.0,53.0,296.5833743153212,8.310636938256991,8.432413074692953,3.084915829957758,936.0,3.0655763820993838,0.0,0.0,0.0,0.0,0.0,0.0,0.0,0.0,0.0,0.0,0.0,0.0,0.0,0.0,0.0,0.0
60,24237.13563,3.7494591,1,61,2,2,1,1,1,2,-28.125,n/a,n/a,8683781.0,8687532.0,0.0,0.0,0.0,8685147.0,8684541.0,8686532.0,8684541.0,8684931.0,8686539.0,8687532.0,3751.0,760.0,390.0,993.0,1991.0,-8686539.0,0.0,0.0,0.0,1.0,0.0,0.0,0.0,-0.41538385671874734,10.298058114485611,0.2388457176132789,0.8203831170195276,8685127.0,8685193.0,66.0,298.4198525999892,10.72921360665689,10.789675636367168,-0.05422788063870763,196.0,-0.07610753763606555,1.0,-33.26532385889301,9.256136940549423,18.726888873736858,-0.14192281771223947,8685633.0,8685694.0,61.0,19668.64712996912,46.5199600512069,59.25393347158366,0.4176425828935714,0.6336282041420539,9.60947048580942,0.7306293319706042,0.2916666666666667
61,24240.89342,3.5079873,1,62,2,2,1,2,2,2,-28.125,n/a,n/a,8687539.0,8691048.0,0.0,0.0,0.0,8688855.0,8688055.0,8690048.0,8688055.0,8688648.0,8690055.0,8691048.0,3509.0,516.0,593.0,993.0,1993.0,-8690055.0,0.0,0.0,0.0,1.0,0.0,0.0,0.0,-0.19384579980208289,9.249213876270776,0.10730749631901051,-0.062307578507810525,8688835.0,8688886.0,51.0,283.5276811886447,9.444582855768788,9.446627755320986,0.017959945532450696,187.0,-0.027485745012552753,1.0,-0.19384579980208289,9.249213876270776,0.10730749631901051,-0.062307578507810525,8688835.0,8688886.0,51.0,283.5276811886447,9.444582855768788,9.446627755320986,0.017959945532450696,-0.027485745012552753,9.798818129053341,0.37638480737879754,0.39166666666666666
62,24244.40981,3.50759643,1,63,2,2,1,2,5,1,-28.125,n/a,n/a,8691055.0,8694564.0,0.0,0.0,0.0,8692382.0,8691572.0,8693565.0,8691572.0,8692764.0,8693571.0,8694564.0,3509.0,517.0,1192.0,993.0,1993.0,-8693571.0,0.0,0.0,0.0,0.0,1.0,0.0,0.0,0.0,0.0,0.0,0.0,0.0,0.0,0.0,0.0,0.0,0.0,0.0,0.0,0.0,0.0,0.0,0.0,0.0,0.0,0.0,0.0,0.0,0.0,0.0,0.0,0.0,0.0,0.0,0.0,0.0
63,24247.92572,3.5078421,1,64,2,2,1,1,2,2,-28.125,n/a,n/a,8694571.0,8698081.0,0.0,0.0,0.0,8695904.0,8695088.0,8697080.0,8695088.0,8695681.0,8697087.0,8698081.0,3510.0,517.0,593.0,994.0,1992.0,-8697087.0,0.0,0.0,0.0,1.0,0.0,0.0,0.0,-0.2388457176132789,9.231906215574162,0.1626920105481776,0.09692289990103947,8695884.0,8695932.0,48.0,297.36175160948295,9.470980295401787,9.419337799114937,0.006944332815015883,203.0,0.02903595495201711,0.0,0.0,0.0,0.0,0.0,0.0,0.0,0.0,0.0,0.0,0.0,0.0,0.0,9.814597099323665,0.34686443032947767,0.4
64,24251.4419,3.9995997,1,65,2,2,2,1,2,1,-28.125,n/a,n/a,8698087.0,8702089.0,0.0,0.0,0.0,8699887.0,8699097.0,8701088.0,8699097.0,8699687.0,8701095.0,8702089.0,4002.0,1010.0,590.0,994.0,1991.0,-8701095.0,0.0,0.0,0.0,1.0,0.0,0.0,0.0,-0.4776914352265578,10.761903421154882,-0.12461515701562499,0.12461515701562499,8699860.0,8699920.0,60.0,331.83248852042266,11.242357772506095,11.254254431563163,-0.022170681451992646,173.0,-0.044613235046302796,0.0,0.0,0.0,0.0,0.0,0.0,0.0,0.0,0.0,0.0,0.0,0.0,0.0,10.216960841216988,-0.4059051844281134,0.38333333333333336
65,24255.44965,3.7161567,1,66,2,1,2,2,4,1,-28.125,n/a,n/a,8702095.0,8705813.0,0.0,0.0,0.0,8704005.0,8702821.0,8704812.0,8702821.0,8703811.0,8704819.0,8705813.0,3718.0,726.0,990.0,994.0,1991.0,-8704819.0,0.0,0.0,0.0,1.0,0.0,0.0,0.0,0.006923064278647363,-9.017291222936139,-0.32192248895702763,-0.4223069209973947,8703974.0,8704031.0,57.0,300.43404773337284,9.024772602994913,9.145892629673241,3.1304692151836013,163.0,-3.112066969089444,0.0,0.0,0.0,0.0,0.0,0.0,0.0,0.0,0.0,0.0,0.0,0.0,0.0,-10.145955475000516,0.273063487706184,0.575
66,24259.17408,3.7411593,1,67,2,1,1,1,4,1,-28.125,n/a,n/a,8705819.0,8709562.0,0.0,0.0,0.0,8707779.0,8706569.0,8708563.0,8706569.0,8707562.0,8708569.0,8709562.0,3743.0,750.0,993.0,993.0,1994.0,-8708569.0,0.0,0.0,0.0,1.0,0.0,0.0,0.0,0.08307677134374868,-6.90229508580985,-0.2007688640807263,-0.8030754563229131,8707746.0,8707799.0,53.0,276.88891531596033,7.01129041002952,6.951771821385745,3.0555814008812296,184.0,3.056342505338949,0.0,0.0,0.0,0.0,0.0,0.0,0.0,0.0,0.0,0.0,0.0,0.0,0.0,-9.830376069593992,-0.31734405328016174,0.5875
67,24262.92358,3.6911294,1,68,2,1,2,2,3,2,-28.125,n/a,n/a,8709569.0,8713261.0,0.0,0.0,0.0,8711028.0,8710269.0,8712262.0,8710269.0,8711061.0,8712268.0,8713261.0,3692.0,700.0,792.0,993.0,1993.0,-8712268.0,0.0,0.0,0.0,0.0,1.0,0.0,0.0,0.0,0.0,0.0,0.0,0.0,0.0,0.0,0.0,0.0,0.0,0.0,0.0,0.0,0.0,0.0,0.0,0.0,0.0,0.0,0.0,0.0,0.0,0.0,0.0,0.0,0.0,0.0,0.0,0.0
68,24266.62304,3.9660796,1,69,2,2,1,1,2,1,-28.125,n/a,n/a,8713268.0,8717236.0,0.0,0.0,0.0,8715077.0,8714245.0,8716236.0,8714245.0,8714835.0,8716243.0,8717237.0,3968.0,977.0,590.0,994.0,1991.0,-8716243.0,0.0,0.0,0.0,1.0,0.0,0.0,0.0,0.0,10.851903256777273,-0.18346120338411182,-0.24576878189192627,8715036.0,8715112.0,76.0,324.4456812759028,10.852082128734223,10.849606367176955,0.005741563702151041,201.0,0.0386142575240693,1.0,10.834595596080659,10.713441971204357,-0.2526918461705697,-0.46384530666926704,8715114.0,8715138.0,24.0,57.25787592669235,0.24344195345347208,0.2996175528882217,2.0917061076431107,2.437978870810332,9.806707614188499,0.36162461885413566,0.3958333333333333
69,24270.59747,3.5078021,1,70,2,2,1,1,3,1,-28.125,n/a,n/a,8717243.0,8720752.0,0.0,0.0,0.0,8718252.0,8717759.0,8719752.0,8717759.0,8718553.0,8719759.0,8720752.0,3509.0,516.0,794.0,993.0,1993.0,-8719759.0,0.0,0.0,0.0,0.0,0.0,1.0,0.0,-0.12807668915494866,8.844214615969996,-0.30461482826041314,0.1765381391054684,8718231.0,8718281.0,50.0,290.650773074396,8.985183328236863,8.967247161405604,-0.0535752252151624,-322.0,-0.07108744278664039,0.0,0.0,0.0,0.0,0.0,0.0,0.0,0.0,0.0,0.0,0.0,0.0,0.0,0.0,0.0,0.0
70,24274.11368,3.5077576,1,71,2,2,2,2,2,2,-28.125,n/a,n/a,8720759.0,8724268.0,0.0,0.0,0.0,8721685.0,8721275.0,8723268.0,8721275.0,8721868.0,8723275.0,8724268.0,3509.0,516.0,593.0,993.0,1993.0,-8723275.0,0.0,0.0,0.0,0.0,0.0,1.0,0.0,0.2526918461705697,12.246900708924398,0.08307677134374868,-1.5542279305559787,8721669.0,8721752.0,83.0,354.89896466349995,12.105445589908099,12.545549993197634,0.1356693771096415,-199.0,0.13561470076329102,0.0,0.0,0.0,0.0,0.0,0.0,0.0,0.0,0.0,0.0,0.0,0.0,0.0,0.0,0.0,0.0
71,24277.62977,3.5078353,1,72,2,1,2,1,2,2,-28.125,n/a,n/a,8724275.0,8727784.0,0.0,0.0,0.0,8725884.0,8724792.0,8726785.0,8724792.0,8725384.0,8726791.0,8727784.0,3509.0,517.0,592.0,993.0,1993.0,-8726791.0,0.0,0.0,0.0,1.0,0.0,0.0,0.0,-1.3396129379179618,-8.387292373579372,-0.33923014965364207,0.7753831992083275,8726126.0,8726186.0,60.0,228.34599916030922,7.135274931304751,7.17049092769007,-2.984738569803542,742.0,-2.9908885624091743,0.0,0.0,0.0,0.0,0.0,0.0,0.0,0.0,0.0,0.0,0.0,0.0,0.0,-10.319524147974107,0.5977876352486747,0.6666666666666666
72,24281.14594,3.7328761,1,73,2,1,1,2,5,1,-28.125,n/a,n/a,8727791.0,8731525.0,0.0,0.0,0.0,8729900.0,8728534.0,8730526.0,8728534.0,8729724.0,8730532.0,8731526.0,3734.0,743.0,1190.0,994.0,1992.0,-8730532.0,0.0,0.0,0.0,1.0,0.0,0.0,0.0,-0.33230708537499865,-8.643445751889269,-0.782306263486975,-1.5438433341380118,8729878.0,8729953.0,75.0,298.33730616654583,8.345954986938544,8.440361076271092,3.0502193122650487,154.0,3.02939557856051,0.0,0.0,0.0,0.0,0.0,0.0,0.0,0.0,0.0,0.0,0.0,0.0,0.0,-9.672586366890728,-0.6125478237733327,0.6708333333333333
73,24284.88724,3.6576243,1,74,2,2,1,1,4,2,-28.125,n/a,n/a,8731533.0,8735192.0,0.0,0.0,0.0,8733399.0,8732199.0,8734192.0,8732199.0,8733192.0,8734199.0,8735192.0,3659.0,666.0,993.0,993.0,1993.0,-8734199.0,0.0,0.0,0.0,1.0,0.0,0.0,0.0,-0.35653781035025656,9.969212561249936,-0.3253840210963513,-0.6403834457747355,8733378.0,8733425.0,47.0,334.1315009598605,10.330553972278022,10.302973480586965,0.03049674377877028,186.0,0.04032782098851876,0.0,0.0,0.0,0.0,0.0,0.0,0.0,0.0,0.0,0.0,0.0,0.0,0.0,10.16962393040601,-0.31734405328016174,0.5875
74,24288.5532,3.7744587,1,75,2,2,1,1,4,1,-28.125,n/a,n/a,8735198.0,8738974.0,0.0,0.0,0.0,8737165.0,8735981.0,8737974.0,8735982.0,8736975.0,8737981.0,8738974.0,3776.0,784.0,993.0,993.0,1993.0,-8737981.0,0.0,0.0,0.0,1.0,0.0,0.0,0.0,-0.294230231842446,9.969212561249936,-0.3011532961210934,-0.65769110647135,8737145.0,8737198.0,53.0,286.32134925126144,10.269633741146238,10.292047838921505,0.03472465345189474,170.0,0.03902427088420492,1.0,9.95536643269264,9.86190506493093,-0.6646141707499973,-0.6542295743320262,8737200.0,8737222.0,22.0,49.61864808140057,0.09403652006882267,0.19113801894841084,-3.0309354324158653,-2.5234484276545994,10.161734445270843,-0.3025838647555038,0.5833333333333334
75,24292.33599,3.75779,1,76,2,1,1,2,5,1,-28.125,n/a,n/a,8738981.0,8742740.0,0.0,0.0,0.0,8741147.0,8739748.0,8741740.0,8739748.0,8740941.0,8741747.0,8742740.0,3759.0,767.0,1193.0,993.0,1992.0,-8741747.0,0.0,0.0,0.0,1.0,0.0,0.0,0.0,0.418845388858071,-9.044983480050721,-0.01384612855729079,-1.291151487967438,8741122.0,8741259.0,137.0,346.76229234754624,9.549636948134172,11.61336346155713,3.0074362553719163,181.0,3.0100653478406203,0.0,0.0,0.0,0.0,0.0,0.0,0.0,0.0,0.0,0.0,0.0,0.0,0.0,-9.641028426350074,-0.6715885778719685,0.6875
76,24296.10227,3.9576009,1,77,2,2,2,1,5,1,-28.125,n/a,n/a,8742747.0,8746706.0,0.0,0.0,0.0,8745123.0,8743714.0,8745706.0,8743714.0,8744907.0,8745713.0,8746706.0,3959.0,967.0,1193.0,993.0,1992.0,-8745713.0,0.0,0.0,0.0,1.0,0.0,0.0,0.0,-0.2596149104492171,8.993060497960878,-0.5192298208984342,0.24923031403124998,8745094.0,8745150.0,56.0,262.9631846101342,9.284531931787033,9.311900414061604,-0.08286257687057486,187.0,-0.08672223717210625,0.0,0.0,0.0,0.0,0.0,0.0,0.0,0.0,0.0,0.0,0.0,0.0,0.0,9.633138941214916,0.6863487663966263,0.6916666666666667
77,24300.0682,3.6911418,1,78,2,1,1,1,1,2,-28.125,n/a,n/a,8746713.0,8750406.0,0.0,0.0,0.0,8748289.0,8747413.0,8749406.0,8747413.0,8747807.0,8749413.0,8750406.0,3693.0,700.0,394.0,993.0,1993.0,-8749413.0,0.0,0.0,0.0,1.0,0.0,0.0,0.0,-0.27346103900650787,-8.788830101740828,-0.5849989315455684,-1.1976901202057222,8748267.0,8748328.0,61.0,258.25558502847656,8.537382547785624,8.645876245813167,3.0697652131169,460.0,3.0630397656156108,0.0,0.0,0.0,0.0,0.0,0.0,0.0,0.0,0.0,0.0,0.0,0.0,0.0,-10.138065989865355,0.258303299181526,0.425
78,24303.76765,3.7328073,1,79,2,1,2,1,5,2,-28.125,n/a,n/a,8750413.0,8754147.0,0.0,0.0,0.0,8752529.0,8751156.0,8753147.0,8751156.0,8752346.0,8753154.0,8754147.0,3734.0,743.0,1190.0,993.0,1991.0,-8753154.0,0.0,0.0,0.0,1.0,0.0,0.0,0.0,-0.1730766069661447,-8.948060580149683,-0.5157682887591105,0.4119223245794236,8752438.0,8752595.0,157.0,282.1243075940434,8.823885402910918,9.849397223421443,-3.036263978786306,92.0,-3.021814784882009,1.0,-7.968446984721305,-8.380369309300727,1.246151570156242,1.3049976165247308,8753133.0,8753161.0,28.0,52.62654741398016,0.4161043843317664,0.44113828599450533,-2.99969559898563,2.8223234836784497,-10.272187237163127,0.509226504100723,0.6416666666666667
79,24307.5089,3.7493508,1,80,2,2,1,2,1,2,-28.125,n/a,n/a,8754154.0,8757905.0,0.0,0.0,0.0,8755514.0,8754913.0,8756905.0,8754913.0,8755304.0,8756912.0,8757905.0,3751.0,759.0,391.0,993.0,1992.0,-8756912.0,0.0,0.0,0.0,1.0,0.0,0.0,0.0,-0.09692289990103947,8.037677627507762,-0.21807652477734077,0.4223069209973947,8755487.0,8755557.0,70.0,304.5978916316955,8.159768176740187,8.32569578212339,-0.07856138016815756,183.0,-0.1007856468967104,0.0,0.0,0.0,0.0,0.0,0.0,0.0,0.0,0.0,0.0,0.0,0.0,0.0,9.601581000674262,0.7453895204952621,0.2875
80,24311.26658,3.5078314,1,81,2,2,1,2,1,1,-28.125,n/a,n/a,8757912.0,8761421.0,0.0,0.0,0.0,8758895.0,8758429.0,8760421.0,8758429.0,8758821.0,8760428.0,8761421.0,3509.0,517.0,392.0,993.0,1992.0,-8760428.0,0.0,0.0,0.0,1.0,0.0,0.0,0.0,-0.04153838567187631,6.140758015158818,-0.14192281771223947,-0.079615239204425,8758862.0,8758918.0,56.0,247.1408971478856,6.182610372816943,6.2696641938570306,-0.010078046245116223,41.0,-0.03699968143782141,1.0,7.071910160636672,7.383448053175732,0.03807685353255263,0.15923047840885393,8759247.0,8759267.0,20.0,63.91608672503346,0.3342664495703192,0.40287832600514467,-0.37089128881266237,-0.30544765107797656,9.467459753376485,0.9963127254144591,0.21666666666666667
81,24314.78275,3.5079464,1,82,2,1,1,1,3,1,-28.125,n/a,n/a,8761428.0,8764937.0,0.0,0.0,0.0,8762620.0,8761944.0,8763937.0,8761944.0,8762737.0,8763944.0,8764937.0,3509.0,516.0,793.0,993.0,1993.0,-8763944.0,0.0,0.0,0.0,0.0,0.0,1.0,0.0,-0.3634608746289039,-8.996522030100202,-0.3011532961210934,0.21115346049869735,8762601.0,8762654.0,53.0,300.027187428297,8.648248558349009,8.859240887402644,-3.0823197435323877,-136.0,-3.0833416032247385,0.0,0.0,0.0,0.0,0.0,0.0,0.0,0.0,0.0,0.0,0.0,0.0,0.0,0.0,0.0,0.0
82,24318.29889,3.5078282,1,83,2,1,2,1,1,2,-28.125,n/a,n/a,8764944.0,8768454.0,0.0,0.0,0.0,8766060.0,8765460.0,8767453.0,8765460.0,8765854.0,8767460.0,8768454.0,3510.0,516.0,394.0,994.0,1993.0,-8767460.0,0.0,0.0,0.0,1.0,0.0,0.0,0.0,-0.3011532961210934,-8.823445423134057,0.06576911064713421,-0.3946146638828092,8766033.0,8766085.0,52.0,286.4881146505998,8.534718291660104,8.581721126419335,3.087623990341659,179.0,3.0770099983398067,1.0,-8.826906955273381,-9.169598637066347,-0.40153772816145655,-0.4742299030872381,8766087.0,8766115.0,28.0,42.11925903044184,0.3503166297302081,0.49808789322885344,2.932569710783526,2.8308306678758846,-9.601581000674262,-0.7453895204952621,0.2875
83,24321.81514,3.666039,1,84,2,2,2,1,3,2,-28.125,n/a,n/a,8768460.0,8772128.0,0.0,0.0,0.0,8769836.0,8769136.0,8771127.0,8769136.0,8769928.0,8771135.0,8772128.0,3668.0,676.0,792.0,993.0,1991.0,-8771135.0,0.0,0.0,0.0,0.0,1.0,0.0,0.0,0.0,0.0,0.0,0.0,0.0,0.0,0.0,0.0,0.0,0.0,0.0,0.0,0.0,0.0,0.0,0.0,0.0,0.0,0.0,0.0,0.0,0.0,0.0,0.0,0.0,0.0,0.0,0.0,0.0
84,24325.48952,3.5078223,1,85,2,2,1,1,2,1,-28.125,n/a,n/a,8772134.0,8775644.0,0.0,0.0,0.0,8773244.0,8772651.0,8774644.0,8772651.0,8773244.0,8774651.0,8775644.0,3510.0,517.0,593.0,993.0,1993.0,-8774651.0,0.0,0.0,0.0,1.0,0.0,0.0,0.0,-0.1765381391054684,10.076520057568942,0.12807668915494866,0.2388457176132789,8773221.0,8773281.0,60.0,276.944204876669,10.253656526432797,10.249082273329039,-0.010803090856879886,-23.0,-0.023981887853282063,1.0,-0.1765381391054684,10.076520057568942,0.12807668915494866,0.2388457176132789,8773221.0,8773281.0,60.0,276.944204876669,10.253656526432797,10.249082273329039,-0.010803090856879886,-0.023981887853282063,9.593691515539096,0.7601497090199201,0.2833333333333333
85,24329.00568,3.5079128,1,86,2,2,2,1,2,2,-28.125,n/a,n/a,8775651.0,8779160.0,0.0,0.0,0.0,8776917.0,8776167.0,8778160.0,8776167.0,8776761.0,8778167.0,8779161.0,3509.0,516.0,594.0,994.0,1993.0,-8778167.0,0.0,0.0,0.0,1.0,0.0,0.0,0.0,-0.1349997534335921,11.305363967028569,-0.1349997534335921,-0.29076869970312236,8776900.0,8776959.0,59.0,343.9853719517905,11.441424125566222,11.569174227013574,0.013614892431528074,139.0,0.026931529401229972,1.0,-0.1349997534335921,11.305363967028569,-0.1349997534335921,-0.29076869970312236,8776900.0,8776959.0,59.0,343.9853719517905,11.441424125566222,11.569174227013574,0.013614892431528074,0.026931529401229972,10.248518781757635,-0.4649459385267492,0.36666666666666664
86,24332.52186,3.9577467,1,87,2,2,1,2,5,2,-28.125,n/a,n/a,8779167.0,8783126.0,0.0,0.0,0.0,8780760.0,8780133.0,8782126.0,8780133.0,8781326.0,8782133.0,8783126.0,3959.0,966.0,1193.0,993.0,1993.0,-8782133.0,0.0,1.0,0.0,0.0,0.0,0.0,0.0,0.0,0.0,0.0,0.0,0.0,0.0,0.0,0.0,0.0,0.0,0.0,0.0,0.0,0.0,0.0,0.0,0.0,0.0,0.0,0.0,0.0,0.0,0.0,0.0,0.0,0.0,0.0,0.0,0.0
87,24336.48814,3.5076394,1,88,2,2,1,1,2,1,-28.125,n/a,n/a,8783133.0,8786642.0,0.0,0.0,0.0,8784316.0,8783649.0,8785642.0,8783649.0,8784243.0,8785649.0,8786642.0,3509.0,516.0,594.0,993.0,1993.0,-8785649.0,0.0,0.0,0.0,1.0,0.0,0.0,0.0,-0.3807685353255184,9.044983480050721,0.12461515701562499,-0.04153838567187631,8784290.0,8784362.0,72.0,239.09711773406656,9.427216347104634,9.528715266838713,0.017625791113055678,47.0,0.035608352105966204,1.0,-0.3807685353255184,9.044983480050721,0.12461515701562499,-0.04153838567187631,8784290.0,8784362.0,72.0,239.09711773406656,9.427216347104634,9.528715266838713,0.017625791113055678,0.035608352105966204,9.664696881755564,0.6273080122979946,0.32083333333333336
88,24340.00422,3.9994367,1,89,2,2,2,1,3,1,-28.125,n/a,n/a,8786649.0,8790650.0,0.0,0.0,0.0,8788108.0,8787659.0,8789650.0,8787659.0,8788450.0,8789657.0,8790650.0,4001.0,1010.0,791.0,993.0,1991.0,-8789657.0,0.0,1.0,0.0,0.0,0.0,0.0,0.0,0.0,0.0,0.0,0.0,0.0,0.0,0.0,0.0,0.0,0.0,0.0,0.0,0.0,0.0,0.0,0.0,0.0,0.0,0.0,0.0,0.0,0.0,0.0,0.0,0.0,0.0,0.0,0.0,0.0
89,24344.01186,3.5078283,1,90,2,2,1,2,4,2,-28.125,n/a,n/a,8790657.0,8794166.0,0.0,0.0,0.0,8792406.0,8791173.0,8793167.0,8791173.0,8792166.0,8793173.0,8794166.0,3509.0,516.0,993.0,993.0,1994.0,-8793173.0,0.0,0.0,0.0,1.0,0.0,0.0,0.0,-0.4776914352265578,10.405365610804617,-0.031153789253905263,-1.1526902023945222,8792382.0,8792452.0,70.0,307.47075329820717,10.94069351518308,11.125117117672048,0.10269093267332237,216.0,0.10567495816931334,1.0,-33.26532385889301,8.556907448406196,18.726888873736858,-0.418845388858071,8793023.0,8793095.0,72.0,20044.93893267783,45.99628432792306,60.13481679803349,0.42931189159432503,0.5830693783525563,10.201181870946657,-0.37638480737879754,0.6041666666666666
90,24347.52802,3.5078471,1,91,2,2,1,2,4,1,-28.125,n/a,n/a,8794173.0,8797682.0,0.0,0.0,0.0,8795156.0,8794689.0,8796682.0,8794689.0,8795682.0,8796689.0,8797683.0,3509.0,516.0,993.0,994.0,1993.0,-8796689.0,0.0,0.0,0.0,0.0,0.0,1.0,0.0,-0.048461449950519736,10.613057539163991,-0.20769192835937367,0.2976917639817697,8795137.0,8795210.0,73.0,275.67517261767006,10.673490517714141,10.91954729446503,-0.04736714054933799,-545.0,-0.06916183613285061,0.0,0.0,0.0,0.0,0.0,0.0,0.0,0.0,0.0,0.0,0.0,0.0,0.0,0.0,0.0,0.0
91,24351.0525,3.5078407,1,92,2,1,2,2,4,1,-28.125,n/a,n/a,8797699.0,8801207.0,0.0,0.0,0.0,8799449.0,8798215.0,8800207.0,8798215.0,8799205.0,8800214.0,8801207.0,3508.0,516.0,990.0,993.0,1992.0,-8800214.0,0.0,0.0,0.0,1.0,0.0,0.0,0.0,-0.2976917639817697,-10.221904407420505,-0.14538434985156315,0.0034615321393236813,8799425.0,8799480.0,55.0,324.3615490454447,9.925328794995908,10.223707105363422,-3.126595522028938,220.0,-3.1002742647090358,0.0,0.0,0.0,0.0,0.0,0.0,0.0,0.0,0.0,0.0,0.0,0.0,0.0,-10.20118187094666,0.37638480737879754,0.6041666666666666
92,24354.5688,3.5076967,1,93,2,2,2,1,3,2,-28.125,n/a,n/a,8801214.0,8804723.0,0.0,0.0,0.0,8802790.0,8801730.0,8803723.0,8801730.0,8802523.0,8803730.0,8804723.0,3509.0,516.0,793.0,993.0,1993.0,-8803730.0,0.0,0.0,0.0,1.0,0.0,0.0,0.0,-0.18346120338411182,11.246517920660088,-0.03807685353255263,0.044999917811196055,8802772.0,8802822.0,50.0,310.57754658894,11.430281034428818,11.3894323347292,-0.0072681942414691576,249.0,-0.027964735969865626,0.0,0.0,0.0,0.0,0.0,0.0,0.0,0.0,0.0,0.0,0.0,0.0,0.0,9.9566078317566,0.08118103688562268,0.5208333333333334
93,24358.08496,3.7493151,1,94,2,1,2,2,4,2,-28.125,n/a,n/a,8804730.0,8808480.0,0.0,0.0,0.0,8806679.0,8805490.0,8807481.0,8805490.0,8806479.0,8807487.0,8808480.0,3750.0,760.0,989.0,993.0,1991.0,-8807487.0,0.0,0.0,0.0,1.0,0.0,0.0,0.0,-0.29076869970312236,-8.906522194477805,-0.33923014965364207,-0.20769192835937367,8806663.0,8806708.0,45.0,268.51676464876516,8.616757544829925,8.622704351317969,-3.1263266640430136,184.0,3.1014374722846214,0.0,0.0,0.0,0.0,0.0,0.0,0.0,0.0,0.0,0.0,0.0,0.0,0.0,-10.169623930406006,0.31734405328016174,0.5875
94,24361.84262,3.9994254,1,95,2,2,2,2,1,1,-28.125,n/a,n/a,8808487.0,8812488.0,0.0,0.0,0.0,8810314.0,8809497.0,8811489.0,8809497.0,8809887.0,8811495.0,8812488.0,4001.0,1010.0,390.0,993.0,1992.0,-8811495.0,0.0,0.0,0.0,1.0,0.0,0.0,0.0,-0.3703839389075513,10.131904571798113,-0.3011532961210934,-0.18346120338411182,8810289.0,8810345.0,56.0,333.7248316991911,10.502947938116852,10.81702596345954,-0.011205859211241334,402.0,0.024322987200265347,1.0,10.131904571798113,10.04536626831504,-0.2007688640807263,-0.1488458819908829,8810347.0,8810369.0,22.0,33.86193182499602,0.10092013693426369,0.27282495471771684,-2.601173153319209,2.518393323655743,10.193292385811498,-0.36162461885413566,0.3958333333333333
95,24365.85037,3.5079488,1,96,2,1,2,2,3,2,-28.125,n/a,n/a,8812495.0,8816005.0,0.0,0.0,0.0,8813028.0,8813012.0,8815004.0,8813012.0,8813805.0,8815011.0,8816005.0,3510.0,517.0,793.0,994.0,1992.0,-8815011.0,0.0,0.0,0.0,0.0,1.0,0.0,0.0,0.0,0.0,0.0,0.0,0.0,0.0,0.0,0.0,0.0,0.0,0.0,0.0,0.0,0.0,0.0,0.0,0.0,0.0,0.0,0.0,0.0,0.0,0.0,0.0,0.0,0.0,0.0,0.0,0.0
96,24369.36652,3.4994955,1,97,2,1,2,2,3,2,-28.125,n/a,n/a,8816011.0,8819512.0,0.0,0.0,0.0,8817321.0,8816521.0,8818512.0,8816521.0,8817311.0,8818519.0,8819512.0,3501.0,510.0,790.0,993.0,1991.0,-8818519.0,0.0,0.0,0.0,0.0,1.0,0.0,0.0,0.0,0.0,0.0,0.0,0.0,0.0,0.0,0.0,0.0,0.0,0.0,0.0,0.0,0.0,0.0,0.0,0.0,0.0,0.0,0.0,0.0,0.0,0.0,0.0,0.0,0.0,0.0,0.0,0.0
97,24372.87433,3.699484,1,98,2,1,1,2,4,2,-28.125,n/a,n/a,8819519.0,8823220.0,0.0,0.0,0.0,8821428.0,8820229.0,8822221.0,8820229.0,8821219.0,8822227.0,8823220.0,3701.0,710.0,990.0,993.0,1992.0,-8822227.0,0.0,0.0,0.0,1.0,0.0,0.0,0.0,-0.7546140063723894,-10.27036585737103,0.10384596417968683,-0.8169215848802038,8821413.0,8821481.0,68.0,256.6894587839862,9.560195927343006,9.578810628834047,3.045130504016097,194.0,3.026785085107545,1.0,-10.280750453788997,-8.95498364442833,-0.8169215848802038,-0.7199986849791604,8821483.0,8821543.0,60.0,55.96440999823778,1.3293049617479018,1.3960320923396081,-0.07297722204609562,3.034768929518853,-9.822486584458826,-0.33210424180481973,0.5916666666666667
98,24376.58214,3.5078588,1,99,2,2,1,1,2,1,-28.125,n/a,n/a,8823227.0,8826736.0,0.0,0.0,0.0,8824537.0,8823743.0,8825736.0,8823743.0,8824337.0,8825743.0,8826737.0,3509.0,516.0,594.0,994.0,1993.0,-8825743.0,0.0,0.0,0.0,1.0,0.0,0.0,0.0,-0.2699995068671842,9.546905640252541,-0.32192248895702763,-0.04153838567187631,8824506.0,8824584.0,78.0,330.970767104637,9.820908405688384,10.108097045831096,-0.028553591501598127,169.0,-0.04624742515546361,0.0,0.0,0.0,0.0,0.0,0.0,0.0,0.0,0.0,0.0,0.0,0.0,0.0,9.783039158783009,0.4059051844281134,0.38333333333333336
99,24380.09832,3.5078277,1,100,2,2,2,1,5,1,-28.125,n/a,n/a,8826743.0,8830253.0,0.0,0.0,0.0,8827860.0,8827260.0,8829252.0,8827260.0,8828453.0,8829260.0,8830253.0,3510.0,517.0,1193.0,993.0,1992.0,-8829260.0,0.0,0.0,0.0,0.0,0.0,1.0,0.0,-0.29076869970312236,9.536521043834574,-0.4257684531367144,-0.10730749631901051,8827829.0,8827913.0,84.0,230.93101160300327,9.832448376902796,10.055133012906953,-0.03239444035066496,-624.0,0.04407894208348574,0.0,0.0,0.0,0.0,0.0,0.0,0.0,0.0,0.0,0.0,0.0,0.0,0.0,0.0,0.0,0.0
100,24515.94545,3.7827307,2,1,2,1,1,2,5,1,-28.125,n/a,n/a,8962592.0,8966374.0,0.0,0.0,0.0,8963606.0,8963373.0,8965374.0,8963373.0,8964574.0,8965381.0,8966374.0,3782.0,781.0,1201.0,993.0,2001.0,-8965381.0,0.0,0.0,0.0,0.0,0.0,1.0,0.0,-0.3599993424895802,-10.588826814188733,-0.2769225711458316,0.7165371528398408,8963587.0,8963655.0,68.0,328.2889090403954,10.276958386067784,10.343744986913343,-3.04477280526981,-987.0,-3.0406919415175864,0.0,0.0,0.0,0.0,0.0,0.0,0.0,0.0,0.0,0.0,0.0,0.0,0.0,0.0,0.0,0.0
101,24519.73651,3.9994238,2,2,2,1,2,2,4,2,-28.125,n/a,n/a,8966381.0,8970382.0,0.0,0.0,0.0,8968940.0,8967390.0,8969381.0,8967391.0,8968380.0,8969388.0,8970382.0,4001.0,1010.0,989.0,994.0,1991.0,-8969388.0,0.0,0.0,0.0,1.0,0.0,0.0,0.0,-0.1765381391054684,-9.716520715079366,-0.21115346049869735,1.0696134310507737,8968912.0,8968962.0,50.0,338.03593834576577,9.625571743038169,9.661262705316917,-3.0081380797134964,532.0,-3.007549503874883,0.0,0.0,0.0,0.0,0.0,0.0,0.0,0.0,0.0,0.0,0.0,0.0,0.0,-10.500982306082857,0.9372719713158234,0.7625
102,24523.74427,3.5079255,2,3,2,1,2,1,3,1,-28.125,n/a,n/a,8970388.0,8973898.0,0.0,0.0,0.0,8971964.0,8970905.0,8972898.0,8970905.0,8971698.0,8972905.0,8973898.0,3510.0,517.0,793.0,993.0,1993.0,-8972905.0,0.0,0.0,0.0,1.0,0.0,0.0,0.0,-0.3011532961210934,-10.052289332593684,-0.2284611211953118,0.15230741413020657,8971947.0,8971996.0,49.0,299.8468617717209,9.758567450158262,9.70818146619283,-3.1025638492176073,249.0,3.0784398742854537,1.0,-10.038443204036394,-10.315365775182226,0.16615354268749735,0.294230231842446,8971998.0,8972017.0,19.0,34.85487664876115,0.30510612697045514,0.3220899388975914,-2.7083924851581536,-2.7790484163252804,-10.043392168243393,0.08118103688562268,0.5208333333333334
103,24527.26043,3.5077942,2,4,2,1,2,1,1,2,-28.125,n/a,n/a,8973904.0,8977414.0,0.0,0.0,0.0,8975164.0,8974421.0,8976414.0,8974421.0,8974814.0,8976421.0,8977414.0,3510.0,517.0,393.0,993.0,1993.0,-8976421.0,0.0,0.0,0.0,1.0,0.0,0.0,0.0,-0.02769225711458158,-9.197290894180933,0.14192281771223947,0.07615370706510526,8975149.0,8975211.0,62.0,360.5333389591933,9.16983449909563,9.179589038480056,3.1344202586514625,335.0,3.103874701122929,0.0,0.0,0.0,0.0,0.0,0.0,0.0,0.0,0.0,0.0,0.0,0.0,0.0,-9.743591733107197,-0.47970612705140714,0.3625
104,24530.78501,3.5161229,2,5,2,1,2,1,4,1,-28.125,n/a,n/a,8977431.0,8980947.0,0.0,0.0,0.0,8978521.0,8977954.0,8979948.0,8977955.0,8978949.0,8979955.0,8980948.0,3516.0,524.0,994.0,993.0,1994.0,-8979955.0,0.0,0.0,0.0,0.0,0.0,1.0,0.0,-0.31499942467838415,-9.668059265128843,0.1384612855729158,-0.1211536248763013,8978504.0,8978552.0,48.0,362.31851372101306,9.356662240391854,9.523092655540333,3.1138425620568233,-445.0,3.0939576821961876,0.0,0.0,0.0,0.0,0.0,0.0,0.0,0.0,0.0,0.0,0.0,0.0,0.0,0.0,0.0,0.0
105,24534.31771,3.5078304,2,6,2,1,1,1,2,1,-28.125,n/a,n/a,8980963.0,8984471.0,0.0,0.0,0.0,8982396.0,8981480.0,8983471.0,8981480.0,8982070.0,8983478.0,8984472.0,3508.0,517.0,590.0,994.0,1991.0,-8983478.0,0.0,0.0,0.0,1.0,0.0,0.0,0.0,-0.2284611211953118,-9.629982411596293,-0.1765381391054684,0.079615239204425,8982371.0,8982434.0,63.0,331.1592718174433,9.40501021408709,9.512555472556521,-3.1143534425978525,301.0,3.094269178173701,1.0,-9.643828540153585,-9.62652087945697,0.08653830348307236,0.12807668915494866,8982436.0,8982459.0,23.0,20.777204096732117,0.04499991781119908,0.1126993213673417,-1.1760052070951486,0.7419472680059325,-10.098618564189538,0.1845023565582323,0.44583333333333336
106,24537.83387,3.5079727,2,7,2,1,1,2,1,2,-28.125,n/a,n/a,8984478.0,8987988.0,0.0,0.0,0.0,8985994.0,8984994.0,8986987.0,8984994.0,8985388.0,8986994.0,8987988.0,3510.0,516.0,394.0,994.0,1993.0,-8986994.0,0.0,0.0,0.0,1.0,0.0,0.0,0.0,-0.14192281771223947,-9.096906462140565,-0.294230231842446,-0.2388457176132789,8985978.0,8986021.0,43.0,330.04074749380834,8.955154913031667,8.962497649905822,-3.1354079624427804,590.0,3.1006414594021043,0.0,0.0,0.0,0.0,0.0,0.0,0.0,0.0,0.0,0.0,0.0,0.0,0.0,-10.011834227702742,0.02214028278698693,0.49166666666666664
107,24541.35006,3.6495797,2,8,2,2,2,2,5,2,-28.125,n/a,n/a,8987994.0,8991645.0,0.0,0.0,0.0,8990060.0,8988653.0,8990645.0,8988653.0,8989843.0,8990652.0,8991645.0,3651.0,659.0,1190.0,993.0,1992.0,-8990652.0,0.0,0.0,0.0,1.0,0.0,0.0,0.0,-0.3599993424895802,10.529980767820247,-0.03807685353255263,0.4257684531367144,8990038.0,8990099.0,61.0,298.4744991617314,10.899854094044686,10.906477010718602,-0.0425680395816198,195.0,-0.04889648849120945,1.0,10.48844238214837,10.343058032296806,0.4257684531367144,0.5019221602018197,8990101.0,8990134.0,33.0,36.71509273515565,0.1641218945830189,0.38659286059920445,-2.6590793585673125,-2.8509934918347555,9.633138941214916,0.6863487663966263,0.6916666666666667
108,24545.00787,3.7911317,2,9,2,2,1,2,3,1,-28.125,n/a,n/a,8991652.0,8995444.0,0.0,0.0,0.0,8993468.0,8992452.0,8994445.0,8992452.0,8993245.0,8994451.0,8995444.0,3792.0,800.0,793.0,993.0,1993.0,-8994451.0,0.0,0.0,0.0,1.0,0.0,0.0,0.0,-0.3115378925390605,10.20459674672389,0.09692289990103947,-0.17999967124479208,8993447.0,8993517.0,70.0,308.2513320002231,10.519780124200134,10.622048520888859,0.026327029672850524,202.0,3.1093247574536096,1.0,10.197673682445243,9.958827964831968,-0.1765381391054684,-0.16615354268749735,8993519.0,8993539.0,20.0,32.38994587528177,0.23907136312190222,0.2528814480326749,-3.0981417581982518,2.806855816272961,9.99605525743242,0.007380094262328977,0.49583333333333335
109,24548.80736,3.6494195,2,10,2,2,2,2,2,2,-28.125,n/a,n/a,8995451.0,8999102.0,0.0,0.0,0.0,8996894.0,8996111.0,8998102.0,8996111.0,8996701.0,8998109.0,8999102.0,3651.0,660.0,590.0,993.0,1991.0,-8998109.0,0.0,0.0,0.0,1.0,0.0,0.0,0.0,-0.18346120338411182,10.450365528615821,-0.0,-0.34961474607161314,8996870.0,8996921.0,51.0,357.1147323734778,10.639572427351913,10.686373152938907,0.032865765639048514,169.0,0.03758359065574273,0.0,0.0,0.0,0.0,0.0,0.0,0.0,0.0,0.0,0.0,0.0,0.0,0.0,10.224850326352145,-0.4206653729527714,0.37916666666666665
110,24552.46512,3.5078411,2,11,2,2,1,1,2,1,-28.125,n/a,n/a,8999109.0,9002619.0,0.0,0.0,0.0,9000392.0,8999626.0,9001618.0,8999626.0,9000219.0,9001625.0,9002619.0,3510.0,517.0,593.0,994.0,1992.0,-9001625.0,0.0,0.0,0.0,1.0,0.0,0.0,0.0,-0.4223069209973947,10.453827060755142,-0.044999917811196055,-0.2319226533346355,9000370.0,9000424.0,54.0,345.9343951693075,10.87774013745906,10.883762761731825,0.017184813550172262,151.0,0.027673493484264136,1.0,-33.26532385889301,9.134983315673121,18.726888873736858,-0.4049992603007802,9000965.0,9001042.0,77.0,18683.089867229555,46.51682697767438,56.08875921481261,0.42386843771642657,0.618046988593672,9.75937070337752,0.45018575000208727,0.37083333333333335
111,24555.9813,3.507793,2,12,2,1,2,1,1,2,-28.125,n/a,n/a,9002625.0,9006134.0,0.0,0.0,0.0,9004091.0,9003142.0,9005134.0,9003142.0,9003535.0,9005141.0,9006134.0,3509.0,517.0,393.0,993.0,1992.0,-9005141.0,0.0,0.0,0.0,1.0,0.0,0.0,0.0,-0.34961474607161314,-8.96882977298562,-0.07615370706510526,0.07269217492578157,9004070.0,9004140.0,70.0,309.21728801172213,8.620500146555644,8.671547717599719,-3.1243252936445174,535.0,3.100465238550326,0.0,0.0,0.0,0.0,0.0,0.0,0.0,0.0,0.0,0.0,0.0,0.0,0.0,-9.93293937635111,-0.12546160245960047,0.4625
112,24559.49744,3.7494415,2,13,2,1,1,1,1,2,-28.125,n/a,n/a,9006141.0,9009892.0,0.0,0.0,0.0,9007858.0,9006900.0,9008893.0,9006901.0,9007291.0,9008899.0,9009892.0,3751.0,760.0,390.0,993.0,1993.0,-9008899.0,0.0,0.0,0.0,1.0,0.0,0.0,0.0,-0.11423056059765394,-9.553828704531188,-0.2526918461705697,-0.1107690284583342,9007840.0,9007894.0,54.0,278.6557261163219,9.440664976850984,9.444852447576993,-3.1265589494756587,549.0,3.10823502812218,0.0,0.0,0.0,0.0,0.0,0.0,0.0,0.0,0.0,0.0,0.0,0.0,0.0,-10.05128165337856,0.09594122541028065,0.4708333333333333
113,24563.25522,3.7244592,2,14,2,2,1,1,5,2,-28.125,n/a,n/a,9009899.0,9013625.0,0.0,0.0,0.0,9011591.0,9010632.0,9012625.0,9010632.0,9011825.0,9012632.0,9013625.0,3726.0,733.0,1193.0,993.0,1993.0,-9012632.0,0.0,0.0,0.0,0.0,1.0,0.0,0.0,0.0,0.0,0.0,0.0,0.0,0.0,0.0,0.0,0.0,0.0,0.0,0.0,0.0,0.0,0.0,0.0,0.0,0.0,0.0,0.0,0.0,0.0,0.0,0.0,0.0,0.0,0.0,0.0,0.0
114,24566.98814,3.5077124,2,15,2,1,2,1,5,1,-28.125,n/a,n/a,9013632.0,9017141.0,0.0,0.0,0.0,9014775.0,9014148.0,9016141.0,9014148.0,9015341.0,9016148.0,9017141.0,3509.0,516.0,1193.0,993.0,1993.0,-9016148.0,0.0,0.0,0.0,0.0,0.0,1.0,0.0,-0.4430761138333289,-7.895754809795523,0.5815373994062447,0.05192298208984342,9014753.0,9014802.0,49.0,276.3510690049617,7.47147315971075,7.534539778378387,3.0706482850090446,-588.0,-3.0634113199834063,0.0,0.0,0.0,0.0,0.0,0.0,0.0,0.0,0.0,0.0,0.0,0.0,0.0,0.0,0.0,0.0
115,24570.50419,3.507809,2,16,2,1,2,1,5,2,-28.125,n/a,n/a,9017148.0,9020657.0,0.0,0.0,0.0,9019041.0,9017664.0,9019657.0,9017664.0,9018858.0,9019664.0,9020657.0,3509.0,516.0,1194.0,993.0,1993.0,-9019664.0,0.0,0.0,0.0,1.0,0.0,0.0,0.0,-0.05192298208984342,-8.276523345121042,-0.19384579980208289,1.2149977809023367,9019022.0,9019089.0,67.0,300.42573866455706,8.344392809933206,8.343809072240443,-2.971942881291269,164.0,-2.972351787859826,0.0,0.0,0.0,0.0,0.0,0.0,0.0,0.0,0.0,0.0,0.0,0.0,0.0,-10.343192603379595,0.6420682008226525,0.6791666666666667
116,24574.02036,3.6827507,2,17,2,2,1,2,5,1,-28.125,n/a,n/a,9020664.0,9024348.0,0.0,0.0,0.0,9022724.0,9021357.0,9023349.0,9021357.0,9022547.0,9023355.0,9024348.0,3684.0,693.0,1190.0,993.0,1992.0,-9023355.0,0.0,0.0,0.0,1.0,0.0,0.0,0.0,-0.1903842676627592,10.526519235680919,0.03807685353255263,-0.747690942093746,9022707.0,9022784.0,77.0,329.440661440645,10.745671301906802,10.84974551951722,0.07318944828782854,160.0,0.07312593390123712,1.0,10.339596500157487,10.349981096575455,-0.6265373172174447,-0.6611526386106736,9023187.0,9023215.0,28.0,29.69887885633934,0.036139456524975425,0.11936013341820362,1.2793395323170713,-2.0863453342538874,10.335303118244434,-0.6273080122979946,0.675
117,24577.7116,3.7410053,2,18,2,2,2,2,2,2,-28.125,n/a,n/a,9024355.0,9028097.0,0.0,0.0,0.0,9025938.0,9025105.0,9027098.0,9025105.0,9025698.0,9027105.0,9028097.0,3742.0,750.0,593.0,992.0,1993.0,-9027105.0,0.0,0.0,0.0,1.0,0.0,0.0,0.0,1.561150994834626,8.629599623331973,-0.2007688640807263,1.6269201054817604,9026136.0,9026234.0,98.0,182.20600466877718,7.300918639675861,7.372405248731787,-0.25302816728065924,438.0,-0.25488609433319254,1.0,8.819983890994733,2.412687901108059,0.9103829526419196,0.1626920105481776,9027988.0,9028024.0,36.0,349.7294452498226,6.450773879691249,6.436404172554069,3.025424377098894,3.0007603993133554,9.964497316891764,0.06642084836096473,0.5166666666666667
118,24581.46094,3.7078714,2,19,2,2,2,2,2,2,-28.125,n/a,n/a,9028104.0,9031814.0,0.0,0.0,0.0,9029621.0,9028821.0,9030814.0,9028821.0,9029415.0,9030821.0,9031814.0,3710.0,717.0,594.0,993.0,1993.0,-9030821.0,0.0,0.0,0.0,1.0,0.0,0.0,0.0,-0.13153822129426843,10.921133899563731,0.1349997534335921,-0.33576861751432235,9029599.0,9029660.0,61.0,360.787125549884,11.062693337080109,11.078370113763128,0.042567443361773025,184.0,0.04626037238458986,1.0,11.132287360062426,11.101133570808523,-0.10038443204036315,-0.14192281771223947,9029880.0,9029901.0,21.0,33.29195007084763,0.05192298208984184,0.16224951105994134,2.2142974355880902,-0.5880026035475608,10.209071356081822,-0.3911449959034555,0.3875
119,24585.17715,3.999326,2,20,2,1,1,1,3,2,-28.125,n/a,n/a,9031821.0,9035822.0,0.0,0.0,0.0,9033970.0,9032830.0,9034822.0,9032830.0,9033620.0,9034829.0,9035822.0,4001.0,1009.0,790.0,993.0,1992.0,-9034829.0,0.0,1.0,0.0,0.0,0.0,0.0,0.0,0.0,0.0,0.0,0.0,0.0,0.0,0.0,0.0,0.0,0.0,0.0,0.0,0.0,0.0,0.0,0.0,0.0,0.0,0.0,0.0,0.0,0.0,0.0,0.0,0.0,0.0,0.0,0.0,0.0
120,24589.18483,3.6494745,2,21,2,2,2,2,3,2,-28.125,n/a,n/a,9035828.0,9039480.0,0.0,0.0,0.0,9038122.0,9036488.0,9038479.0,9036488.0,9037278.0,9038486.0,9039480.0,3652.0,660.0,790.0,994.0,1991.0,-9038486.0,0.0,0.0,0.0,0.0,0.0,0.0,1.0,-0.1211536248763013,9.463828868908797,-0.03461532139322895,1.0938441560260355,9038098.0,9038161.0,63.0,319.4048947746664,9.651181803196131,9.640729312379849,-0.11719255808159736,820.0,-0.12889758376939695,0.0,0.0,0.0,0.0,0.0,0.0,0.0,0.0,0.0,0.0,0.0,0.0,0.0,0.0,0.0,0.0
121,24592.84263,3.7494939,2,22,2,1,1,1,1,2,-28.125,n/a,n/a,9039486.0,9043237.0,0.0,0.0,0.0,9040986.0,9040247.0,9042237.0,9040247.0,9040636.0,9042244.0,9043237.0,3751.0,761.0,389.0,993.0,1990.0,-9042244.0,0.0,0.0,0.0,1.0,0.0,0.0,0.0,-0.08307677134374868,-10.592288346328056,-0.03807685353255263,-0.11423056059765394,9040968.0,9041038.0,70.0,332.0435598915366,10.509487490590772,10.500253493975817,3.1343464036098965,332.0,3.125108818672416,0.0,0.0,0.0,0.0,0.0,0.0,0.0,0.0,0.0,0.0,0.0,0.0,0.0,-10.2564082668928,0.47970612705140714,0.3625
122,24596.60043,3.6911176,2,23,2,2,2,2,1,2,-28.125,n/a,n/a,9043244.0,9046936.0,0.0,0.0,0.0,9044660.0,9043944.0,9045937.0,9043944.0,9044336.0,9045944.0,9046936.0,3692.0,700.0,392.0,992.0,1993.0,-9045944.0,0.0,0.0,0.0,1.0,0.0,0.0,0.0,-0.40153772816145655,11.672286373796801,0.2284611211953118,-0.4119223245794236,9044640.0,9044695.0,55.0,367.5011401591129,12.090794820964025,12.10787733190152,0.052989339332091406,304.0,0.0577821131889816,1.0,11.592671134592376,11.48882517041269,-0.4257684531367144,-0.3703839389075513,9044738.0,9044757.0,19.0,33.935571488244975,0.11769209273697694,0.1641583945044261,-2.6516353273360886,2.4009407216469536,10.28007672229829,-0.523986692625381,0.35
123,24600.29989,3.5078286,2,24,2,1,1,2,5,2,-28.125,n/a,n/a,9046943.0,9050453.0,0.0,0.0,0.0,9048087.0,9047460.0,9049453.0,9047460.0,9048653.0,9049460.0,9050453.0,3510.0,517.0,1193.0,993.0,1993.0,-9049460.0,0.0,0.0,0.0,0.0,0.0,1.0,0.0,-0.3599993424895802,-6.383065264911417,0.22153805691666445,0.373845471046871,9048058.0,9048118.0,60.0,228.58419388126302,6.02499134059446,6.0698664386351915,-3.1163106852042,-595.0,-3.0999500744912045,0.0,0.0,0.0,0.0,0.0,0.0,0.0,0.0,0.0,0.0,0.0,0.0,0.0,0.0,0.0,0.0
124,24603.81624,3.5076215,2,25,2,1,1,1,4,2,-28.125,n/a,n/a,9050460.0,9053969.0,0.0,0.0,0.0,9052369.0,9050976.0,9052969.0,9050976.0,9051969.0,9052976.0,9053969.0,3509.0,516.0,993.0,993.0,1993.0,-9052976.0,0.0,0.0,0.0,1.0,0.0,0.0,0.0,-0.6473065100533828,-10.23921206811712,-0.07615370706510526,-0.19384579980208289,9052342.0,9052411.0,69.0,305.2184685650788,9.592627568268604,9.623483935957813,3.1293233306359958,373.0,3.1131728156054,0.0,0.0,0.0,0.0,0.0,0.0,0.0,0.0,0.0,0.0,0.0,0.0,0.0,-9.64891791148524,-0.6568283893473105,0.6833333333333333
125,24607.33219,3.7827944,2,26,2,1,1,1,4,1,-28.125,n/a,n/a,9053976.0,9057760.0,0.0,0.0,0.0,9055969.0,9054768.0,9056760.0,9054768.0,9055759.0,9056767.0,9057760.0,3784.0,792.0,991.0,993.0,1992.0,-9056767.0,0.0,0.0,0.0,1.0,0.0,0.0,0.0,-0.31846095681770786,-8.07229294890099,-0.33576861751432235,-0.4049992603007802,9055952.0,9055994.0,42.0,275.3665194937728,7.754141051293486,7.761296191383115,3.1326643194099564,193.0,-3.109475187486158,0.0,0.0,0.0,0.0,0.0,0.0,0.0,0.0,0.0,0.0,0.0,0.0,0.0,-9.822486584458826,-0.33210424180481973,0.5916666666666667
126,24611.12331,3.7078026,2,27,2,1,2,2,5,1,-28.125,n/a,n/a,9057767.0,9061476.0,0.0,0.0,0.0,9059876.0,9058483.0,9060477.0,9058483.0,9059676.0,9060483.0,9061476.0,3709.0,716.0,1193.0,993.0,1994.0,-9060483.0,0.0,0.0,0.0,1.0,0.0,0.0,0.0,0.0692306427864579,-10.682288181950453,0.1384612855729158,0.9623059347317631,9059851.0,9059919.0,68.0,331.2607685689289,10.783036541003643,10.822874236576151,-3.065116212380357,175.0,-3.063152707153159,0.0,0.0,0.0,0.0,0.0,0.0,0.0,0.0,0.0,0.0,0.0,0.0,0.0,-10.351082088514758,0.6568283893473105,0.6833333333333333
127,24614.83945,3.7577981,2,28,2,1,1,2,2,2,-28.125,n/a,n/a,9061483.0,9065242.0,0.0,0.0,0.0,9063076.0,9062249.0,9064242.0,9062249.0,9062843.0,9064249.0,9065243.0,3759.0,766.0,594.0,994.0,1993.0,-9064249.0,0.0,0.0,0.0,1.0,0.0,0.0,0.0,-0.2526918461705697,-7.397294181733026,-0.020769192835938154,0.10384596417968683,9063054.0,9063109.0,55.0,231.72595719525378,7.1456890130121495,7.221962333940213,-3.124152561514091,211.0,3.1056369332691935,0.0,0.0,0.0,0.0,0.0,0.0,0.0,0.0,0.0,0.0,0.0,0.0,0.0,-10.177513415541167,0.33210424180481973,0.4041666666666667
128,24618.60558,3.732792,2,29,2,1,2,2,5,2,-28.125,n/a,n/a,9065249.0,9068984.0,0.0,0.0,0.0,9067375.0,9065992.0,9067983.0,9065992.0,9067182.0,9067990.0,9068984.0,3735.0,743.0,1190.0,994.0,1991.0,-9067990.0,0.0,0.0,0.0,0.0,1.0,0.0,0.0,0.0,0.0,0.0,0.0,0.0,0.0,0.0,0.0,0.0,0.0,0.0,0.0,0.0,0.0,0.0,0.0,0.0,0.0,0.0,0.0,0.0,0.0,0.0,0.0,0.0,0.0,0.0,0.0,0.0
129,24622.34682,3.7576815,2,30,2,2,2,2,3,1,-28.125,n/a,n/a,9068990.0,9072750.0,0.0,0.0,0.0,9070750.0,9069757.0,9071749.0,9069757.0,9070550.0,9071756.0,9072750.0,3760.0,767.0,793.0,994.0,1992.0,-9071756.0,0.0,0.0,0.0,1.0,0.0,0.0,0.0,-0.49153756378385255,10.201135214584571,0.09692289990103947,0.2319226533346355,9070723.0,9070778.0,55.0,310.71201302724955,10.693524960399554,10.738242907642636,-0.012624774352194036,173.0,-0.02740365099394202,0.0,0.0,0.0,0.0,0.0,0.0,0.0,0.0,0.0,0.0,0.0,0.0,0.0,10.027613197973066,-0.05166065983630678,0.48333333333333334
130,24626.11284,3.5078237,2,31,2,1,2,1,1,1,-28.125,n/a,n/a,9072756.0,9076265.0,0.0,0.0,0.0,9073882.0,9073273.0,9075266.0,9073273.0,9073666.0,9075272.0,9076265.0,3509.0,517.0,393.0,993.0,1993.0,-9075272.0,0.0,0.0,0.0,1.0,0.0,0.0,0.0,-0.5503836101523394,-6.061142775954389,-0.062307578507810525,0.062307578507810525,9073864.0,9073915.0,51.0,188.93909999283198,5.512167951072366,5.511477734765158,-3.1189834414834596,198.0,3.102643160068525,1.0,-8.04806222392573,-8.141523591687449,0.4880760316445289,0.4742299030872381,9075228.0,9075255.0,27.0,29.309682920206722,0.09448144018756512,0.2145591542104731,2.9945142982014015,-2.830045826687108,-9.617359970944586,-0.7158691434459462,0.29583333333333334
131,24629.62897,3.8329269,2,32,2,2,2,1,1,2,-28.125,n/a,n/a,9076272.0,9080107.0,0.0,0.0,0.0,9077989.0,9077116.0,9079107.0,9077116.0,9077505.0,9079113.0,9080108.0,3835.0,844.0,389.0,995.0,1991.0,-9079113.0,0.0,0.0,0.0,1.0,0.0,0.0,0.0,1.1526902023945222,10.512673107123632,-0.13153822129426843,0.0692306427864579,9077974.0,9078028.0,54.0,275.90447554491624,9.362135873485572,9.479799341112859,-0.021446415453067413,469.0,0.03433067876223026,0.0,0.0,0.0,0.0,0.0,0.0,0.0,0.0,0.0,0.0,0.0,0.0,0.0,10.130176504730189,-0.24354311065686807,0.42916666666666664
132,24633.47024,3.699337,2,33,2,2,1,2,3,1,-28.125,n/a,n/a,9080114.0,9083814.0,0.0,0.0,0.0,9082123.0,9080823.0,9082815.0,9080823.0,9081613.0,9082821.0,9083815.0,3700.0,709.0,790.0,994.0,1992.0,-9082821.0,0.0,0.0,0.0,1.0,0.0,0.0,0.0,-0.6749987671679644,11.39882533479029,-0.2976917639817697,-0.5849989315455684,9082102.0,9082171.0,69.0,342.2392666566116,12.077241980417613,12.144726683864485,0.02379138166573297,489.0,0.02907649083001762,1.0,10.99382607448951,10.962672285235609,-0.872306099109371,-0.837690777716142,9083316.0,9083343.0,27.0,26.242026106880445,0.04657015202930984,0.14604220094817494,-2.303611428581328,0.5485494024504974,10.264297752027966,-0.4944663155760651,0.6375
133,24637.17791,3.7911171,2,34,2,2,2,2,1,2,-28.125,n/a,n/a,9083821.0,9087614.0,0.0,0.0,0.0,9085298.0,9084621.0,9086614.0,9084621.0,9085014.0,9086621.0,9087614.0,3793.0,800.0,393.0,993.0,1993.0,-9086621.0,0.0,0.0,0.0,1.0,0.0,0.0,0.0,-0.6161527207994736,11.007672203046804,0.03807685353255263,-0.4396145816940092,9085276.0,9085350.0,74.0,276.5196345036478,11.633636360464372,11.620526310457056,0.04107277859045428,262.0,3.098982800893145,1.0,10.398442546525978,10.844980192498626,-0.28730716756379865,0.031153789253905263,9085830.0,9085850.0,20.0,272.7840825677431,0.5484644476062619,1.2912071682489792,-0.6195158103991301,-1.9239191123437893,10.319524147974102,-0.5977876352486747,0.32916666666666666
134,24640.9775,3.832626,2,35,2,2,2,2,1,1,-28.125,n/a,n/a,9087621.0,9091455.0,0.0,0.0,0.0,9089114.0,9088463.0,9090455.0,9088463.0,9088854.0,9090462.0,9091455.0,3834.0,842.0,391.0,993.0,1992.0,-9090462.0,0.0,0.0,0.0,1.0,0.0,0.0,0.0,-0.6646141707499973,8.750753248208275,0.2526918461705697,-0.06576911064713421,9089081.0,9089150.0,69.0,300.6477887820193,9.42075161624582,9.474033873721877,0.0338106398679071,227.0,0.04641871667055423,0.0,0.0,0.0,0.0,0.0,0.0,0.0,0.0,0.0,0.0,0.0,0.0,0.0,10.358971573649923,-0.6715885778719685,0.30833333333333335
135,24644.81861,3.74945,2,36,2,2,1,2,4,1,-28.125,n/a,n/a,9091462.0,9095213.0,0.0,0.0,0.0,9093405.0,9092221.0,9094212.0,9092222.0,9093212.0,9094220.0,9095213.0,3751.0,760.0,990.0,993.0,1991.0,-9094220.0,0.0,0.0,0.0,1.0,0.0,0.0,0.0,-0.792690859904942,10.748057292597586,0.1211536248763013,-0.4603837745299434,9093380.0,9093441.0,61.0,303.47908103821914,11.555390675628354,11.56170233891439,0.050347337779879174,168.0,0.06021505971157941,0.0,0.0,0.0,0.0,0.0,0.0,0.0,0.0,0.0,0.0,0.0,0.0,0.0,10.153844960135679,-0.28782367623084587,0.5791666666666667
136,24648.57627,3.6911319,2,37,2,2,2,2,4,1,-28.125,n/a,n/a,9095219.0,9098912.0,0.0,0.0,0.0,9097096.0,9095919.0,9097913.0,9095920.0,9096912.0,9097919.0,9098912.0,3693.0,701.0,992.0,993.0,1994.0,-9097919.0,0.0,0.0,0.0,1.0,0.0,0.0,0.0,-0.5330759494557249,9.647290072292908,0.2423072497526026,0.6196142529387973,9097070.0,9097133.0,63.0,294.90253943447595,10.187355540640928,10.218876730194022,-0.03704526804455697,158.0,-0.037947875694000585,0.0,0.0,0.0,0.0,0.0,0.0,0.0,0.0,0.0,0.0,0.0,0.0,0.0,9.854044524999477,0.273063487706184,0.575
137,24652.27573,3.5079908,2,38,2,1,2,2,3,1,-28.125,n/a,n/a,9098919.0,9102428.0,0.0,0.0,0.0,9100402.0,9099436.0,9101429.0,9099436.0,9100228.0,9101435.0,9102428.0,3509.0,517.0,792.0,993.0,1993.0,-9101435.0,0.0,0.0,0.0,1.0,0.0,0.0,0.0,-0.7199986849791604,-10.086904653986913,0.9207675490598907,0.9449982740351486,9100386.0,9100456.0,70.0,301.16047993033493,9.36693730950869,9.383792260743691,-3.139005815309693,158.0,3.1161368988072358,0.0,0.0,0.0,0.0,0.0,0.0,0.0,0.0,0.0,0.0,0.0,0.0,0.0,-9.956607831756603,-0.08118103688562268,0.475
138,24655.79187,3.7661289,2,39,2,2,1,2,2,2,-28.125,n/a,n/a,9102435.0,9106203.0,0.0,0.0,0.0,9104018.0,9103211.0,9105203.0,9103211.0,9103801.0,9105210.0,9106203.0,3768.0,776.0,590.0,993.0,1992.0,-9105210.0,0.0,0.0,0.0,1.0,0.0,0.0,0.0,-0.6611526386106736,9.848058936373635,0.31499942467838415,-0.12807668915494866,9103986.0,9104049.0,63.0,290.5791923230819,10.518547635982538,10.544584292408505,0.042135783793363274,185.0,0.04597481023647685,1.0,10.259981260953062,9.398059758261658,1.041921173936192,-0.4084607924401,9104700.0,9104738.0,38.0,282.38609289532656,1.6871622699643822,2.681159432196984,2.106993473551465,-2.1362382888654325,9.790928643918175,0.3911449959034555,0.3875
139,24659.56633,3.7078135,2,40,2,1,1,1,2,1,-28.125,n/a,n/a,9106209.0,9109919.0,0.0,0.0,0.0,9107576.0,9106926.0,9108919.0,9106926.0,9107519.0,9108926.0,9109919.0,3710.0,717.0,593.0,993.0,1993.0,-9108926.0,0.0,0.0,0.0,0.0,1.0,0.0,0.0,0.0,0.0,0.0,0.0,0.0,0.0,0.0,0.0,0.0,0.0,0.0,0.0,0.0,0.0,0.0,0.0,0.0,0.0,0.0,0.0,0.0,0.0,0.0,0.0,0.0,0.0,0.0,0.0,0.0
140,24663.28247,3.7077629,2,41,2,2,2,2,4,2,-28.125,n/a,n/a,9109926.0,9113635.0,0.0,0.0,0.0,9111819.0,9110642.0,9112635.0,9110642.0,9111635.0,9112642.0,9113635.0,3709.0,716.0,993.0,993.0,1993.0,-9112642.0,0.0,0.0,0.0,1.0,0.0,0.0,0.0,-0.6923064278645789,10.869210917473888,-0.10038443204036315,0.31846095681770786,9111798.0,9111856.0,58.0,304.20043001004535,11.569101727719827,11.5716694793661,-0.03621170861268577,163.0,-0.04189164509592891,1.0,10.401904078665298,10.36728875727207,0.6369219136354117,0.623075785078121,9112844.0,9112865.0,21.0,23.759103085072113,0.037281842110893026,0.0882520996266753,2.7610862764774478,0.8408966686432123,9.84615503986432,0.28782367623084587,0.5791666666666667
141,24666.99873,3.7743371,2,42,2,1,1,2,5,2,-28.125,n/a,n/a,9113642.0,9117417.0,0.0,0.0,0.0,9114885.0,9114425.0,9116418.0,9114425.0,9115618.0,9116425.0,9117417.0,3775.0,783.0,1193.0,992.0,1993.0,-9116425.0,0.0,0.0,0.0,1.0,0.0,0.0,0.0,-0.4742299030872381,-11.952670477081952,-0.1626920105481776,1.450381966376292,9116162.0,9116215.0,53.0,323.2292841562615,11.591229687386882,11.580944159741284,-3.0019761930552296,544.0,-2.9976243334013337,0.0,0.0,0.0,0.0,0.0,0.0,0.0,0.0,0.0,0.0,0.0,0.0,0.0,-9.30178056553806,-1.306276684432292,0.8666666666666667
142,24670.7814,3.6661489,2,43,2,1,1,2,3,1,-28.125,n/a,n/a,9117424.0,9121092.0,0.0,0.0,0.0,9119167.0,9118101.0,9120092.0,9118101.0,9118891.0,9120099.0,9121092.0,3668.0,677.0,790.0,993.0,1991.0,-9120099.0,0.0,0.0,0.0,1.0,0.0,0.0,0.0,-0.9311521454778579,-8.349215520046823,0.044999917811196055,0.2596149104492171,9119143.0,9119199.0,56.0,243.03828850394038,7.421167281781655,7.589788711467935,-3.112669317079504,252.0,3.1032727629544925,0.0,0.0,0.0,0.0,0.0,0.0,0.0,0.0,0.0,0.0,0.0,0.0,0.0,-9.956607831756603,-0.08118103688562268,0.5208333333333334
143,24674.45588,3.7494358,2,44,2,2,1,1,5,2,-28.125,n/a,n/a,9121099.0,9124850.0,0.0,0.0,0.0,9123225.0,9121858.0,9123850.0,9121858.0,9123049.0,9123857.0,9124850.0,3751.0,759.0,1191.0,993.0,1992.0,-9123857.0,0.0,0.0,0.0,1.0,0.0,0.0,0.0,-0.31499942467838415,9.238829279852808,-0.22499958905598813,-0.5573066744309868,9123205.0,9123271.0,66.0,283.0030401860841,9.559606211268045,9.57898512882183,0.03476859185608243,156.0,0.04048419713988055,0.0,0.0,0.0,0.0,0.0,0.0,0.0,0.0,0.0,0.0,0.0,0.0,0.0,10.335303118244434,-0.6273080122979946,0.675
144,24678.21364,3.7494401,2,45,2,2,2,2,3,1,-28.125,n/a,n/a,9124857.0,9128608.0,0.0,0.0,0.0,9126673.0,9125617.0,9127608.0,9125617.0,9126406.0,9127615.0,9128608.0,3751.0,760.0,789.0,993.0,1991.0,-9127615.0,0.0,0.0,0.0,0.0,1.0,0.0,0.0,0.0,0.0,0.0,0.0,0.0,0.0,0.0,0.0,0.0,0.0,0.0,0.0,0.0,0.0,0.0,0.0,0.0,0.0,0.0,0.0,0.0,0.0,0.0,0.0,0.0,0.0,0.0,0.0,0.0
145,24681.97157,3.7161716,2,46,2,2,2,1,1,2,-28.125,n/a,n/a,9128615.0,9132332.0,0.0,0.0,0.0,9130214.0,9129341.0,9131333.0,9129341.0,9129731.0,9131339.0,9132333.0,3717.0,726.0,390.0,994.0,1992.0,-9131339.0,0.0,0.0,0.0,1.0,0.0,0.0,0.0,-0.4949990959231723,10.48498085000905,-0.07615370706510526,0.0034615321393236813,9130192.0,9130250.0,58.0,309.54003718073517,10.980268585029572,11.098391638286785,-0.007250818703784222,461.0,0.027450201505486316,0.0,0.0,0.0,0.0,0.0,0.0,0.0,0.0,0.0,0.0,0.0,0.0,0.0,10.138065989865355,-0.258303299181526,0.425
146,24685.69608,3.5076636,2,47,2,1,1,2,3,1,-28.125,n/a,n/a,9132339.0,9135849.0,0.0,0.0,0.0,9133839.0,9132855.0,9134848.0,9132855.0,9133649.0,9134855.0,9135849.0,3510.0,516.0,794.0,994.0,1993.0,-9134855.0,0.0,0.0,0.0,1.0,0.0,0.0,0.0,-0.28038410328515523,-9.359982904729106,-0.21461499263802103,0.03461532139322895,9133824.0,9133881.0,57.0,301.220154183156,9.08301877927237,9.089786328301926,-3.114150059312647,175.0,3.1031207917061914,0.0,0.0,0.0,0.0,0.0,0.0,0.0,0.0,0.0,0.0,0.0,0.0,0.0,-10.027613197973071,0.05166065983630678,0.48333333333333334
147,24689.21205,3.7413122,2,48,2,2,1,2,4,1,-28.125,n/a,n/a,9135855.0,9139598.0,0.0,0.0,0.0,9137788.0,9136605.0,9138598.0,9136605.0,9137598.0,9138605.0,9139598.0,3743.0,750.0,993.0,993.0,1993.0,-9138605.0,0.0,0.0,0.0,1.0,0.0,0.0,0.0,-0.5261528851770815,10.533442299959566,-0.11769209273697762,-0.3080763603997368,9137770.0,9137822.0,52.0,334.64759673175536,11.061233738985502,11.063148778917904,0.017212697386104224,172.0,0.025346683251802404,1.0,10.034981671897073,10.17344295746999,-0.5469220780130157,-0.15230741413020657,9138142.0,9138163.0,21.0,67.45795055757286,0.41820122017259465,0.5776715349842831,-1.2333402575671144,1.0776666460087432,10.161734445270843,-0.3025838647555038,0.5833333333333334
148,24692.96152,3.6578197,2,49,2,1,1,2,2,1,-28.125,n/a,n/a,9139604.0,9143264.0,0.0,0.0,0.0,9141081.0,9140271.0,9142263.0,9140271.0,9140864.0,9142271.0,9143264.0,3660.0,667.0,593.0,993.0,1992.0,-9142271.0,0.0,0.0,0.0,1.0,0.0,0.0,0.0,-0.3773070031861947,-9.076137269304631,0.09692289990103947,0.6126911886601539,9141063.0,9141104.0,41.0,323.97446485397603,8.714107236339684,8.703727788777405,-3.0823703041992623,199.0,-3.0894694581671702,1.0,-9.089983397861921,-9.321906051196553,0.5815373994062447,0.6819218314466118,9141106.0,9141132.0,26.0,36.364397835568774,0.25271555418264774,0.33390779447822555,-2.733103760517151,-2.803450124885149,-10.193292385811494,0.36162461885413566,0.3958333333333333
149,24696.62781,3.7493018,2,50,2,2,1,2,1,1,-28.125,n/a,n/a,9143271.0,9147021.0,0.0,0.0,0.0,9144613.0,9144031.0,9146022.0,9144031.0,9144420.0,9146028.0,9147021.0,3750.0,760.0,389.0,993.0,1991.0,-9146028.0,0.0,0.0,0.0,1.0,0.0,0.0,0.0,-0.33923014965364207,10.266904325231701,-0.0692306427864579,-0.24576878189192627,9144594.0,9144700.0,106.0,312.01829049988004,10.6076036037321,12.346761096383032,0.016643371697804266,174.0,0.14772546487529856,0.0,0.0,0.0,0.0,0.0,0.0,0.0,0.0,0.0,0.0,0.0,0.0,0.0,9.593691515539096,0.7601497090199201,0.2833333333333333
150,24700.38545,3.9994371,2,51,2,1,1,2,3,2,-28.125,n/a,n/a,9147028.0,9151029.0,0.0,0.0,0.0,9148761.0,9148038.0,9150030.0,9148038.0,9148829.0,9150036.0,9151029.0,4001.0,1010.0,791.0,993.0,1992.0,-9150036.0,0.0,1.0,0.0,0.0,0.0,0.0,0.0,0.0,0.0,0.0,0.0,0.0,0.0,0.0,0.0,0.0,0.0,0.0,0.0,0.0,0.0,0.0,0.0,0.0,0.0,0.0,0.0,0.0,0.0,0.0,0.0,0.0,0.0,0.0,0.0,0.0
151,24704.39322,3.6994524,2,52,2,2,2,2,1,2,-28.125,n/a,n/a,9151036.0,9154737.0,0.0,0.0,0.0,9152446.0,9151746.0,9153737.0,9151746.0,9152136.0,9153744.0,9154738.0,3701.0,710.0,390.0,994.0,1991.0,-9153744.0,0.0,0.0,0.0,0.0,1.0,0.0,0.0,0.0,0.0,0.0,0.0,0.0,0.0,0.0,0.0,0.0,0.0,0.0,0.0,0.0,0.0,0.0,0.0,0.0,0.0,0.0,0.0,0.0,0.0,0.0,0.0,0.0,0.0,0.0,0.0,0.0
152,24708.10101,3.8161094,2,53,2,1,2,2,5,2,-28.125,n/a,n/a,9154744.0,9158562.0,0.0,0.0,0.0,9156044.0,9155570.0,9157562.0,9155570.0,9156761.0,9157568.0,9158562.0,3818.0,826.0,1191.0,994.0,1992.0,-9157568.0,0.0,0.0,0.0,0.0,0.0,1.0,0.0,0.1869227355234355,-9.42229048323692,0.22153805691666445,-0.16961507482682103,9156027.0,9156100.0,73.0,328.3983876748533,9.61717107345354,9.692470482599349,3.1009090624646025,-734.0,3.075832205702364,0.0,0.0,0.0,0.0,0.0,0.0,0.0,0.0,0.0,0.0,0.0,0.0,0.0,0.0,0.0,0.0
153,24711.92545,3.4994996,2,54,2,2,1,1,3,2,-28.125,n/a,n/a,9158568.0,9162069.0,0.0,0.0,0.0,9160085.0,9159078.0,9161069.0,9159078.0,9159868.0,9161076.0,9162069.0,3501.0,510.0,790.0,993.0,1991.0,-9161076.0,0.0,0.0,0.0,1.0,0.0,0.0,0.0,-0.6334603814960881,9.11075259069786,-0.0034615321393236813,-0.8099985206015565,9160059.0,9160174.0,115.0,460.77111810617896,9.777534881616662,12.334951093383633,0.08258262200328789,191.0,-0.3318673551320426,1.0,-0.6334603814960881,9.11075259069786,-0.0034615321393236813,-0.8099985206015565,9160059.0,9160174.0,115.0,460.77111810617896,9.777534881616662,12.334951093383633,0.08258262200328789,-0.3318673551320426,9.988165772297254,0.02214028278698693,0.49166666666666664
154,24715.43329,3.5078153,2,55,2,1,1,2,2,1,-28.125,n/a,n/a,9162076.0,9165585.0,0.0,0.0,0.0,9163919.0,9162593.0,9164586.0,9162593.0,9163185.0,9164592.0,9165585.0,3509.0,517.0,592.0,993.0,1993.0,-9164592.0,0.0,0.0,0.0,1.0,0.0,0.0,0.0,-0.5019221602018197,-9.169598637066347,-0.024230724975261835,-0.33923014965364207,9163894.0,9163951.0,57.0,273.8721216784072,8.673398419601071,8.74364449802891,3.1052667871501085,709.0,3.0790009784797383,0.0,0.0,0.0,0.0,0.0,0.0,0.0,0.0,0.0,0.0,0.0,0.0,0.0,-9.712033792566546,-0.5387468811500429,0.65
155,24718.94945,3.8411137,2,56,2,1,1,2,3,2,-28.125,n/a,n/a,9165592.0,9169435.0,0.0,0.0,0.0,9166886.0,9166442.0,9168435.0,9166442.0,9167235.0,9168442.0,9169436.0,3843.0,850.0,793.0,994.0,1993.0,-9168442.0,0.0,0.0,0.0,0.0,1.0,0.0,0.0,0.0,0.0,0.0,0.0,0.0,0.0,0.0,0.0,0.0,0.0,0.0,0.0,0.0,0.0,0.0,0.0,0.0,0.0,0.0,0.0,0.0,0.0,0.0,0.0,0.0,0.0,0.0,0.0,0.0
156,24722.7989,3.6744673,2,57,2,2,1,2,1,1,-28.125,n/a,n/a,9169442.0,9173118.0,0.0,0.0,0.0,9170775.0,9170125.0,9172118.0,9170125.0,9170518.0,9172125.0,9173118.0,3676.0,683.0,393.0,993.0,1993.0,-9172125.0,0.0,0.0,0.0,0.0,1.0,0.0,0.0,0.0,0.0,0.0,0.0,0.0,0.0,0.0,0.0,0.0,0.0,0.0,0.0,0.0,0.0,0.0,0.0,0.0,0.0,0.0,0.0,0.0,0.0,0.0,0.0,0.0,0.0,0.0,0.0,0.0
157,24726.4817,3.5078411,2,58,2,1,1,2,3,2,-28.125,n/a,n/a,9173124.0,9176634.0,0.0,0.0,0.0,9174634.0,9173641.0,9175634.0,9173641.0,9174434.0,9175641.0,9176634.0,3510.0,517.0,793.0,993.0,1993.0,-9175641.0,0.0,0.0,0.0,1.0,0.0,0.0,0.0,-0.48115296736588153,-9.408444354679625,0.010384596417967108,-0.02769225711458158,9174617.0,9174688.0,71.0,325.1271689606253,8.927372590005477,9.000998665860793,3.1373274603767713,183.0,3.110052519868252,0.0,0.0,0.0,0.0,0.0,0.0,0.0,0.0,0.0,0.0,0.0,0.0,0.0,-10.019723712837905,0.03690047131164489,0.4875
158,24729.99786,3.8577809,2,59,2,2,2,1,3,2,-28.125,n/a,n/a,9176641.0,9180500.0,0.0,0.0,0.0,9179057.0,9177507.0,9179501.0,9177507.0,9178300.0,9179507.0,9180500.0,3859.0,866.0,793.0,993.0,1994.0,-9179507.0,0.0,0.0,0.0,1.0,0.0,0.0,0.0,-0.5226913530377578,9.654213136571556,-0.39807619602213284,1.176920927369784,9179036.0,9179088.0,52.0,305.94061203915766,10.298058114485615,10.298199483651382,-0.15354378253955603,736.0,-0.15796489294847915,1.0,-33.26532385889301,9.401521290400979,18.726888873736858,1.2426900380169184,9179494.0,9179553.0,59.0,18959.465578442407,46.1102687470028,56.87839673532722,0.3889124691883409,0.5994131243245439,9.49901769391714,0.9372719713158234,0.7625
159,24733.8641,3.7161611,2,60,2,1,1,2,2,2,-28.125,n/a,n/a,9180507.0,9184224.0,0.0,0.0,0.0,9182290.0,9181233.0,9183225.0,9181233.0,9181823.0,9183231.0,9184224.0,3717.0,726.0,590.0,993.0,1992.0,-9183231.0,0.0,0.0,0.0,1.0,0.0,0.0,0.0,-0.1349997534335921,-11.218825663545502,0.010384596417967108,0.0034615321393236813,9182271.0,9182342.0,71.0,324.66155504829,11.083828072217969,11.102340238290147,3.140968044052033,448.0,3.1125926761790668,0.0,0.0,0.0,0.0,0.0,0.0,0.0,0.0,0.0,0.0,0.0,0.0,0.0,-9.956607831756603,-0.08118103688562268,0.5208333333333334
160,24737.58845,3.9994302,2,61,2,2,2,1,2,2,-28.125,n/a,n/a,9184231.0,9188232.0,0.0,0.0,0.0,9185708.0,9185241.0,9187232.0,9185241.0,9185832.0,9187239.0,9188232.0,4001.0,1010.0,591.0,993.0,1991.0,-9187239.0,0.0,0.0,0.0,0.0,0.0,1.0,0.0,-0.5088452244804671,11.620363391706958,0.0553845142291671,-0.6299988493567683,9185690.0,9185737.0,47.0,355.96836859882234,12.148557610271093,12.11275616809133,0.056446821699232375,-142.0,0.05976270272451357,0.0,0.0,0.0,0.0,0.0,0.0,0.0,0.0,0.0,0.0,0.0,0.0,0.0,0.0,0.0,0.0
161,24741.59619,3.5079192,2,62,2,1,2,1,2,2,-28.125,n/a,n/a,9188239.0,9191749.0,0.0,0.0,0.0,9189549.0,9188755.0,9190748.0,9188755.0,9189349.0,9190755.0,9191749.0,3510.0,516.0,594.0,994.0,1993.0,-9190755.0,0.0,0.0,0.0,1.0,0.0,0.0,0.0,-0.44999917811197626,-8.88921453378119,0.1384612855729158,0.044999917811196055,9189535.0,9189582.0,47.0,288.5186980444959,8.439732865833312,8.481701724303177,3.1305184549638296,186.0,3.1093457711545396,0.0,0.0,0.0,0.0,0.0,0.0,0.0,0.0,0.0,0.0,0.0,0.0,0.0,-9.798818129053336,-0.37638480737879754,0.39166666666666666
162,24745.11255,3.7742782,2,63,2,2,2,2,2,1,-28.125,n/a,n/a,9191755.0,9195531.0,0.0,0.0,0.0,9193188.0,9192538.0,9194531.0,9192538.0,9193131.0,9194538.0,9195531.0,3776.0,783.0,593.0,993.0,1993.0,-9194538.0,0.0,1.0,0.0,0.0,0.0,0.0,0.0,0.0,0.0,0.0,0.0,0.0,0.0,0.0,0.0,0.0,0.0,0.0,0.0,0.0,0.0,0.0,0.0,0.0,0.0,0.0,0.0,0.0,0.0,0.0,0.0,0.0,0.0,0.0,0.0,0.0
163,24748.90345,3.7744926,2,64,2,2,2,2,1,2,-28.125,n/a,n/a,9195548.0,9199322.0,0.0,0.0,0.0,9196947.0,9196331.0,9198322.0,9196331.0,9196721.0,9198329.0,9199322.0,3774.0,783.0,390.0,993.0,1991.0,-9198329.0,0.0,0.0,0.0,1.0,0.0,0.0,0.0,-0.21807652477734077,11.246517920660088,0.2319226533346355,-0.1211536248763013,9196917.0,9196975.0,58.0,400.1102930234217,11.470030019864378,11.505285120230429,0.030787370365166183,196.0,0.032499089239490166,1.0,11.284594774192636,11.094210506529876,-0.06576911064713421,-0.05192298208984342,9196988.0,9197012.0,24.0,26.576011783195828,0.19088709922231561,0.2540396716891525,-3.0689931998593027,-2.7939857938338957,10.390529514190577,-0.7306293319706042,0.2916666666666667
164,24752.68622,3.5078359,2,65,2,1,1,2,2,1,-28.125,n/a,n/a,9199329.0,9202838.0,0.0,0.0,0.0,9200505.0,9199845.0,9201839.0,9199845.0,9200438.0,9201845.0,9202838.0,3509.0,516.0,593.0,993.0,1994.0,-9201845.0,0.0,0.0,0.0,1.0,0.0,0.0,0.0,-0.26653797472786445,-10.436519400058527,0.044999917811196055,0.5019221602018197,9200484.0,9200555.0,71.0,403.10710534828155,10.180240671377174,10.478607248097038,-3.096694324712881,46.0,-3.0777932266960972,1.0,-10.412288675083264,-10.04536626831504,-0.3253840210963513,0.15576894626953025,9201143.0,9201172.0,29.0,170.53877460629283,0.6050952244015637,1.1335923202728653,-0.9192862359300964,-1.2152422287047993,-10.335303118244434,0.6273080122979946,0.32083333333333336
165,24756.20247,3.9993601,2,66,2,1,2,1,5,2,-28.125,n/a,n/a,9202845.0,9206846.0,0.0,0.0,0.0,9204555.0,9203855.0,9205846.0,9203855.0,9205046.0,9205853.0,9206847.0,4001.0,1010.0,1191.0,994.0,1991.0,-9205853.0,0.0,1.0,0.0,0.0,0.0,0.0,0.0,0.0,0.0,0.0,0.0,0.0,0.0,0.0,0.0,0.0,0.0,0.0,0.0,0.0,0.0,0.0,0.0,0.0,0.0,0.0,0.0,0.0,0.0,0.0,0.0,0.0,0.0,0.0,0.0,0.0
166,24760.21027,3.7243529,2,67,2,2,2,1,5,2,-28.125,n/a,n/a,9206853.0,9210578.0,0.0,0.0,0.0,9208653.0,9207586.0,9209579.0,9207586.0,9208779.0,9209586.0,9210579.0,3725.0,733.0,1193.0,993.0,1993.0,-9209586.0,0.0,0.0,0.0,0.0,0.0,1.0,0.0,-0.4223069209973947,9.893058854184831,-0.017307660696614473,-0.294230231842446,9208622.0,9208684.0,62.0,329.2572381070298,10.319082187201088,10.37306599922007,0.02683919125921539,-157.0,0.03337658231509934,0.0,0.0,0.0,0.0,0.0,0.0,0.0,0.0,0.0,0.0,0.0,0.0,0.0,0.0,0.0,0.0
167,24763.94295,3.8161213,2,68,2,1,2,2,4,2,-28.125,n/a,n/a,9210585.0,9214404.0,0.0,0.0,0.0,9212611.0,9211412.0,9213403.0,9211412.0,9212402.0,9213410.0,9214404.0,3819.0,827.0,990.0,994.0,1991.0,-9213410.0,0.0,0.0,0.0,1.0,0.0,0.0,0.0,-0.26653797472786445,-9.23536774771348,0.1903842676627592,0.7857677956262986,9212595.0,9212636.0,41.0,319.83133361838225,8.98856991084586,8.933771858062322,-3.0753062737550727,193.0,-3.074122404953376,0.0,0.0,0.0,0.0,0.0,0.0,0.0,0.0,0.0,0.0,0.0,0.0,0.0,-10.17751341554117,0.33210424180481973,0.5916666666666667
168,24767.76739,3.999449,2,69,2,1,1,1,5,1,-28.125,n/a,n/a,9214410.0,9218411.0,0.0,0.0,0.0,9216810.0,9215420.0,9217411.0,9215420.0,9216610.0,9217418.0,9218411.0,4001.0,1010.0,1190.0,993.0,1991.0,-9217418.0,0.0,0.0,0.0,1.0,0.0,0.0,0.0,-0.5503836101523394,-9.806520550701759,0.15923047840885393,-0.10730749631901051,9216789.0,9216855.0,66.0,338.1358631298083,9.259973733989508,9.300188656826274,3.112804797264393,179.0,3.0965411904738187,1.0,-8.068831416761668,1.0280750453789012,-0.02769225711458158,0.20423039622005,9218311.0,9218377.0,66.0,211.38426079935846,9.09986237797389,9.17116919400748,-0.02548915124642059,0.04304102575303485,-9.64891791148524,-0.6568283893473105,0.6833333333333333
169,24771.77516,3.5078449,2,70,2,1,1,1,5,2,-28.125,n/a,n/a,9218418.0,9221927.0,0.0,0.0,0.0,9220334.0,9218934.0,9220928.0,9218934.0,9220127.0,9220934.0,9221927.0,3509.0,516.0,1193.0,993.0,1994.0,-9220934.0,0.0,0.0,0.0,1.0,0.0,0.0,0.0,-0.44999917811197626,-9.218060087016866,0.2388457176132789,0.020769192835938154,9220307.0,9220376.0,69.0,299.4781050502473,8.7707724558858,8.81958719157715,3.116726086595936,180.0,3.103119894925902,0.0,0.0,0.0,0.0,0.0,0.0,0.0,0.0,0.0,0.0,0.0,0.0,0.0,-9.641028426350074,-0.6715885778719685,0.6875
170,24775.29135,3.7244596,2,71,2,2,1,1,1,2,-28.125,n/a,n/a,9221934.0,9225660.0,0.0,0.0,0.0,9223517.0,9222667.0,9224660.0,9222667.0,9223060.0,9224667.0,9225660.0,3726.0,733.0,393.0,993.0,1993.0,-9224667.0,0.0,0.0,0.0,1.0,0.0,0.0,0.0,-0.6646141707499973,9.477674997466083,0.017307660696614473,-0.14538434985156315,9223490.0,9223540.0,50.0,349.0611862245058,10.143593951948661,10.203249266941539,0.016039579998937795,430.0,0.020356875372758626,0.0,0.0,0.0,0.0,0.0,0.0,0.0,0.0,0.0,0.0,0.0,0.0,0.0,9.838265554729153,0.3025838647555038,0.4125
171,24779.02414,3.9994935,2,72,2,1,1,2,1,2,-28.125,n/a,n/a,9225667.0,9229667.0,0.0,0.0,0.0,9227266.0,9226677.0,9228668.0,9226677.0,9227066.0,9228675.0,9229668.0,4000.0,1010.0,389.0,993.0,1991.0,-9228675.0,0.0,1.0,0.0,0.0,0.0,0.0,0.0,0.0,0.0,0.0,0.0,0.0,0.0,0.0,0.0,0.0,0.0,0.0,0.0,0.0,0.0,0.0,0.0,0.0,0.0,0.0,0.0,0.0,0.0,0.0,0.0,0.0,0.0,0.0,0.0,0.0
172,24783.03201,3.5077562,2,73,2,2,1,1,3,1,-28.125,n/a,n/a,9229675.0,9233184.0,0.0,0.0,0.0,9231185.0,9230191.0,9232184.0,9230191.0,9230984.0,9232191.0,9233184.0,3509.0,516.0,793.0,993.0,1993.0,-9232191.0,0.0,0.0,0.0,1.0,0.0,0.0,0.0,-0.5503836101523394,9.709597650800719,0.33576861751432235,-0.01384612855729079,9231157.0,9231215.0,58.0,304.302715260974,10.265936194316552,10.41284563543832,0.034062393839483826,173.0,-0.037905986009832505,1.0,8.338830923628855,8.311138666514266,-0.10038443204036315,-0.12807668915494866,9232453.0,9232479.0,26.0,35.13545116306335,0.03916276558417245,0.13226495732916266,2.356194490192416,-0.7483780475235308,9.97238680202693,0.05166065983630678,0.48333333333333334
173,24786.54805,3.7578004,2,74,2,1,2,1,5,2,-28.125,n/a,n/a,9233190.0,9236950.0,0.0,0.0,0.0,9234700.0,9233957.0,9235950.0,9233957.0,9235150.0,9235957.0,9236950.0,3760.0,767.0,1193.0,993.0,1993.0,-9235957.0,0.0,0.0,0.0,0.0,0.0,1.0,0.0,-0.2561533783098934,-9.764982165029886,0.328845553235675,0.6992294921432263,9234678.0,9234743.0,65.0,291.7982396154329,9.51603957312891,9.52819968454634,-3.102660751580367,-472.0,-3.0837968305791583,0.0,0.0,0.0,0.0,0.0,0.0,0.0,0.0,0.0,0.0,0.0,0.0,0.0,0.0,0.0,0.0
174,24790.3143,3.6493335,2,75,2,2,2,1,4,1,-28.125,n/a,n/a,9236957.0,9240608.0,0.0,0.0,0.0,9238890.0,9237616.0,9239607.0,9237617.0,9238606.0,9239614.0,9240608.0,3651.0,660.0,989.0,994.0,1991.0,-9239614.0,0.0,0.0,0.0,1.0,0.0,0.0,0.0,-0.7303832813971315,8.414984630693953,-0.15923047840885393,0.3461532139322894,9238865.0,9238920.0,55.0,303.9946613782019,9.159321313502963,9.235101122854775,-0.05520501651153318,259.0,0.06075876943526229,0.0,0.0,0.0,0.0,0.0,0.0,0.0,0.0,0.0,0.0,0.0,0.0,0.0,9.75937070337752,0.45018575000208727,0.625
175,24793.9721,3.7576677,2,76,2,2,2,1,2,1,-28.125,n/a,n/a,9240615.0,9244374.0,0.0,0.0,0.0,9242231.0,9241381.0,9243374.0,9241381.0,9241974.0,9243381.0,9244374.0,3759.0,766.0,593.0,993.0,1993.0,-9243381.0,0.0,0.0,0.0,1.0,0.0,0.0,0.0,-0.7061525564218697,10.128443039658785,0.10730749631901051,-0.1349997534335921,9242204.0,9242263.0,59.0,328.34162553216595,10.837304763357585,10.893678678375508,0.0223604898219342,230.0,0.026058944040758765,1.0,10.059212396872327,9.92767417557806,-0.10384596417968683,-0.0692306427864579,9242273.0,9242298.0,25.0,44.69191162035866,0.13601663183749427,0.2892813820226523,-2.8842689386187015,-2.774418819771582,10.161734445270843,-0.3025838647555038,0.4125
176,24797.73811,3.6245942,2,77,2,1,2,2,1,2,-28.125,n/a,n/a,9244380.0,9248006.0,0.0,0.0,0.0,9245624.0,9245014.0,9247007.0,9245014.0,9245407.0,9247013.0,9248007.0,3626.0,634.0,393.0,994.0,1993.0,-9247013.0,0.0,0.0,0.0,0.0,1.0,0.0,0.0,0.0,0.0,0.0,0.0,0.0,0.0,0.0,0.0,0.0,0.0,0.0,0.0,0.0,0.0,0.0,0.0,0.0,0.0,0.0,0.0,0.0,0.0,0.0,0.0,0.0,0.0,0.0,0.0,0.0
177,24801.37092,3.5078072,2,78,2,1,1,1,5,1,-28.125,n/a,n/a,9248013.0,9251523.0,0.0,0.0,0.0,9249890.0,9248530.0,9250523.0,9248530.0,9249723.0,9250530.0,9251523.0,3510.0,517.0,1193.0,993.0,1993.0,-9250530.0,0.0,0.0,0.0,1.0,0.0,0.0,0.0,-0.5399990137343723,-10.073058525429623,-0.10730749631901051,-0.6473065100533828,9249872.0,9249937.0,65.0,335.9668140097011,9.548341352735426,9.654715163586896,3.0850082414350006,149.0,3.065150740859433,1.0,-9.668059265128843,-9.06575267288666,0.5226913530377578,-0.044999917811196055,9250904.0,9250928.0,24.0,132.01559306063743,0.8276754255482589,0.8592203334175675,0.7558209923922048,-0.799642214224952,-9.672586366890728,-0.6125478237733327,0.6708333333333333
178,24804.88709,3.6911063,2,79,2,2,1,1,1,1,-28.125,n/a,n/a,9251529.0,9255222.0,0.0,0.0,0.0,9252822.0,9252229.0,9254222.0,9252229.0,9252622.0,9254229.0,9255222.0,3693.0,700.0,393.0,993.0,1993.0,-9254229.0,0.0,0.0,0.0,1.0,0.0,0.0,0.0,-1.2530746344348893,9.560751768809835,0.0692306427864579,0.4084607924401,9252806.0,9252860.0,54.0,357.78701992152514,10.819145926271018,11.202853437112008,-0.03135975428193078,184.0,-0.045745977729538236,0.0,0.0,0.0,0.0,0.0,0.0,0.0,0.0,0.0,0.0,0.0,0.0,0.0,9.601581000674262,0.7453895204952621,0.2875
179,24808.58653,3.5078247,2,80,2,2,1,2,3,1,-28.125,n/a,n/a,9255229.0,9258738.0,0.0,0.0,0.0,9256489.0,9255745.0,9257739.0,9255745.0,9256538.0,9257745.0,9258738.0,3509.0,516.0,793.0,993.0,1994.0,-9257745.0,0.0,0.0,0.0,1.0,0.0,0.0,0.0,-0.758075538511713,9.882674257766864,-0.01384612855729079,-0.1349997534335921,9256458.0,9256513.0,55.0,284.8178196026406,10.641439490398996,10.622437691104416,0.011385324556957128,-80.0,-0.021509068319956415,1.0,9.785751357865824,9.77190522930853,-0.05884604636849078,-0.14192281771223947,9256520.0,9256539.0,19.0,36.10720765684387,0.0842227119779851,0.17421516763965822,1.7359450042095619,0.8557046275160737,9.73570224797203,0.4944663155760651,0.35833333333333334
180,24812.10265,3.5078588,2,81,2,1,1,2,1,2,-28.125,n/a,n/a,9258745.0,9262255.0,0.0,0.0,0.0,9259978.0,9259262.0,9261254.0,9259262.0,9259655.0,9261261.0,9262255.0,3510.0,517.0,393.0,994.0,1992.0,-9261261.0,0.0,0.0,0.0,1.0,0.0,0.0,0.0,-0.7546140063723894,-11.170364213594981,0.5746143351276013,0.3946146638828092,9259965.0,9260029.0,64.0,353.07816357198936,10.417305422272388,10.422008190054772,3.124312884786248,310.0,3.0984014459899836,0.0,0.0,0.0,0.0,0.0,0.0,0.0,0.0,0.0,0.0,0.0,0.0,0.0,-10.28007672229829,0.523986692625381,0.35
181,24815.61885,3.7411454,2,82,2,2,1,2,4,1,-28.125,n/a,n/a,9262261.0,9266004.0,0.0,0.0,0.0,9264228.0,9263011.0,9265004.0,9263011.0,9264004.0,9265011.0,9266004.0,3743.0,750.0,993.0,993.0,1993.0,-9265011.0,0.0,0.0,0.0,1.0,0.0,0.0,0.0,-0.7753831992083275,8.844214615969996,0.13153822129426843,-0.498460628062496,9264203.0,9264253.0,50.0,292.64508242358863,9.640205427062972,9.641819250624552,0.06539779146285474,199.0,0.0679055083479888,1.0,8.868445340945257,8.788830101740832,-0.4949990959231723,-0.5192298208984342,9264272.0,9264291.0,19.0,25.200334359546016,0.08322087686635239,0.18896288037512637,2.8461518164460498,2.6451699001849036,10.185402900676333,-0.34686443032947767,0.5958333333333333
182,24819.36839,3.7827185,2,83,2,2,1,1,5,2,-28.125,n/a,n/a,9266011.0,9269795.0,0.0,0.0,0.0,9268227.0,9266803.0,9268795.0,9266803.0,9267994.0,9268802.0,9269795.0,3784.0,792.0,1191.0,993.0,1992.0,-9268802.0,0.0,0.0,0.0,1.0,0.0,0.0,0.0,-0.5711528029882775,9.979597157667904,0.2699995068671842,-0.6853833635859315,9268203.0,9268256.0,53.0,346.16523293244694,10.593917177392017,10.728203428760837,0.09030489964022136,209.0,0.08528485132745099,1.0,9.934597239856707,9.972674093389255,-0.6265373172174447,-0.6784602993072881,9268288.0,9268307.0,19.0,25.074547063433787,0.06438821976139242,0.10280225965844052,0.9380474917927529,2.356194490192372,10.382640029055413,-0.7158691434459462,0.7
183,24823.15945,3.8079231,2,84,2,1,2,1,5,1,-28.125,n/a,n/a,9269802.0,9273611.0,0.0,0.0,0.0,9271278.0,9270618.0,9272612.0,9270618.0,9271812.0,9272618.0,9273611.0,3809.0,816.0,1194.0,993.0,1994.0,-9272618.0,0.0,0.0,0.0,1.0,0.0,1.0,0.0,-0.5123067566197868,-11.918055155688723,0.062307578507810525,0.6438449779140591,9272162.0,9272332.0,170.0,248.89488593306663,11.42056400926731,12.42736608732676,-3.0906504233484435,350.0,-2.9108688183843316,1.0,-0.5123067566197868,-11.918055155688723,0.062307578507810525,0.6438449779140591,9272162.0,9272332.0,170.0,248.89488593306663,11.42056400926731,12.42736608732676,-3.0906504233484435,-2.9108688183843316,-10.516761276353185,0.9667923483651433,0.7708333333333334
184,24826.97568,3.5910103,2,85,2,2,1,2,4,2,-28.125,n/a,n/a,9273618.0,9277211.0,0.0,0.0,0.0,9275460.0,9274218.0,9276211.0,9274218.0,9275210.0,9276218.0,9277211.0,3593.0,600.0,992.0,993.0,1993.0,-9276218.0,0.0,0.0,0.0,1.0,0.0,0.0,0.0,1.6857661518502511,8.605368898356712,0.32192248895702763,0.4430761138333289,9275744.0,9275794.0,50.0,239.44001617530557,6.920663289763519,6.919388020821022,-0.017506965565497416,534.0,-0.04403760950748108,0.0,0.0,0.0,0.0,0.0,0.0,0.0,0.0,0.0,0.0,0.0,0.0,0.0,10.500982306082857,-0.9372719713158234,0.7625
185,24830.57504,3.7661249,2,86,2,1,2,1,4,2,-28.125,n/a,n/a,9277217.0,9280985.0,0.0,0.0,0.0,9279244.0,9277993.0,9279985.0,9277993.0,9278984.0,9279992.0,9280985.0,3768.0,776.0,991.0,993.0,1992.0,-9279992.0,0.0,0.0,0.0,1.0,0.0,0.0,0.0,-0.2769225711458316,-9.636905475874936,0.3599993424895802,0.7511524742330696,9279225.0,9279290.0,65.0,296.542970766058,9.368152472568635,9.36604694261414,-3.0998270146078095,241.0,-3.096488230302943,0.0,0.0,0.0,0.0,0.0,0.0,0.0,0.0,0.0,0.0,0.0,0.0,0.0,-10.224850326352149,0.4206653729527714,0.6166666666666667
186,24834.34949,3.6411332,2,87,2,2,2,1,1,2,-28.125,n/a,n/a,9280992.0,9284634.0,0.0,0.0,0.0,9282301.0,9281642.0,9283635.0,9281642.0,9282034.0,9283641.0,9284634.0,3642.0,650.0,392.0,993.0,1993.0,-9283641.0,0.0,0.0,0.0,1.0,0.0,0.0,0.0,-1.0246135132395775,11.4611329132981,0.2976917639817697,-0.5157682887591105,9282272.0,9282328.0,56.0,357.77027464502385,12.512217272937821,12.52003300811892,0.0650591476227424,238.0,0.06612677637667308,1.0,11.443825252601485,11.198056470709563,-0.5399990137343723,-0.5538451422916632,9282333.0,9282353.0,20.0,52.740266376532084,0.24615850468481548,0.31574031027574306,3.0853141173010337,-0.26625204915092426,10.343192603379592,-0.6420682008226525,0.31666666666666665
187,24837.99896,3.5078131,2,88,2,2,1,1,2,1,-28.125,n/a,n/a,9284641.0,9288150.0,0.0,0.0,0.0,9285974.0,9285158.0,9287151.0,9285158.0,9285751.0,9287158.0,9288151.0,3509.0,517.0,593.0,993.0,1993.0,-9287158.0,0.0,0.0,0.0,1.0,0.0,0.0,0.0,-0.7961523920442657,9.141906379951761,0.3426916817929658,0.33230708537499865,9285952.0,9286012.0,60.0,332.3476477291791,9.93806419759351,10.044425097809413,0.001044931699100387,201.0,-0.02240231848290832,0.0,0.0,0.0,0.0,0.0,0.0,0.0,0.0,0.0,0.0,0.0,0.0,0.0,9.806707614188499,0.36162461885413566,0.3958333333333333
188,24841.51525,3.5077106,2,89,2,1,1,1,4,2,-28.125,n/a,n/a,9288158.0,9291667.0,0.0,0.0,0.0,9288784.0,9288674.0,9290667.0,9288674.0,9289668.0,9290674.0,9291667.0,3509.0,516.0,994.0,993.0,1993.0,-9290674.0,0.0,0.0,0.0,0.0,1.0,0.0,0.0,0.0,0.0,0.0,0.0,0.0,0.0,0.0,0.0,0.0,0.0,0.0,0.0,0.0,0.0,0.0,0.0,0.0,0.0,0.0,0.0,0.0,0.0,0.0,0.0,0.0,0.0,0.0,0.0,0.0
189,24845.03129,3.5078696,2,90,2,2,2,1,2,1,-28.125,n/a,n/a,9291673.0,9295183.0,0.0,0.0,0.0,9293000.0,9292190.0,9294183.0,9292190.0,9292783.0,9294190.0,9295183.0,3510.0,517.0,593.0,993.0,1993.0,-9294190.0,0.0,0.0,0.0,1.0,0.0,0.0,0.0,-0.882690695527338,10.834595596080659,0.46730683880859075,0.0034615321393236813,9292976.0,9293031.0,55.0,365.28094788012254,11.726463682970405,11.718928486903854,0.03956575164728566,193.0,0.05141870090570203,1.0,-0.882690695527338,10.834595596080659,0.46730683880859075,0.0034615321393236813,9292976.0,9293031.0,55.0,365.28094788012254,11.726463682970405,11.718928486903854,0.03956575164728566,0.05141870090570203,10.201181870946657,-0.37638480737879754,0.39166666666666666
190,24848.54745,3.9827544,2,91,2,2,2,2,4,2,-28.125,n/a,n/a,9295189.0,9299174.0,0.0,0.0,0.0,9296916.0,9296183.0,9298174.0,9296183.0,9297174.0,9298181.0,9299174.0,3985.0,994.0,991.0,993.0,1991.0,-9298181.0,0.0,0.0,0.0,0.0,0.0,1.0,0.0,-0.7234602171184842,9.477674997466083,0.22499958905598813,0.12461515701562499,9296898.0,9296946.0,48.0,397.5499293814425,10.20162911992165,10.246998724881978,0.009840198159300725,-276.0,-0.029055693572948012,0.0,0.0,0.0,0.0,0.0,0.0,0.0,0.0,0.0,0.0,0.0,0.0,0.0,0.0,0.0,0.0
191,24852.53854,3.8078039,2,92,2,1,2,1,2,1,-28.125,n/a,n/a,9299181.0,9302990.0,0.0,0.0,0.0,9300623.0,9299997.0,9301990.0,9299997.0,9300590.0,9301997.0,9302990.0,3809.0,816.0,593.0,993.0,1993.0,-9301997.0,0.0,0.0,0.0,1.0,0.0,0.0,0.0,-0.6126911886601539,-9.799597486423115,0.7546140063723894,0.36692240676822757,9300604.0,9300670.0,66.0,300.0443820600248,9.195083039335772,9.388974422862761,3.0994172259959982,14.0,-3.0847853021038554,1.0,-8.86152227666661,-6.760372268097611,0.5399990137343723,0.5226913530377578,9301837.0,9301874.0,37.0,107.74240822963198,2.1012212909706327,2.0759325125202146,0.008237045993317961,-0.09518884174262601,-9.633138941214913,-0.6863487663966263,0.30416666666666664
192,24856.35466,3.9993785,2,93,2,2,1,2,5,2,-28.125,n/a,n/a,9302997.0,9306997.0,0.0,0.0,0.0,9304390.0,9304007.0,9305998.0,9304007.0,9305198.0,9306005.0,9306998.0,4000.0,1010.0,1191.0,993.0,1991.0,-9306005.0,0.0,1.0,0.0,0.0,0.0,0.0,0.0,0.0,0.0,0.0,0.0,0.0,0.0,0.0,0.0,0.0,0.0,0.0,0.0,0.0,0.0,0.0,0.0,0.0,0.0,0.0,0.0,0.0,0.0,0.0,0.0,0.0,0.0,0.0,0.0,0.0
193,24860.36251,3.5078577,2,94,2,2,1,1,1,2,-28.125,n/a,n/a,9307005.0,9310514.0,0.0,0.0,0.0,9308338.0,9307521.0,9309514.0,9307522.0,9307914.0,9309521.0,9310514.0,3509.0,517.0,392.0,993.0,1993.0,-9309521.0,0.0,0.0,0.0,1.0,0.0,0.0,0.0,-0.9069214205025999,9.7372899079153,0.10730749631901051,0.16961507482682103,9308313.0,9308375.0,62.0,353.6207292331988,10.644393690500154,10.915395903819203,-0.005853591678802168,399.0,-0.029179532846933948,1.0,-0.9069214205025999,9.7372899079153,0.10730749631901051,0.16961507482682103,9308313.0,9308375.0,62.0,353.6207292331988,10.644393690500154,10.915395903819203,-0.005853591678802168,-0.029179532846933948,9.806707614188499,0.36162461885413566,0.3958333333333333
194,24863.87854,3.7578114,2,95,2,1,2,2,4,2,-28.125,n/a,n/a,9310520.0,9314280.0,0.0,0.0,0.0,9312470.0,9311287.0,9313280.0,9311287.0,9312280.0,9313287.0,9314280.0,3760.0,767.0,993.0,993.0,1993.0,-9313287.0,0.0,0.0,0.0,1.0,0.0,0.0,0.0,-0.4949990959231723,-10.53690383209889,0.20423039622005,1.145767138115879,9312457.0,9312526.0,69.0,353.7355408557553,10.085947757487547,10.104499289291978,-3.048105194146564,177.0,-3.0365722659910994,0.0,0.0,0.0,0.0,0.0,0.0,0.0,0.0,0.0,0.0,0.0,0.0,0.0,-10.161734445270843,0.3025838647555038,0.5833333333333334
195,24867.6447,3.7494602,2,96,2,2,1,2,4,1,-28.125,n/a,n/a,9314287.0,9318038.0,0.0,0.0,0.0,9316263.0,9315047.0,9317038.0,9315047.0,9316037.0,9317044.0,9318038.0,3751.0,760.0,990.0,994.0,1991.0,-9317044.0,0.0,0.0,0.0,1.0,0.0,0.0,0.0,-0.65769110647135,9.626520879456967,0.1211536248763013,-0.07615370706510526,9316237.0,9316291.0,54.0,345.1021007369858,10.286104527698981,10.50732785837032,0.019183106021167788,200.0,0.030972294180410566,1.0,9.605751686621032,9.647290072292908,-0.05192298208984342,-0.10730749631901051,9316309.0,9316331.0,22.0,28.292717176134936,0.06923064278645946,0.12238364245051979,0.9272952180016009,2.356194490192345,10.185402900676333,-0.34686443032947767,0.5958333333333333
196,24871.40262,3.6576844,2,97,2,1,1,2,4,2,-28.125,n/a,n/a,9318045.0,9321704.0,0.0,0.0,0.0,9319370.0,9318711.0,9320704.0,9318711.0,9319704.0,9320711.0,9321704.0,3659.0,666.0,993.0,993.0,1993.0,-9320711.0,0.0,0.0,0.0,0.0,0.0,1.0,0.0,-0.39807619602213284,-10.806903338966078,-0.079615239204425,0.5919219958242157,9319351.0,9319409.0,58.0,319.294417322929,10.43046713957321,10.768461521826483,-3.07716581416424,-353.0,-3.075003107215132,0.0,0.0,0.0,0.0,0.0,0.0,0.0,0.0,0.0,0.0,0.0,0.0,0.0,0.0,0.0,0.0
197,24875.06863,3.5078235,2,98,2,2,2,1,2,2,-28.125,n/a,n/a,9321711.0,9325219.0,0.0,0.0,0.0,9323021.0,9322227.0,9324220.0,9322227.0,9322821.0,9324227.0,9325220.0,3508.0,516.0,594.0,993.0,1993.0,-9324227.0,0.0,0.0,0.0,1.0,0.0,0.0,0.0,-0.4949990959231723,10.02113554333978,-0.0553845142291671,-0.10730749631901051,9323001.0,9323101.0,100.0,2240.1189042188475,10.516262822275566,17.801087798515063,0.004937418732482951,180.0,0.2650240932923624,1.0,-0.4949990959231723,10.02113554333978,-0.0553845142291671,-0.10730749631901051,9323001.0,9323101.0,100.0,2240.1189042188475,10.516262822275566,17.801087798515063,0.004937418732482951,0.2650240932923624,10.209071356081822,-0.3911449959034555,0.3875
198,24878.58477,3.732817,2,99,2,2,2,2,5,1,-28.125,n/a,n/a,9325227.0,9328961.0,0.0,0.0,0.0,9327353.0,9325970.0,9327961.0,9325970.0,9327160.0,9327968.0,9328961.0,3734.0,743.0,1190.0,993.0,1991.0,-9327968.0,0.0,0.0,0.0,1.0,0.0,0.0,0.0,-0.6819218314466118,10.242673600256447,0.29076869970312236,0.8065369884622328,9327330.0,9327387.0,57.0,334.8221027570711,10.936763793466367,11.077969379078425,-0.047176629833053846,170.0,-0.05189329328545195,0.0,0.0,0.0,0.0,0.0,0.0,0.0,0.0,0.0,0.0,0.0,0.0,0.0,9.656807396620405,0.6420682008226525,0.6791666666666667
199,24882.32597,3.6744185,2,100,2,1,1,2,5,2,-28.125,n/a,n/a,9328968.0,9332644.0,0.0,0.0,0.0,9331017.0,9329651.0,9331645.0,9329651.0,9330844.0,9331651.0,9332644.0,3676.0,683.0,1193.0,993.0,1994.0,-9331651.0,0.0,0.0,0.0,1.0,0.0,0.0,0.0,-0.3807685353255184,-10.903826238867117,-0.15230741413020657,-0.19730733194140657,9331004.0,9331077.0,73.0,312.7960335057801,10.523153920031257,10.509586681621249,3.1373163638668533,160.0,3.0641134416680043,1.0,-10.640749796278577,-9.30113685836062,-0.07615370706510526,-0.8342292455768183,9331089.0,9331125.0,36.0,189.9686048760917,1.5392340125942532,1.6570582490874306,0.5149620382444485,0.5891613515805147,-9.664696881755564,-0.6273080122979946,0.675
