,onset,duration,run_number,trial_number,task,ext_mot_pos,ext_mot_ver_dir,staircase_num,fix_off_prct,trial_type,ext_mot_ori,direction_report,response_duration,trial_onset,trial_offset,button_press_onset,button_left,button_right,fix_break,motion_onset,motion_offset,fixation_onset,fixation_offset,response_onset,response_offset,trial_duration,fix_check_duration,fixation_duration,response_duration,motion_duration,reaction_time,miss_time_trial,blink_trial,no_saccade_trial,main_sac_trial,innacurate_sac_trial,early_sac_trial,late_sac_trial,sac_x_onset_trial,sac_x_offset_trial,sac_y_onset_trial,sac_y_offset_trial,sac_t_onset_trial,sac_t_offset_trial,sac_dur_trial,sac_vpeak_trial,sac_dist_trial,sac_amp_trial,sac_dist_ang_trial,sac_lat_trial,sac_amp_ang_trial,cor_sac_trial,cor_sac_x_onset_trial,cor_sac_x_offset_trial,cor_sac_y_onset_trial,cor_sac_y_offset_trial,cor_sac_t_onset_trial,cor_sac_t_offset_trial,cor_sac_dur_trial,cor_sac_vpeak_trial,cor_sac_dist_trial,cor_sac_amp_trial,cor_sac_dist_ang_trial,cor_sac_amp_ang_trial,gabor_sac_onset_x,gabor_sac_onset_y,sac_onset_gabor_path_prct
0,20687.41375,3.8161031,1,1,2,2,2,1,1,2,-35.76923077,n/a,n/a,5134080.0,5137896.0,0.0,0.0,0.0,5135839.0,5134896.0,5136897.0,5134896.0,5135296.0,5136904.0,5137897.0,3816.0,816.0,400.0,993.0,2001.0,-5136904.0,0.0,1.0,0.0,0.0,0.0,0.0,0.0,0.0,0.0,0.0,0.0,0.0,0.0,0.0,0.0,0.0,0.0,0.0,0.0,0.0,0.0,0.0,0.0,0.0,0.0,0.0,0.0,0.0,0.0,0.0,0.0,0.0,0.0,0.0,0.0,0.0
1,20773.63459,3.7077985,1,2,2,1,1,1,1,2,-35.76923077,n/a,n/a,5220301.0,5224009.0,0.0,0.0,0.0,5221308.0,5221017.0,5223009.0,5221018.0,5221409.0,5223016.0,5224009.0,3708.0,717.0,391.0,993.0,1992.0,-5223016.0,0.0,0.0,0.0,0.0,0.0,1.0,0.0,0.3946146638828092,-8.463446080644477,0.14538434985156315,1.4676896270729065,5221287.0,5221344.0,57.0,262.31877396799683,8.956211888957446,8.975576621788878,-2.993409811316713,-122.0,-2.963636357454139,0.0,0.0,0.0,0.0,0.0,0.0,0.0,0.0,0.0,0.0,0.0,0.0,0.0,0.0,0.0,0.0
2,20777.35073,3.9994165,1,3,2,2,1,1,4,2,-35.76923077,n/a,n/a,5224016.0,5228017.0,0.0,0.0,0.0,5225192.0,5225025.0,5227016.0,5225025.0,5226017.0,5227024.0,5228017.0,4001.0,1009.0,992.0,993.0,1991.0,-5227024.0,0.0,1.0,0.0,0.0,0.0,0.0,0.0,0.0,0.0,0.0,0.0,0.0,0.0,0.0,0.0,0.0,0.0,0.0,0.0,0.0,0.0,0.0,0.0,0.0,0.0,0.0,0.0,0.0,0.0,0.0,0.0,0.0,0.0,0.0,0.0,0.0
3,20825.24375,3.507941,1,4,2,2,1,2,3,2,-35.76923077,n/a,n/a,5271908.0,5275418.0,0.0,0.0,0.0,5272718.0,5272425.0,5274417.0,5272425.0,5273218.0,5274424.0,5275418.0,3510.0,517.0,793.0,994.0,1992.0,-5274424.0,0.0,0.0,0.0,0.0,0.0,1.0,0.0,-0.12807668915494866,8.567292044824164,0.08307677134374868,1.4296127735403559,5272694.0,5272744.0,50.0,289.50968045338215,8.79901111631717,8.927012205482278,-0.15363634727675507,-524.0,-0.1761771732757697,0.0,0.0,0.0,0.0,0.0,0.0,0.0,0.0,0.0,0.0,0.0,0.0,0.0,0.0,0.0,0.0
4,20828.75991,3.5161406,1,5,2,1,1,1,3,2,-35.76923077,n/a,n/a,5275424.0,5278942.0,0.0,0.0,0.0,5276950.0,5275950.0,5277943.0,5275950.0,5276743.0,5277949.0,5278943.0,3518.0,526.0,793.0,994.0,1993.0,-5277949.0,0.0,0.0,0.0,1.0,0.0,0.0,0.0,0.31499942467838415,-11.15997961717701,-0.2699995068671842,-0.3773070031861947,5276928.0,5277004.0,76.0,310.5577199192342,11.475480770311405,11.829949539212762,3.1322414932867235,185.0,3.0751218096260295,1.0,0.31499942467838415,-11.15997961717701,-0.2699995068671842,-0.3773070031861947,5276928.0,5277004.0,76.0,310.5577199192342,11.475480770311405,11.829949539212762,3.1322414932867235,3.0751218096260295,-10.02445698868706,0.03394886353760232,0.4875
5,20832.28439,3.6994864,1,6,2,2,1,2,2,2,-35.76923077,n/a,n/a,5278949.0,5282649.0,0.0,0.0,0.0,5280282.0,5279659.0,5281650.0,5279659.0,5280249.0,5281657.0,5282650.0,3700.0,710.0,590.0,993.0,1991.0,-5281657.0,0.0,0.0,0.0,1.0,0.0,0.0,0.0,0.02769225711458158,7.030371774964795,-0.0692306427864579,0.34961474607161314,5280262.0,5280307.0,45.0,272.7041506662312,7.015194358639436,7.010785386157799,-0.05974098697744188,13.0,-0.07264422129725816,1.0,-3.1430711825051865,-3.0149944933502417,-0.31499942467838415,-0.3946146638828092,5282543.0,5282563.0,20.0,41.79400891947964,0.15080525394849528,0.17667383331390077,0.5561662301204524,-0.604305506866221,9.535317214945819,0.6450284072144677,0.3
6,20835.9922,3.741143,1,7,2,1,1,2,5,2,-35.76923077,n/a,n/a,5282657.0,5286400.0,0.0,0.0,0.0,5284567.0,5283407.0,5285399.0,5283407.0,5284599.0,5285406.0,5286400.0,3743.0,750.0,1192.0,994.0,1992.0,-5285406.0,0.0,0.0,0.0,1.0,0.0,0.0,0.0,0.16961507482682103,-9.820366679259052,-0.14192281771223947,-0.8965368240846289,5284549.0,5284638.0,89.0,8681.634553949616,10.01844188212828,26.19854739709935,3.066198755935828,-50.0,2.9689717023551765,0.0,0.0,0.0,0.0,0.0,0.0,0.0,0.0,0.0,0.0,0.0,0.0,0.0,-9.828801079190566,-0.23764204476322412,0.5708333333333333
7,20839.74165,3.7244687,1,8,2,2,2,1,4,2,-35.76923077,n/a,n/a,5286406.0,5290132.0,0.0,0.0,0.0,5288399.0,5287139.0,5289132.0,5287139.0,5288133.0,5289139.0,5290132.0,3726.0,733.0,994.0,993.0,1993.0,-5289139.0,0.0,0.0,0.0,1.0,0.0,0.0,0.0,0.2526918461705697,11.108056635087172,-0.14538434985156315,1.4296127735403559,5288382.0,5288433.0,51.0,374.4788365021281,10.969027333321,10.950787661771072,-0.14408386773807297,249.0,-0.16031578878303698,0.0,0.0,0.0,0.0,0.0,0.0,0.0,0.0,0.0,0.0,0.0,0.0,0.0,9.71140753349267,0.4005965897437216,0.6208333333333333
8,20843.47446,3.7411235,1,9,2,1,2,2,5,1,-35.76923077,n/a,n/a,5290139.0,5293881.0,0.0,0.0,0.0,5292339.0,5290889.0,5292881.0,5290889.0,5292082.0,5292888.0,5293881.0,3742.0,750.0,1193.0,993.0,1992.0,-5292888.0,0.0,0.0,0.0,0.0,1.0,0.0,0.0,0.0,0.0,0.0,0.0,0.0,0.0,0.0,0.0,0.0,0.0,0.0,0.0,0.0,0.0,0.0,0.0,0.0,0.0,0.0,0.0,0.0,0.0,0.0,0.0,0.0,0.0,0.0,0.0,0.0
9,20847.22389,3.7412806,1,10,2,2,2,2,3,2,-35.76923077,n/a,n/a,5293888.0,5297631.0,0.0,0.0,0.0,5294988.0,5294638.0,5296631.0,5294638.0,5295431.0,5296638.0,5297631.0,3743.0,750.0,793.0,993.0,1993.0,-5296638.0,0.0,0.0,0.0,1.0,0.0,1.0,0.0,-0.0692306427864579,11.468055977576748,0.017307660696614473,-0.21807652477734077,5295711.0,5295781.0,70.0,284.92764713015725,11.539687529356378,11.474413070003619,0.02039921017363905,280.0,-0.054025924774309016,1.0,-0.08653830348307236,-0.1107690284583342,-0.079615239204425,-0.12807668915494866,5296492.0,5296511.0,19.0,35.225329946343884,0.05418154818878737,0.1374189022240649,2.0344439357957027,-2.284887025407059,9.90706344298916,0.12900568144289512,0.5375
10,20850.97342,3.5077644,1,11,2,1,1,2,5,2,-35.76923077,n/a,n/a,5297638.0,5301146.0,0.0,0.0,0.0,5298671.0,5298154.0,5300147.0,5298154.0,5299347.0,5300154.0,5301147.0,3508.0,516.0,1193.0,993.0,1993.0,-5300154.0,0.0,0.0,0.0,0.0,1.0,0.0,0.0,0.0,0.0,0.0,0.0,0.0,0.0,0.0,0.0,0.0,0.0,0.0,0.0,0.0,0.0,0.0,0.0,0.0,0.0,0.0,0.0,0.0,0.0,0.0,0.0,0.0,0.0,0.0,0.0,0.0
11,20854.48952,3.782783,1,12,2,2,1,2,5,1,-35.76923077,n/a,n/a,5301154.0,5304938.0,0.0,0.0,0.0,5303703.0,5301947.0,5303938.0,5301947.0,5303137.0,5303945.0,5304938.0,3784.0,793.0,1190.0,993.0,1991.0,-5303945.0,0.0,0.0,0.0,1.0,0.0,0.0,0.0,0.5019221602018197,11.58920960245305,-0.38769159960416577,-1.87961195165233,5303687.0,5303793.0,106.0,663.467851730749,11.187214539998655,12.078537633851733,0.13375790298754628,550.0,0.24400556271809126,0.0,0.0,0.0,0.0,0.0,0.0,0.0,0.0,0.0,0.0,0.0,0.0,0.0,10.875560194996815,-1.2153693146462088,0.8708333333333333
12,20858.28079,3.7244425,1,13,2,1,1,1,4,2,-35.76923077,n/a,n/a,5304945.0,5308671.0,0.0,0.0,0.0,5307571.0,5305678.0,5307671.0,5305678.0,5306671.0,5307678.0,5308671.0,3726.0,733.0,993.0,993.0,1993.0,-5307678.0,0.0,0.0,0.0,0.0,1.0,0.0,0.0,0.0,0.0,0.0,0.0,0.0,0.0,0.0,0.0,0.0,0.0,0.0,0.0,0.0,0.0,0.0,0.0,0.0,0.0,0.0,0.0,0.0,0.0,0.0,0.0,0.0,0.0,0.0,0.0,0.0
13,20862.01346,3.8160842,1,14,2,1,1,1,4,2,-35.76923077,n/a,n/a,5308678.0,5312495.0,0.0,0.0,0.0,5310787.0,5309505.0,5311495.0,5309505.0,5310494.0,5311502.0,5312495.0,3817.0,827.0,989.0,993.0,1990.0,-5311502.0,0.0,0.0,0.0,1.0,0.0,0.0,0.0,-0.24576878189192627,-10.443442464337174,-0.4049992603007802,-1.6511508304570222,5310763.0,5310826.0,63.0,409.96470294404395,10.273531148998346,10.304499785489408,3.0199959268724785,269.0,3.0071542473114774,0.0,0.0,0.0,0.0,0.0,0.0,0.0,0.0,0.0,0.0,0.0,0.0,0.0,-9.691841942543016,-0.4277556805738058,0.6291666666666667
14,20865.83788,3.5078224,1,15,2,2,1,2,5,1,-35.76923077,n/a,n/a,5312502.0,5316011.0,0.0,0.0,0.0,5314445.0,5313019.0,5315012.0,5313019.0,5314212.0,5315019.0,5316012.0,3509.0,517.0,1193.0,993.0,1993.0,-5315019.0,0.0,0.0,0.0,1.0,0.0,0.0,0.0,-0.4223069209973947,10.311904243042905,-0.5849989315455684,-0.328845553235675,5314426.0,5314529.0,103.0,417.5676156883261,10.737267057656105,12.779873524557882,-0.023858741768676382,214.0,0.23788378808726013,0.0,0.0,0.0,0.0,0.0,0.0,0.0,0.0,0.0,0.0,0.0,0.0,0.0,10.484248376003826,-0.6721874980445519,0.7041666666666667
15,20886.64317,3.7577798,1,16,2,1,1,1,3,2,-35.76923077,n/a,n/a,5333307.0,5337066.0,0.0,0.0,0.0,5336034.0,5334074.0,5336067.0,5334074.0,5334867.0,5336073.0,5337066.0,3759.0,767.0,793.0,993.0,1993.0,-5336073.0,0.0,0.0,0.0,0.0,0.0,0.0,1.0,0.2423072497526026,-8.81306082671609,-0.7373063456757749,-2.2119190370273287,5336009.0,5336082.0,73.0,362.9499853667586,9.174648417777291,9.2964206616941,2.9801655816206942,1142.0,2.956976650671693,0.0,0.0,0.0,0.0,0.0,0.0,0.0,0.0,0.0,0.0,0.0,0.0,0.0,0.0,0.0,0.0
16,20890.40929,3.6828267,1,17,2,2,2,2,3,2,-35.76923077,n/a,n/a,5337073.0,5340757.0,0.0,0.0,0.0,5338916.0,5337767.0,5339758.0,5337767.0,5338556.0,5339765.0,5340757.0,3684.0,694.0,789.0,992.0,1991.0,-5339765.0,0.0,0.0,0.0,1.0,0.0,0.0,0.0,0.33230708537499865,10.381134885829363,0.044999917811196055,1.0107673846822847,5338905.0,5338969.0,64.0,344.3842741895091,10.095129863614984,10.646822072893983,-0.09581320057868055,349.0,-0.10749767402565426,0.0,0.0,0.0,0.0,0.0,0.0,0.0,0.0,0.0,0.0,0.0,0.0,0.0,9.828801079190566,0.23764204476322412,0.5708333333333333
17,20894.10042,3.5078467,1,18,2,1,1,1,3,2,-35.76923077,n/a,n/a,5340764.0,5344274.0,0.0,0.0,0.0,5342325.0,5341281.0,5343274.0,5341281.0,5342074.0,5343281.0,5344274.0,3510.0,517.0,793.0,993.0,1993.0,-5343281.0,0.0,0.0,0.0,1.0,0.0,0.0,0.0,-0.1211536248763013,-10.886518578170502,-0.6715372350286407,-1.0592288346328065,5342300.0,5342384.0,84.0,335.2517654654858,10.772343633305555,10.871585225099572,3.105595348424583,226.0,3.0516822617805603,1.0,-10.910749303145765,-10.993826074489514,-1.166536330951817,-1.1734593952304604,5343044.0,5343082.0,38.0,133.38007971907106,0.08336473328637074,0.5287539914442981,3.0584514217013794,-2.2588289197646025,-9.975543011312936,-0.03394886353760232,0.5083333333333333
18,20897.61662,3.5077583,1,19,2,1,1,2,2,1,-35.76923077,n/a,n/a,5344281.0,5347790.0,0.0,0.0,0.0,5345724.0,5344797.0,5346790.0,5344797.0,5345390.0,5346797.0,5347790.0,3509.0,516.0,593.0,993.0,1993.0,-5346797.0,0.0,0.0,0.0,1.0,0.0,0.0,0.0,-0.24923031403124998,-11.333056224143155,-0.27346103900650787,0.2596149104492171,5345698.0,5345756.0,58.0,298.1487022639114,11.096637633695899,11.094197546027559,-3.093534744722043,308.0,-3.091649839045786,1.0,-0.24923031403124998,-11.333056224143155,-0.27346103900650787,0.2596149104492171,5345698.0,5345756.0,58.0,298.1487022639114,11.096637633695899,11.094197546027559,-3.093534744722043,-3.091649839045786,-10.112502147960482,0.1561647722729754,0.45
19,20901.13274,3.5078427,1,20,2,1,1,2,3,2,-35.76923077,n/a,n/a,5347797.0,5351306.0,0.0,0.0,0.0,5349363.0,5348313.0,5350306.0,5348313.0,5349106.0,5350313.0,5351306.0,3509.0,516.0,793.0,993.0,1993.0,-5350313.0,0.0,0.0,0.0,1.0,0.0,0.0,0.0,0.10038443204036315,-10.498826978566337,-0.0692306427864579,-0.294230231842446,5349348.0,5349425.0,77.0,276.3480579723344,10.601599282269191,10.8150169319111,3.1203678857669592,242.0,3.077856137167013,1.0,0.10038443204036315,-10.498826978566337,-0.0692306427864579,-0.294230231842446,5349348.0,5349425.0,77.0,276.3480579723344,10.601599282269191,10.8150169319111,3.1203678857669592,3.077856137167013,-9.955977420363286,-0.06110795436768654,0.5166666666666667
20,20904.64891,3.5078261,1,21,2,1,1,1,2,2,-35.76923077,n/a,n/a,5351313.0,5354823.0,0.0,0.0,0.0,5352823.0,5351830.0,5353822.0,5351830.0,5352423.0,5353829.0,5354823.0,3510.0,517.0,593.0,994.0,1992.0,-5353829.0,0.0,0.0,0.0,0.0,1.0,0.0,0.0,0.0,0.0,0.0,0.0,0.0,0.0,0.0,0.0,0.0,0.0,0.0,0.0,0.0,0.0,0.0,0.0,0.0,0.0,0.0,0.0,0.0,0.0,0.0,0.0,0.0,0.0,0.0,0.0,0.0
21,20908.16507,3.5078257,1,22,2,2,1,2,2,2,-35.76923077,n/a,n/a,5354829.0,5358339.0,0.0,0.0,0.0,5357612.0,5355346.0,5357338.0,5355346.0,5355939.0,5357345.0,5358339.0,3510.0,517.0,593.0,994.0,1992.0,-5357345.0,0.0,0.0,0.0,0.0,1.0,0.0,0.0,0.0,0.0,0.0,0.0,0.0,0.0,0.0,0.0,0.0,0.0,0.0,0.0,0.0,0.0,0.0,0.0,0.0,0.0,0.0,0.0,0.0,0.0,0.0,0.0,0.0,0.0,0.0,0.0,0.0
22,20911.68122,3.849443,1,23,2,1,1,2,5,1,-35.76923077,n/a,n/a,5358345.0,5362196.0,0.0,0.0,0.0,5361512.0,5359204.0,5361195.0,5359205.0,5360395.0,5361205.0,5362196.0,3851.0,860.0,1190.0,991.0,1991.0,-5361205.0,0.0,0.0,0.0,0.0,1.0,0.0,0.0,0.0,0.0,0.0,0.0,0.0,0.0,0.0,0.0,0.0,0.0,0.0,0.0,0.0,0.0,0.0,0.0,0.0,0.0,0.0,0.0,0.0,0.0,0.0,0.0,0.0,0.0,0.0,0.0,0.0
23,20915.53914,3.6743246,1,24,2,1,1,2,4,1,-35.76923077,n/a,n/a,5362203.0,5365879.0,0.0,0.0,0.0,5364663.0,5362886.0,5364879.0,5362886.0,5363879.0,5364886.0,5365879.0,3676.0,683.0,993.0,993.0,1993.0,-5364886.0,0.0,0.0,0.0,1.0,0.0,0.0,0.0,0.08999983562239604,-8.726522523233017,-0.5849989315455684,-2.087303880011704,5364632.0,5364716.0,84.0,399.5783756844311,8.943600318796857,9.181820846413505,2.9728171150100184,753.0,2.958097411062046,0.0,0.0,0.0,0.0,0.0,0.0,0.0,0.0,0.0,0.0,0.0,0.0,0.0,-9.114657009528354,-1.228948860061249,0.875
24,20919.2218,3.5078274,1,25,2,1,2,2,5,1,-35.76923077,n/a,n/a,5365886.0,5369395.0,0.0,0.0,0.0,5367795.0,5366403.0,5368395.0,5366403.0,5367595.0,5368402.0,5369396.0,3509.0,517.0,1192.0,994.0,1992.0,-5368402.0,0.0,0.0,0.0,1.0,0.0,0.0,0.0,-0.29076869970312236,-10.325750371600192,-0.24576878189192627,0.4430761138333289,5367772.0,5367826.0,54.0,278.9422456843629,10.058596544532287,10.111208851818349,-3.0730558081708885,177.0,-3.0187238575241713,1.0,-10.561134557074151,-10.574980685631443,0.498460628062496,0.4430761138333289,5368247.0,5368276.0,29.0,66.96273059883734,0.057089050547594826,0.35361884676489647,1.8157749899217441,1.9731174246553382,-10.435334398629701,0.6042897709693433,0.6833333333333333
25,20922.73795,3.4994947,1,26,2,2,2,1,4,1,-35.76923077,n/a,n/a,5369402.0,5372903.0,0.0,0.0,0.0,5371794.0,5369912.0,5371903.0,5369912.0,5370902.0,5371910.0,5372903.0,3501.0,510.0,990.0,993.0,1991.0,-5371910.0,0.0,0.0,0.0,0.0,0.0,0.0,1.0,-0.3080763603997368,8.290369473678332,-0.08307677134374868,1.460766562794261,5371774.0,5371823.0,49.0,296.70286926773775,8.735944310830792,8.756207432484281,-0.17765616848343976,872.0,-0.21189403988248443,0.0,0.0,0.0,0.0,0.0,0.0,0.0,0.0,0.0,0.0,0.0,0.0,0.0,0.0,0.0,0.0
26,20926.24587,3.7077037,1,27,2,2,2,2,5,1,-35.76923077,n/a,n/a,5372910.0,5376619.0,0.0,0.0,0.0,5375076.0,5373626.0,5375619.0,5373626.0,5374819.0,5375626.0,5376619.0,3709.0,716.0,1193.0,993.0,1993.0,-5375626.0,0.0,0.0,0.0,1.0,0.0,0.0,0.0,-0.10384596417968683,9.096906462140565,0.09692289990103947,1.2426900380169184,5375057.0,5375117.0,60.0,306.0020733659398,9.271818998730737,9.339950765912684,-0.12389192442473236,238.0,-0.13681297450296645,0.0,0.0,0.0,0.0,0.0,0.0,0.0,0.0,0.0,0.0,0.0,0.0,0.0,9.486403237571693,0.7129261342896763,0.7166666666666667
27,20929.96194,3.7494218,1,28,2,1,2,1,3,2,-35.76923077,n/a,n/a,5376626.0,5380376.0,0.0,0.0,0.0,5377803.0,5377386.0,5379377.0,5377386.0,5378177.0,5379384.0,5380376.0,3750.0,760.0,791.0,992.0,1991.0,-5379384.0,0.0,0.0,0.0,0.0,1.0,0.0,0.0,0.0,0.0,0.0,0.0,0.0,0.0,0.0,0.0,0.0,0.0,0.0,0.0,0.0,0.0,0.0,0.0,0.0,0.0,0.0,0.0,0.0,0.0,0.0,0.0,0.0,0.0,0.0,0.0,0.0
28,20933.7197,3.5078254,1,29,2,1,2,1,2,2,-35.76923077,n/a,n/a,5380383.0,5383893.0,0.0,0.0,0.0,5382043.0,5380900.0,5382893.0,5380901.0,5381494.0,5382900.0,5383893.0,3510.0,518.0,593.0,993.0,1993.0,-5382900.0,0.0,0.0,0.0,1.0,0.0,0.0,0.0,-0.21115346049869735,-9.951904900553322,-0.34961474607161314,-0.16615354268749735,5382025.0,5382092.0,67.0,288.4177392128258,9.74247897765622,10.263177191489875,-3.122760480755549,531.0,-3.044642388871891,1.0,-0.21115346049869735,-9.951904900553322,-0.34961474607161314,-0.16615354268749735,5382025.0,5382092.0,67.0,288.4177392128258,9.74247897765622,10.263177191489875,-3.122760480755549,-3.044642388871891,-10.151633329859784,0.21048295393314384,0.5625
29,20937.23585,3.5078217,1,30,2,1,1,2,3,1,-35.76923077,n/a,n/a,5383900.0,5387409.0,0.0,0.0,0.0,5385433.0,5384416.0,5386409.0,5384416.0,5385209.0,5386416.0,5387409.0,3509.0,516.0,793.0,993.0,1993.0,-5386416.0,0.0,0.0,0.0,1.0,0.0,0.0,0.0,-0.41538385671874734,-9.951904900553322,-0.05192298208984342,-0.7857677956262986,5385416.0,5385472.0,56.0,269.4250555907672,9.564714414443017,9.591491439451104,3.0647930053599644,207.0,3.0414571644894597,0.0,0.0,0.0,0.0,0.0,0.0,0.0,0.0,0.0,0.0,0.0,0.0,0.0,-9.995108602262587,-0.006789772707522039,0.5
30,20940.752,3.5078376,1,31,2,2,1,1,3,1,-35.76923077,n/a,n/a,5387416.0,5390925.0,0.0,0.0,0.0,5389009.0,5387932.0,5389926.0,5387932.0,5388725.0,5389932.0,5390925.0,3509.0,516.0,793.0,993.0,1994.0,-5389932.0,0.0,0.0,0.0,1.0,0.0,0.0,0.0,0.15923047840885393,9.571136365227803,-0.3807685353255184,-0.5919219958242157,5388987.0,5389058.0,71.0,280.4434511218038,9.414274173095755,9.613712406635402,0.0224309558607102,262.0,0.04069823569816369,1.0,-2.1703806513554564,-0.8411523098554617,-0.27346103900650787,0.062307578507810525,5390296.0,5390328.0,32.0,169.6503929062932,1.3709808708929176,1.5049386683604828,-0.24742813771357092,-0.2700849938662705,10.073370966061182,-0.1018465906128109,0.5291666666666667
31,20944.26816,3.7078055,1,32,2,2,2,2,2,2,-35.76923077,n/a,n/a,5390932.0,5394641.0,0.0,0.0,0.0,5392691.0,5391648.0,5393642.0,5391649.0,5392241.0,5393648.0,5394641.0,3709.0,717.0,592.0,993.0,1994.0,-5393648.0,0.0,0.0,0.0,1.0,0.0,0.0,0.0,0.11423056059765394,9.993443286225197,-0.017307660696614473,0.3115378925390605,5392673.0,5392747.0,74.0,308.62901839348723,9.884684288134046,10.253170970480765,-0.033274329600500044,432.0,-0.04525465052938083,1.0,0.5330759494557249,0.48115296736588153,0.3807685353255184,0.3253840210963513,5393670.0,5393696.0,26.0,31.62564240825536,0.0759173266488159,0.15576894626952945,2.3239476077570838,0.9272952180016274,9.96576021583811,0.0475284089526464,0.5125
32,20947.98429,3.5078502,1,33,2,2,2,1,5,2,-35.76923077,n/a,n/a,5394648.0,5398158.0,0.0,0.0,0.0,5396281.0,5395165.0,5397157.0,5395165.0,5396358.0,5397164.0,5398158.0,3510.0,517.0,1193.0,994.0,1992.0,-5397164.0,0.0,0.0,0.0,1.0,0.0,0.0,0.0,0.8411523098554617,8.304215602235626,-0.020769192835938154,0.03807685353255263,5396264.0,5396306.0,42.0,296.5581227421061,7.463295288493245,7.342679128551604,-0.007884808766552717,-94.0,0.033949215421183634,1.0,0.8411523098554617,8.304215602235626,-0.020769192835938154,0.03807685353255263,5396264.0,5396306.0,42.0,296.5581227421061,7.463295288493245,7.342679128551604,-0.007884808766552717,0.033949215421183634,9.877715056564691,0.16974431768801948,0.55
33,20951.50046,3.5078331,1,34,2,2,2,1,2,2,-35.76923077,n/a,n/a,5398164.0,5401673.0,0.0,0.0,0.0,5399631.0,5398681.0,5400674.0,5398681.0,5399274.0,5400680.0,5401674.0,3509.0,517.0,593.0,994.0,1993.0,-5400680.0,0.0,0.0,0.0,1.0,0.0,0.0,0.0,0.32192248895702763,10.429596335779879,0.07615370706510526,0.5642297387096302,5399615.0,5399685.0,70.0,325.6544687653995,10.119451013094166,10.689013955011845,-0.04825019287718836,341.0,-0.050540580791040575,0.0,0.0,0.0,0.0,0.0,0.0,0.0,0.0,0.0,0.0,0.0,0.0,0.0,10.073370966061182,-0.1018465906128109,0.4666666666666667
34,20955.0166,3.5078451,1,35,2,1,2,2,2,2,-35.76923077,n/a,n/a,5401680.0,5405190.0,0.0,0.0,0.0,5403180.0,5402197.0,5404190.0,5402197.0,5402790.0,5404196.0,5405190.0,3510.0,517.0,593.0,994.0,1993.0,-5404196.0,0.0,0.0,0.0,1.0,0.0,0.0,0.0,-0.1349997534335921,-9.976135625528583,-0.24576878189192627,0.12807668915494866,5403167.0,5403246.0,79.0,282.7894980192673,9.848234140659791,10.04089044768195,-3.10362287038502,377.0,-3.0556457375176556,1.0,-9.803059018562438,-8.664214944725202,0.3253840210963513,0.3426916817929658,5403736.0,5403774.0,38.0,164.7503848659633,1.138975583422656,1.239620041934018,-0.015196398510217687,-0.4199254903992157,-9.965760215838113,-0.0475284089526464,0.48333333333333334
35,20958.53277,3.5078263,1,36,2,1,1,1,3,1,-35.76923077,n/a,n/a,5405196.0,5408706.0,0.0,0.0,0.0,5406806.0,5405713.0,5407705.0,5405713.0,5406506.0,5407713.0,5408706.0,3510.0,517.0,793.0,993.0,1992.0,-5407713.0,0.0,0.0,0.0,1.0,0.0,0.0,0.0,0.1211536248763013,-6.126911886601523,-0.29076869970312236,0.006923064278647363,5406787.0,5406844.0,57.0,223.85243601548473,6.2551533172306195,6.582246947129454,-3.093983228289179,281.0,-3.080551614667988,1.0,0.1211536248763013,-6.126911886601523,-0.29076869970312236,0.006923064278647363,5406787.0,5406844.0,57.0,223.85243601548473,6.2551533172306195,6.582246947129454,-3.093983228289179,-3.080551614667988,-9.90706344298916,-0.12900568144289512,0.5375
36,20962.04911,3.5076521,1,37,2,1,2,1,1,2,-35.76923077,n/a,n/a,5408713.0,5412222.0,0.0,0.0,0.0,5409856.0,5409229.0,5411222.0,5409229.0,5409623.0,5411229.0,5412223.0,3509.0,516.0,394.0,994.0,1993.0,-5411229.0,0.0,0.0,0.0,1.0,0.0,0.0,0.0,-0.11769209273697762,-8.934214451592391,-0.26307644258854074,-0.6888448957252552,5409834.0,5409889.0,55.0,267.64767562639616,8.826797000038228,8.868089317515329,3.0933380339056327,211.0,3.06305445574147,1.0,-0.11769209273697762,-8.934214451592391,-0.26307644258854074,-0.6888448957252552,5409834.0,5409889.0,55.0,267.64767562639616,8.826797000038228,8.868089317515329,3.0933380339056327,3.06305445574147,-9.545100010420645,-0.6314488617994276,0.30416666666666664
37,20965.56509,3.5078307,1,38,2,2,2,1,4,2,-35.76923077,n/a,n/a,5412229.0,5415738.0,0.0,0.0,0.0,5413905.0,5412745.0,5414738.0,5412745.0,5413739.0,5414745.0,5415738.0,3509.0,516.0,994.0,993.0,1993.0,-5414745.0,0.0,0.0,0.0,1.0,0.0,0.0,0.0,-0.22499958905598813,9.418828951097593,-0.12461515701562499,0.1488458819908829,5413885.0,5413958.0,73.0,303.4790810382197,9.647704900738582,9.947930870200938,-0.02834846965488819,146.0,-0.04455426399805239,1.0,-0.22499958905598813,9.418828951097593,-0.12461515701562499,0.1488458819908829,5413885.0,5413958.0,73.0,303.4790810382197,9.647704900738582,9.947930870200938,-0.02834846965488819,-0.04455426399805239,9.828801079190566,0.23764204476322412,0.5708333333333333
38,20969.08138,3.5077825,1,39,2,2,2,1,1,1,-35.76923077,n/a,n/a,5415745.0,5419254.0,0.0,0.0,0.0,5418637.0,5416261.0,5418254.0,5416261.0,5416654.0,5418261.0,5419254.0,3509.0,516.0,393.0,993.0,1993.0,-5418261.0,0.0,0.0,0.0,0.0,0.0,0.0,1.0,-0.06576911064713421,10.27036585737103,-0.33230708537499865,1.3361514057786381,5418610.0,5418756.0,146.0,201.28295957738334,10.469930267857112,10.672597441296748,-0.16003947086644196,1956.0,-0.2257048895745175,0.0,0.0,0.0,0.0,0.0,0.0,0.0,0.0,0.0,0.0,0.0,0.0,0.0,0.0,0.0,0.0
39,20972.59742,3.8577814,1,40,2,1,2,1,4,2,-35.76923077,n/a,n/a,5419261.0,5423120.0,0.0,0.0,0.0,5421404.0,5420128.0,5422121.0,5420128.0,5421121.0,5422127.0,5423120.0,3859.0,867.0,993.0,993.0,1993.0,-5422127.0,0.0,0.0,0.0,1.0,0.0,0.0,0.0,-0.09346136776171972,-8.414984630693956,-0.08307677134374868,0.837690777716142,5421391.0,5421446.0,55.0,245.01804292037392,8.372309257004554,8.277051027364603,-3.0313920116919966,270.0,-2.9993407373965506,1.0,-8.428830759251248,-8.390753905718695,1.0696134310507737,1.0903826238867118,5421546.0,5421566.0,20.0,108.31547741152602,0.043372873388742066,0.3619412169798636,-0.49934672168013733,-1.7925772958174908,-10.317940852931805,0.44133522598884595,0.6333333333333333
40,20976.46352,3.5078492,1,41,2,2,1,1,1,2,-35.76923077,n/a,n/a,5423127.0,5426636.0,0.0,0.0,0.0,5424586.0,5423644.0,5425637.0,5423644.0,5424037.0,5425644.0,5426636.0,3509.0,517.0,393.0,992.0,1993.0,-5425644.0,0.0,0.0,0.0,1.0,0.0,0.0,0.0,-0.10730749631901051,9.782289825726496,-0.33230708537499865,-0.6611526386106736,5424571.0,5424630.0,59.0,298.3941987218256,9.895063142299424,9.890412087350084,0.03323941555094145,534.0,-0.03955903629743193,0.0,0.0,0.0,0.0,0.0,0.0,0.0,0.0,0.0,0.0,0.0,0.0,0.0,9.916846238463984,0.11542613602785104,0.4625
41,20979.97968,3.5078301,1,42,2,1,1,2,2,1,-35.76923077,n/a,n/a,5426643.0,5430153.0,0.0,0.0,0.0,5429469.0,5427160.0,5429153.0,5427160.0,5427753.0,5429159.0,5430153.0,3510.0,517.0,593.0,994.0,1993.0,-5429159.0,0.0,1.0,0.0,0.0,0.0,0.0,0.0,0.0,0.0,0.0,0.0,0.0,0.0,0.0,0.0,0.0,0.0,0.0,0.0,0.0,0.0,0.0,0.0,0.0,0.0,0.0,0.0,0.0,0.0,0.0,0.0,0.0,0.0,0.0,0.0,0.0
42,20983.49596,3.8409663,1,43,2,1,1,2,2,1,-35.76923077,n/a,n/a,5430160.0,5434002.0,0.0,0.0,0.0,5433118.0,5431009.0,5433002.0,5431009.0,5431602.0,5433009.0,5434002.0,3842.0,849.0,593.0,993.0,1993.0,-5433009.0,0.0,0.0,0.0,0.0,1.0,0.0,0.0,0.0,0.0,0.0,0.0,0.0,0.0,0.0,0.0,0.0,0.0,0.0,0.0,0.0,0.0,0.0,0.0,0.0,0.0,0.0,0.0,0.0,0.0,0.0,0.0,0.0,0.0,0.0,0.0,0.0
43,20987.34526,3.6911458,1,44,2,1,2,1,1,1,-35.76923077,n/a,n/a,5434009.0,5437701.0,0.0,0.0,0.0,5436118.0,5434709.0,5436701.0,5434709.0,5435102.0,5436708.0,5437701.0,3692.0,700.0,393.0,993.0,1992.0,-5436708.0,0.0,0.0,0.0,0.0,0.0,0.0,1.0,-0.48115296736588153,-9.899981918463478,0.08999983562239604,0.6888448957252552,5436102.0,5436187.0,85.0,283.5405940225656,9.437846905732464,9.540365019881536,-3.0780985505904424,1000.0,-3.0237632189808843,0.0,0.0,0.0,0.0,0.0,0.0,0.0,0.0,0.0,0.0,0.0,0.0,0.0,0.0,0.0,0.0
44,20991.0447,3.5078483,1,45,2,1,2,2,4,2,-35.76923077,n/a,n/a,5437708.0,5441217.0,0.0,0.0,0.0,5440025.0,5438225.0,5440218.0,5438225.0,5439218.0,5440225.0,5441217.0,3509.0,517.0,993.0,992.0,1993.0,-5440225.0,0.0,0.0,0.0,0.0,1.0,0.0,0.0,0.0,0.0,0.0,0.0,0.0,0.0,0.0,0.0,0.0,0.0,0.0,0.0,0.0,0.0,0.0,0.0,0.0,0.0,0.0,0.0,0.0,0.0,0.0,0.0,0.0,0.0,0.0,0.0,0.0
45,20994.56088,3.6912803,1,46,2,2,2,1,4,2,-35.76923077,n/a,n/a,5441224.0,5444918.0,0.0,0.0,0.0,5442134.0,5441924.0,5443917.0,5441924.0,5442917.0,5443924.0,5444918.0,3694.0,700.0,993.0,994.0,1993.0,-5443924.0,0.0,0.0,0.0,0.0,0.0,1.0,0.0,-0.010384596417967108,7.286525153274693,0.09346136776171972,-0.7649986027903605,5442112.0,5442169.0,57.0,286.0905065635284,7.347233861542728,7.502560884849682,0.11710874456686463,-805.0,0.11931898355533758,0.0,0.0,0.0,0.0,0.0,0.0,0.0,0.0,0.0,0.0,0.0,0.0,0.0,0.0,0.0,0.0
46,20998.26036,3.5078302,1,47,2,2,1,2,4,1,-35.76923077,n/a,n/a,5444924.0,5448433.0,0.0,0.0,0.0,5447757.0,5445440.0,5447433.0,5445440.0,5446434.0,5447440.0,5448433.0,3509.0,516.0,994.0,993.0,1993.0,-5447440.0,0.0,1.0,0.0,0.0,0.0,0.0,0.0,0.0,0.0,0.0,0.0,0.0,0.0,0.0,0.0,0.0,0.0,0.0,0.0,0.0,0.0,0.0,0.0,0.0,0.0,0.0,0.0,0.0,0.0,0.0,0.0,0.0,0.0,0.0,0.0,0.0
47,21001.77652,3.7327974,1,48,2,2,2,2,2,2,-35.76923077,n/a,n/a,5448440.0,5452174.0,0.0,0.0,0.0,5450933.0,5449183.0,5451174.0,5449184.0,5449773.0,5451181.0,5452174.0,3734.0,744.0,589.0,993.0,1991.0,-5451181.0,0.0,0.0,0.0,0.0,0.0,0.0,1.0,-0.0553845142291671,9.186906297762965,-0.08999983562239604,1.7619198589153524,5450908.0,5450982.0,74.0,334.43169984808424,9.426003713581432,9.98066029448695,-0.19775566066254752,1135.0,-0.19970816625633103,0.0,0.0,0.0,0.0,0.0,0.0,0.0,0.0,0.0,0.0,0.0,0.0,0.0,0.0,0.0,0.0
48,21005.51765,3.507811,1,49,2,2,1,1,2,1,-35.76923077,n/a,n/a,5452181.0,5455690.0,0.0,0.0,0.0,5453990.0,5452698.0,5454691.0,5452698.0,5453292.0,5454697.0,5455691.0,3509.0,517.0,594.0,994.0,1993.0,-5454697.0,0.0,0.0,0.0,0.0,1.0,0.0,0.0,0.0,0.0,0.0,0.0,0.0,0.0,0.0,0.0,0.0,0.0,0.0,0.0,0.0,0.0,0.0,0.0,0.0,0.0,0.0,0.0,0.0,0.0,0.0,0.0,0.0,0.0,0.0,0.0,0.0
49,21009.03384,3.5077952,1,50,2,2,1,1,2,2,-35.76923077,n/a,n/a,5455697.0,5459207.0,0.0,0.0,0.0,5457507.0,5456214.0,5458207.0,5456214.0,5456807.0,5458213.0,5459207.0,3510.0,517.0,593.0,994.0,1993.0,-5458213.0,0.0,0.0,0.0,1.0,0.0,0.0,0.0,0.4361530495546855,10.263442793092382,-0.31499942467838415,-1.516151077023426,5457495.0,5457631.0,136.0,690.290274640148,9.90042367756918,12.373545741763934,0.12162287939665041,688.0,0.220550239928291,0.0,0.0,0.0,0.0,0.0,0.0,0.0,0.0,0.0,0.0,0.0,0.0,0.0,10.337506443881452,-0.46849431681893017,0.6416666666666667
50,21012.54997,3.507825,1,51,2,2,2,1,2,1,-35.76923077,n/a,n/a,5459213.0,5462723.0,0.0,0.0,0.0,5461407.0,5459730.0,5461722.0,5459730.0,5460323.0,5461730.0,5462723.0,3510.0,517.0,593.0,993.0,1992.0,-5461730.0,0.0,0.0,0.0,0.0,0.0,0.0,1.0,1.7619198589153524,11.294979370610603,0.10384596417968683,3.0842251361366997,5461672.0,5461784.0,112.0,773.2726727549153,9.988087087233394,15.755925845505768,-0.3030089147676864,1349.0,-0.8682942751174083,0.0,0.0,0.0,0.0,0.0,0.0,0.0,0.0,0.0,0.0,0.0,0.0,0.0,0.0,0.0,0.0
51,21016.06613,3.6078122,1,52,2,2,2,2,3,2,-35.76923077,n/a,n/a,5462729.0,5466338.0,0.0,0.0,0.0,5464439.0,5463346.0,5465339.0,5463346.0,5464139.0,5465346.0,5466339.0,3609.0,617.0,793.0,993.0,1993.0,-5465346.0,0.0,0.0,0.0,1.0,0.0,0.0,0.0,0.05192298208984342,10.114596911101499,-0.2976917639817697,0.16615354268749735,5464416.0,5464492.0,76.0,295.0108690487706,10.073358877262836,10.347980971283844,-0.046063024684443434,277.0,-0.04785359285653781,0.0,0.0,0.0,0.0,0.0,0.0,0.0,0.0,0.0,0.0,0.0,0.0,0.0,9.916846238463984,0.11542613602785104,0.5333333333333333
52,21019.68245,3.5076646,1,53,2,1,1,2,5,2,-35.76923077,n/a,n/a,5466346.0,5469855.0,0.0,0.0,0.0,5467939.0,5466862.0,5468855.0,5466862.0,5468055.0,5468862.0,5469855.0,3509.0,516.0,1193.0,993.0,1993.0,-5468862.0,0.0,0.0,0.0,0.0,0.0,1.0,0.0,-0.05192298208984342,-8.297292537956979,-0.31499942467838415,-1.0142289168216065,5467922.0,5467979.0,57.0,220.78331713350084,8.274964712644005,8.26777440723528,3.0569923801465424,-133.0,3.0573388043794387,0.0,0.0,0.0,0.0,0.0,0.0,0.0,0.0,0.0,0.0,0.0,0.0,0.0,0.0,0.0,0.0
53,21023.19845,3.499467,1,54,2,2,1,1,4,2,-35.76923077,n/a,n/a,5469862.0,5473363.0,0.0,0.0,0.0,5471805.0,5470372.0,5472363.0,5470372.0,5471362.0,5472370.0,5473363.0,3501.0,510.0,990.0,993.0,1991.0,-5472370.0,0.0,0.0,0.0,0.0,1.0,0.0,0.0,0.0,0.0,0.0,0.0,0.0,0.0,0.0,0.0,0.0,0.0,0.0,0.0,0.0,0.0,0.0,0.0,0.0,0.0,0.0,0.0,0.0,0.0,0.0,0.0,0.0,0.0,0.0,0.0,0.0
54,21026.70627,3.5078159,1,55,2,1,2,2,4,1,-35.76923077,n/a,n/a,5473370.0,5476879.0,0.0,0.0,0.0,5476229.0,5473886.0,5475879.0,5473886.0,5474879.0,5475886.0,5476879.0,3509.0,516.0,993.0,993.0,1993.0,-5475886.0,0.0,0.0,0.0,0.0,0.0,0.0,1.0,0.6299988493567683,-9.373829033286396,-0.5746143351276013,1.9973040443893098,5476197.0,5476275.0,78.0,212.856082170222,10.32914984190111,10.383115930523719,-2.8899490481065992,1318.0,-2.887153611266118,0.0,0.0,0.0,0.0,0.0,0.0,0.0,0.0,0.0,0.0,0.0,0.0,0.0,0.0,0.0,0.0
55,21030.22242,3.8161149,1,56,2,1,2,1,2,2,-35.76923077,n/a,n/a,5476886.0,5480703.0,0.0,0.0,0.0,5480035.0,5477712.0,5479702.0,5477712.0,5478302.0,5479712.0,5480704.0,3817.0,826.0,590.0,992.0,1990.0,-5479712.0,0.0,0.0,0.0,0.0,0.0,0.0,1.0,-0.837690777716142,-10.966133817374928,0.03461532139322895,3.2953785966353952,5480025.0,5480113.0,88.0,224.69020531531115,10.640391700721386,10.762732308718828,-2.830129802082117,1723.0,-0.31422425224592393,0.0,0.0,0.0,0.0,0.0,0.0,0.0,0.0,0.0,0.0,0.0,0.0,0.0,0.0,0.0,0.0
56,21034.04686,3.6494619,1,57,2,1,2,2,2,2,-35.76923077,n/a,n/a,5480710.0,5484361.0,0.0,0.0,0.0,5483719.0,5481370.0,5483360.0,5481370.0,5481960.0,5483370.0,5484361.0,3651.0,660.0,590.0,991.0,1990.0,-5483370.0,0.0,0.0,0.0,0.0,0.0,0.0,1.0,-0.33230708537499865,-10.744595760458264,-0.017307660696614473,2.9734561076783654,5483698.0,5483786.0,88.0,250.82377488606068,10.833301591458243,10.917494570096336,-2.8618885011261623,1738.0,-2.8535372065391673,0.0,0.0,0.0,0.0,0.0,0.0,0.0,0.0,0.0,0.0,0.0,0.0,0.0,0.0,0.0,0.0
57,21037.70461,3.5995243,1,58,2,1,1,1,4,1,-35.76923077,n/a,n/a,5484368.0,5487969.0,0.0,0.0,0.0,5487377.0,5484977.0,5486967.0,5484978.0,5485968.0,5486977.0,5487969.0,3601.0,610.0,990.0,992.0,1990.0,-5486977.0,0.0,0.0,0.0,0.0,1.0,0.0,0.0,0.0,0.0,0.0,0.0,0.0,0.0,0.0,0.0,0.0,0.0,0.0,0.0,0.0,0.0,0.0,0.0,0.0,0.0,0.0,0.0,0.0,0.0,0.0,0.0,0.0,0.0,0.0,0.0,0.0
58,21041.31261,3.7076618,1,59,2,1,2,2,1,2,-35.76923077,n/a,n/a,5487976.0,5491685.0,0.0,0.0,0.0,5490759.0,5488692.0,5490686.0,5488692.0,5489085.0,5490692.0,5491686.0,3709.0,716.0,393.0,994.0,1994.0,-5490692.0,0.0,0.0,0.0,0.0,0.0,0.0,1.0,0.02769225711458158,-8.643445751889269,-0.5849989315455684,1.6546123625963438,5490733.0,5490809.0,76.0,189.39393147588953,8.955696127048935,8.93763174250657,-2.8888331406449566,1648.0,-2.884308364576735,0.0,0.0,0.0,0.0,0.0,0.0,0.0,0.0,0.0,0.0,0.0,0.0,0.0,0.0,0.0,0.0
59,21045.02874,3.7243378,1,60,2,2,2,1,1,2,-35.76923077,n/a,n/a,5491692.0,5495417.0,0.0,0.0,0.0,5494235.0,5492425.0,5494418.0,5492425.0,5492819.0,5494425.0,5495417.0,3725.0,733.0,394.0,992.0,1993.0,-5494425.0,0.0,0.0,0.0,0.0,0.0,0.0,1.0,-0.4084607924401,8.903060662338486,-0.16615354268749735,1.7238430053828018,5494219.0,5494280.0,61.0,289.8543746241317,9.501395621408445,9.482970749370255,-0.20025351148568896,1400.0,-0.20884981261408844,0.0,0.0,0.0,0.0,0.0,0.0,0.0,0.0,0.0,0.0,0.0,0.0,0.0,0.0,0.0,0.0
60,21048.76139,3.7078183,1,61,2,2,1,1,2,2,-35.76923077,n/a,n/a,5495425.0,5499134.0,0.0,0.0,0.0,5497991.0,5496141.0,5498134.0,5496141.0,5496735.0,5498141.0,5499134.0,3709.0,716.0,594.0,993.0,1993.0,-5498141.0,0.0,0.0,0.0,0.0,1.0,0.0,0.0,0.0,0.0,0.0,0.0,0.0,0.0,0.0,0.0,0.0,0.0,0.0,0.0,0.0,0.0,0.0,0.0,0.0,0.0,0.0,0.0,0.0,0.0,0.0,0.0,0.0,0.0,0.0,0.0,0.0
61,21052.47754,3.6244836,1,62,2,1,2,2,5,1,-35.76923077,n/a,n/a,5499141.0,5502767.0,0.0,0.0,0.0,5501084.0,5499774.0,5501767.0,5499774.0,5500967.0,5501774.0,5502767.0,3626.0,633.0,1193.0,993.0,1993.0,-5501774.0,0.0,0.0,0.0,1.0,0.0,0.0,0.0,-0.543460545873696,-11.31574856344654,-0.29076869970312236,0.8653830348307235,5501066.0,5501131.0,65.0,268.5589059235598,10.834153218724992,10.834153218724992,-3.0346754474383744,99.0,-3.0346754474383744,0.0,0.0,0.0,0.0,0.0,0.0,0.0,0.0,0.0,0.0,0.0,0.0,0.0,-10.347289239356279,0.4820738622339703,0.6458333333333334
62,21056.11038,3.5077959,1,63,2,2,1,1,1,2,-35.76923077,n/a,n/a,5502774.0,5506283.0,0.0,0.0,0.0,5503816.0,5503290.0,5505283.0,5503290.0,5503683.0,5505290.0,5506283.0,3509.0,516.0,393.0,993.0,1993.0,-5505290.0,0.0,0.0,0.0,1.0,0.0,0.0,0.0,-0.1903842676627592,9.346136776171814,-0.2596149104492171,0.20423039622005,5503795.0,5503858.0,63.0,278.3497801664767,9.547794828546474,9.570738249454116,-0.048600537266905844,112.0,-0.07058594559696967,1.0,-1.7965351803085814,-1.8415350981197813,-0.09346136776171972,-0.1349997534335921,5504786.0,5504806.0,20.0,40.92488183308751,0.0612407551165069,0.1412457819241222,2.3961731773156894,0.6287962864154186,9.427706464722744,0.794403406779925,0.25416666666666665
63,21059.62651,3.8077892,1,64,2,1,2,1,3,1,-35.76923077,n/a,n/a,5506290.0,5510099.0,0.0,0.0,0.0,5508082.0,5507106.0,5509099.0,5507106.0,5507899.0,5509106.0,5510099.0,3809.0,816.0,793.0,993.0,1993.0,-5509106.0,0.0,0.0,0.0,1.0,0.0,0.0,0.0,-0.2596149104492171,-8.916906790895776,-0.4292299852760381,0.2596149104492171,5508065.0,5508132.0,67.0,223.30534348672168,8.68465370602724,8.705285357211947,-3.062191763730311,166.0,-3.044416676160669,1.0,-9.169598637066347,-9.190367829902284,0.2561533783098934,0.21461499263802103,5508275.0,5508312.0,37.0,97.9918657455621,0.04644132701895583,0.398933131627711,2.0344439357957405,-2.1082396453766483,-9.955977420363286,-0.06110795436768654,0.4791666666666667
64,21063.44269,3.5077758,1,65,2,2,2,2,2,2,-35.76923077,n/a,n/a,5510106.0,5513616.0,0.0,0.0,0.0,5511955.0,5510622.0,5512615.0,5510622.0,5511216.0,5512622.0,5513616.0,3510.0,516.0,594.0,994.0,1993.0,-5512622.0,0.0,0.0,0.0,1.0,0.0,0.0,0.0,0.4776914352265578,8.0134469025325,-0.827306181298171,0.3011532961210934,5511940.0,5512012.0,72.0,179.25943007426957,7.619778950547632,7.620801801883482,-0.14864285655023735,724.0,-0.1555156395703781,0.0,0.0,0.0,0.0,0.0,0.0,0.0,0.0,0.0,0.0,0.0,0.0,0.0,9.623362374219244,0.5228124984790946,0.6583333333333333
65,21066.95894,3.5076709,1,66,2,1,1,2,3,2,-35.76923077,n/a,n/a,5513622.0,5517131.0,0.0,0.0,0.0,5514588.0,5514138.0,5516131.0,5514138.0,5514932.0,5516138.0,5517131.0,3509.0,516.0,794.0,993.0,1993.0,-5516138.0,0.0,0.0,0.0,0.0,1.0,0.0,0.0,0.0,0.0,0.0,0.0,0.0,0.0,0.0,0.0,0.0,0.0,0.0,0.0,0.0,0.0,0.0,0.0,0.0,0.0,0.0,0.0,0.0,0.0,0.0,0.0,0.0,0.0,0.0,0.0,0.0
66,21070.47504,3.5077379,1,67,2,2,1,1,5,1,-35.76923077,n/a,n/a,5517138.0,5520647.0,0.0,0.0,0.0,5518132.0,5517655.0,5519648.0,5517655.0,5518848.0,5519655.0,5520647.0,3509.0,517.0,1193.0,992.0,1993.0,-5519655.0,0.0,0.0,0.0,0.0,0.0,1.0,0.0,-0.4430761138333289,8.26267721656375,0.05192298208984342,0.702691024282546,5518114.0,5518182.0,68.0,339.126621486177,8.730042387895901,8.982918672385345,-0.07461272423313547,-734.0,-0.09648614789827366,0.0,0.0,0.0,0.0,0.0,0.0,0.0,0.0,0.0,0.0,0.0,0.0,0.0,0.0,0.0,0.0
67,21073.99125,3.5077105,1,68,2,1,2,2,1,2,-35.76923077,n/a,n/a,5520654.0,5524164.0,0.0,0.0,0.0,5523470.0,5521171.0,5523164.0,5521171.0,5521564.0,5523170.0,5524164.0,3510.0,517.0,393.0,994.0,1993.0,-5523170.0,0.0,0.0,0.0,0.0,1.0,0.0,0.0,0.0,0.0,0.0,0.0,0.0,0.0,0.0,0.0,0.0,0.0,0.0,0.0,0.0,0.0,0.0,0.0,0.0,0.0,0.0,0.0,0.0,0.0,0.0,0.0,0.0,0.0,0.0,0.0,0.0
68,21077.50741,3.999281,1,69,2,2,2,2,2,1,-35.76923077,n/a,n/a,5524171.0,5528172.0,0.0,0.0,0.0,5527480.0,5525180.0,5527170.0,5525180.0,5525770.0,5527180.0,5528172.0,4001.0,1009.0,590.0,992.0,1990.0,-5527180.0,0.0,1.0,0.0,0.0,0.0,0.0,0.0,0.0,0.0,0.0,0.0,0.0,0.0,0.0,0.0,0.0,0.0,0.0,0.0,0.0,0.0,0.0,0.0,0.0,0.0,0.0,0.0,0.0,0.0,0.0,0.0,0.0,0.0,0.0,0.0,0.0
69,21081.51509,3.7993871,1,70,2,2,1,2,4,1,-35.76923077,n/a,n/a,5528178.0,5531979.0,0.0,0.0,0.0,5531321.0,5528988.0,5530978.0,5528988.0,5529978.0,5530987.0,5531979.0,3801.0,810.0,990.0,992.0,1990.0,-5530987.0,0.0,0.0,0.0,0.0,1.0,0.0,0.0,0.0,0.0,0.0,0.0,0.0,0.0,0.0,0.0,0.0,0.0,0.0,0.0,0.0,0.0,0.0,0.0,0.0,0.0,0.0,0.0,0.0,0.0,0.0,0.0,0.0,0.0,0.0,0.0,0.0
70,21085.32281,3.8494437,1,71,2,1,1,1,1,1,-35.76923077,n/a,n/a,5531986.0,5535837.0,0.0,0.0,0.0,5535219.0,5532845.0,5534835.0,5532845.0,5533236.0,5534845.0,5535837.0,3851.0,859.0,391.0,992.0,1990.0,-5534845.0,0.0,0.0,0.0,0.0,0.0,0.0,1.0,0.4742299030872381,-8.45306148422651,-1.1734593952304604,-1.156151734533846,5535193.0,5535271.0,78.0,225.13416394932892,8.927308164789933,9.056951165613004,-3.1396539200746636,1957.0,3.0293737910060976,0.0,0.0,0.0,0.0,0.0,0.0,0.0,0.0,0.0,0.0,0.0,0.0,0.0,0.0,0.0,0.0
71,21089.18057,3.8244156,1,72,2,2,2,2,3,1,-35.76923077,n/a,n/a,5535843.0,5539669.0,0.0,0.0,0.0,5537403.0,5536677.0,5538669.0,5536677.0,5537470.0,5538676.0,5539669.0,3826.0,834.0,793.0,993.0,1992.0,-5538676.0,0.0,0.0,0.0,0.0,1.0,0.0,0.0,0.0,0.0,0.0,0.0,0.0,0.0,0.0,0.0,0.0,0.0,0.0,0.0,0.0,0.0,0.0,0.0,0.0,0.0,0.0,0.0,0.0,0.0,0.0,0.0,0.0,0.0,0.0,0.0,0.0
72,21093.01335,3.5078101,1,73,2,2,2,1,2,1,-35.76923077,n/a,n/a,5539676.0,5543185.0,0.0,0.0,0.0,5542269.0,5540193.0,5542186.0,5540193.0,5540786.0,5542193.0,5543185.0,3509.0,517.0,593.0,992.0,1993.0,-5542193.0,0.0,0.0,0.0,0.0,1.0,0.0,0.0,0.0,0.0,0.0,0.0,0.0,0.0,0.0,0.0,0.0,0.0,0.0,0.0,0.0,0.0,0.0,0.0,0.0,0.0,0.0,0.0,0.0,0.0,0.0,0.0,0.0,0.0,0.0,0.0,0.0
73,21096.52946,3.7246568,1,74,2,2,2,1,1,2,-35.76923077,n/a,n/a,5543192.0,5546919.0,0.0,0.0,0.0,5544402.0,5543926.0,5545919.0,5543926.0,5544319.0,5545926.0,5546919.0,3727.0,734.0,393.0,993.0,1993.0,-5545926.0,0.0,0.0,0.0,1.0,0.0,0.0,0.0,-0.1349997534335921,9.474213465326763,0.08307677134374868,-0.65769110647135,5544387.0,5544430.0,43.0,334.2191490644486,9.637723576260187,9.601936382874142,0.07693717141812693,68.0,0.08011747007235466,1.0,-2.0907654121510273,-1.9730733194140497,-0.24923031403124998,-0.19730733194140657,5544751.0,5544775.0,24.0,276.23180702817615,0.1286367939662348,0.9777526303230468,-0.4154920959408931,2.6066375798036967,10.6309903081262,-0.8758806792701738,0.22916666666666666
74,21100.26244,3.5076711,1,75,2,1,2,2,4,2,-35.76923077,n/a,n/a,5546926.0,5550435.0,0.0,0.0,0.0,5549791.0,5547442.0,5549434.0,5547442.0,5548435.0,5549441.0,5550435.0,3509.0,516.0,993.0,994.0,1992.0,-5549441.0,0.0,0.0,0.0,0.0,0.0,0.0,1.0,-0.020769192835938154,-11.980362734196538,-0.8065369884622328,2.149611458519518,5549770.0,5549886.0,116.0,178.27543977083553,12.319524800703428,12.384391121480382,-2.8992717462331554,1335.0,-2.8832588523224008,0.0,0.0,0.0,0.0,0.0,0.0,0.0,0.0,0.0,0.0,0.0,0.0,0.0,0.0,0.0,0.0
75,21103.77847,3.9577698,1,76,2,1,1,1,2,2,-35.76923077,n/a,n/a,5550441.0,5554401.0,0.0,0.0,0.0,5553701.0,5551408.0,5553400.0,5551408.0,5552001.0,5553408.0,5554401.0,3960.0,967.0,593.0,993.0,1992.0,-5553408.0,0.0,0.0,0.0,0.0,0.0,0.0,1.0,0.020769192835938154,-8.10690827029422,-1.0488442382148355,-1.450381966376292,5553680.0,5553778.0,98.0,209.84502686750332,8.13759015260728,8.253399684418456,3.092229040701952,1679.0,3.01754978513184,0.0,0.0,0.0,0.0,0.0,0.0,0.0,0.0,0.0,0.0,0.0,0.0,0.0,0.0,0.0,0.0
76,21107.74458,3.8077792,1,77,2,2,1,1,2,1,-35.76923077,n/a,n/a,5554407.0,5558217.0,0.0,0.0,0.0,5557583.0,5555224.0,5557216.0,5555224.0,5555817.0,5557224.0,5558217.0,3810.0,817.0,593.0,993.0,1992.0,-5557224.0,0.0,0.0,0.0,0.0,0.0,0.0,1.0,-0.21807652477734077,11.194594938570244,-1.1526902023945222,-1.4573050306549393,5557564.0,5557647.0,83.0,317.97249782292505,11.416735966286703,11.898359523162187,0.02668459559929648,1747.0,0.03666478429990662,0.0,0.0,0.0,0.0,0.0,0.0,0.0,0.0,0.0,0.0,0.0,0.0,0.0,0.0,0.0,0.0
77,21111.56084,3.7409747,1,78,2,1,2,2,4,2,-35.76923077,n/a,n/a,5558224.0,5561966.0,0.0,0.0,0.0,5560207.0,5558973.0,5560967.0,5558974.0,5559966.0,5560973.0,5561966.0,3742.0,750.0,992.0,993.0,1994.0,-5560973.0,0.0,0.0,0.0,0.0,1.0,0.0,0.0,0.0,0.0,0.0,0.0,0.0,0.0,0.0,0.0,0.0,0.0,0.0,0.0,0.0,0.0,0.0,0.0,0.0,0.0,0.0,0.0,0.0,0.0,0.0,0.0,0.0,0.0,0.0,0.0,0.0
78,21115.31015,3.5078313,1,79,2,1,1,1,5,1,-35.76923077,n/a,n/a,5561973.0,5565483.0,0.0,0.0,0.0,5564723.0,5562490.0,5564482.0,5562490.0,5563682.0,5564489.0,5565483.0,3510.0,517.0,1192.0,994.0,1992.0,-5564489.0,0.0,0.0,0.0,0.0,1.0,0.0,0.0,0.0,0.0,0.0,0.0,0.0,0.0,0.0,0.0,0.0,0.0,0.0,0.0,0.0,0.0,0.0,0.0,0.0,0.0,0.0,0.0,0.0,0.0,0.0,0.0,0.0,0.0,0.0,0.0,0.0
79,21118.82645,3.7743184,1,80,2,1,2,2,2,2,-35.76923077,n/a,n/a,5565489.0,5569265.0,0.0,0.0,0.0,5568615.0,5566272.0,5568265.0,5566272.0,5566866.0,5568272.0,5569265.0,3776.0,783.0,594.0,993.0,1993.0,-5568272.0,0.0,0.0,0.0,0.0,0.0,0.0,1.0,-0.1765381391054684,-10.619980603442638,-0.8134600527408802,2.229226697723943,5568599.0,5568704.0,105.0,191.2181044708976,10.877657522066734,10.928071766076219,-2.858091310503878,1733.0,-2.852502359548562,0.0,0.0,0.0,0.0,0.0,0.0,0.0,0.0,0.0,0.0,0.0,0.0,0.0,0.0,0.0,0.0
80,21122.60916,3.7660268,1,81,2,1,1,2,5,1,-35.76923077,n/a,n/a,5569272.0,5573040.0,0.0,0.0,0.0,5572355.0,5570048.0,5572038.0,5570048.0,5571238.0,5572048.0,5573040.0,3768.0,776.0,1190.0,992.0,1990.0,-5572048.0,0.0,0.0,0.0,0.0,1.0,0.0,0.0,0.0,0.0,0.0,0.0,0.0,0.0,0.0,0.0,0.0,0.0,0.0,0.0,0.0,0.0,0.0,0.0,0.0,0.0,0.0,0.0,0.0,0.0,0.0,0.0,0.0,0.0,0.0,0.0,0.0
81,21126.38355,3.6744664,1,82,2,1,1,2,1,2,-35.76923077,n/a,n/a,5573046.0,5576722.0,0.0,0.0,0.0,5575546.0,5573730.0,5575723.0,5573730.0,5574122.0,5575729.0,5576722.0,3676.0,684.0,392.0,993.0,1993.0,-5575729.0,0.0,0.0,0.0,0.0,1.0,0.0,0.0,0.0,0.0,0.0,0.0,0.0,0.0,0.0,0.0,0.0,0.0,0.0,0.0,0.0,0.0,0.0,0.0,0.0,0.0,0.0,0.0,0.0,0.0,0.0,0.0,0.0,0.0,0.0,0.0,0.0
82,21130.06634,3.8494739,1,83,2,1,2,1,3,2,-35.76923077,n/a,n/a,5576729.0,5580580.0,0.0,0.0,0.0,5579856.0,5577589.0,5579579.0,5577589.0,5578379.0,5579589.0,5580580.0,3851.0,860.0,790.0,991.0,1990.0,-5579589.0,0.0,0.0,0.0,0.0,1.0,0.0,0.0,0.0,0.0,0.0,0.0,0.0,0.0,0.0,0.0,0.0,0.0,0.0,0.0,0.0,0.0,0.0,0.0,0.0,0.0,0.0,0.0,0.0,0.0,0.0,0.0,0.0,0.0,0.0,0.0,0.0
83,21133.92422,3.7243436,1,84,2,1,2,1,3,2,-35.76923077,n/a,n/a,5580587.0,5584312.0,0.0,0.0,0.0,5582980.0,5581320.0,5583313.0,5581320.0,5582113.0,5583320.0,5584313.0,3725.0,733.0,793.0,993.0,1993.0,-5583320.0,0.0,1.0,0.0,0.0,0.0,0.0,0.0,0.0,0.0,0.0,0.0,0.0,0.0,0.0,0.0,0.0,0.0,0.0,0.0,0.0,0.0,0.0,0.0,0.0,0.0,0.0,0.0,0.0,0.0,0.0,0.0,0.0,0.0,0.0,0.0,0.0
84,21137.65694,3.7077515,1,85,2,2,1,1,3,1,-35.76923077,n/a,n/a,5584320.0,5588029.0,0.0,0.0,0.0,5587029.0,5585036.0,5587029.0,5585036.0,5585830.0,5587036.0,5588029.0,3709.0,716.0,794.0,993.0,1993.0,-5587036.0,0.0,0.0,0.0,0.0,0.0,0.0,1.0,-0.6646141707499973,11.423056059765551,-1.5473048662773354,-1.5992278483671787,5587322.0,5587415.0,93.0,259.2024039956641,12.087781748433454,12.163645146260034,0.004295506226522853,1492.0,0.03330203439849539,0.0,0.0,0.0,0.0,0.0,0.0,0.0,0.0,0.0,0.0,0.0,0.0,0.0,0.0,0.0,0.0
85,21141.37302,3.5411453,1,86,2,1,1,2,2,2,-35.76923077,n/a,n/a,5588036.0,5591578.0,0.0,0.0,0.0,5590469.0,5588586.0,5590578.0,5588586.0,5589179.0,5590585.0,5591578.0,3542.0,550.0,593.0,993.0,1992.0,-5590585.0,0.0,0.0,0.0,0.0,0.0,0.0,1.0,-0.9346136776171815,-10.03498167189707,-1.3153822129427,0.06576911064713421,5590812.0,5590916.0,104.0,240.7707878171993,9.204579110962527,9.254343216719217,-2.9909733438498596,1633.0,2.9808099550751064,0.0,0.0,0.0,0.0,0.0,0.0,0.0,0.0,0.0,0.0,0.0,0.0,0.0,0.0,0.0,0.0
86,21144.92251,3.5995346,1,87,2,2,2,2,4,1,-35.76923077,n/a,n/a,5591585.0,5595186.0,0.0,0.0,0.0,5594495.0,5592195.0,5594185.0,5592195.0,5593185.0,5594195.0,5595186.0,3601.0,610.0,990.0,991.0,1990.0,-5594195.0,0.0,0.0,0.0,0.0,0.0,0.0,1.0,0.7996139241835893,7.978831581139271,-0.792690859904942,3.340378514446593,5594479.0,5594555.0,76.0,226.4277462211767,8.283925918255596,8.478199593728258,-0.5223595374140374,1294.0,-0.5318068709930651,0.0,0.0,0.0,0.0,0.0,0.0,0.0,0.0,0.0,0.0,0.0,0.0,0.0,0.0,0.0,0.0
87,21148.53037,3.6911368,1,88,2,2,1,1,2,2,-35.76923077,n/a,n/a,5595193.0,5598885.0,0.0,0.0,0.0,5596559.0,5595893.0,5597886.0,5595893.0,5596486.0,5597893.0,5598885.0,3692.0,700.0,593.0,992.0,1993.0,-5597893.0,0.0,0.0,0.0,0.0,1.0,0.0,0.0,0.0,0.0,0.0,0.0,0.0,0.0,0.0,0.0,0.0,0.0,0.0,0.0,0.0,0.0,0.0,0.0,0.0,0.0,0.0,0.0,0.0,0.0,0.0,0.0,0.0,0.0,0.0,0.0,0.0
88,21152.22983,3.6578062,1,89,2,1,1,1,5,2,-35.76923077,n/a,n/a,5598892.0,5602552.0,0.0,0.0,0.0,5601735.0,5599559.0,5601552.0,5599559.0,5600752.0,5601559.0,5602552.0,3660.0,667.0,1193.0,993.0,1993.0,-5601559.0,0.0,0.0,0.0,0.0,0.0,0.0,1.0,-0.31499942467838415,-7.8196011027304175,-1.5749971233919169,-1.8761504195130103,5601871.0,5601950.0,79.0,254.47493538817133,7.510641760461352,8.00629112054074,3.101485022152741,1119.0,3.0102125158603332,0.0,0.0,0.0,0.0,0.0,0.0,0.0,0.0,0.0,0.0,0.0,0.0,0.0,0.0,0.0,0.0
89,21155.89597,3.6911317,1,90,2,2,2,2,1,1,-35.76923077,n/a,n/a,5602558.0,5606251.0,0.0,0.0,0.0,5603508.0,5603258.0,5605251.0,5603258.0,5603651.0,5605258.0,5606251.0,3693.0,700.0,393.0,993.0,1993.0,-5605258.0,0.0,0.0,0.0,0.0,0.0,1.0,0.0,-0.3461532139322894,8.07229294890099,-0.2388457176132789,-1.0038443204036394,5603490.0,5603539.0,49.0,328.3917997151754,8.453133067614255,8.440930329415286,0.090622813089614,-161.0,0.09281329591642193,0.0,0.0,0.0,0.0,0.0,0.0,0.0,0.0,0.0,0.0,0.0,0.0,0.0,0.0,0.0,0.0
90,21159.59541,3.5745132,1,91,2,1,2,1,5,2,-35.76923077,n/a,n/a,5606258.0,5609834.0,0.0,0.0,0.0,5609158.0,5606841.0,5608835.0,5606842.0,5608034.0,5608841.0,5609834.0,3576.0,584.0,1192.0,993.0,1994.0,-5608841.0,0.0,0.0,0.0,0.0,0.0,0.0,1.0,-0.1869227355234355,-10.422673271501235,-0.7165371528398408,1.744612198218738,5609134.0,5609245.0,111.0,187.04466846564836,10.527480475545223,10.545812033417642,-2.905625629436301,1100.0,-2.904017724299429,0.0,0.0,0.0,0.0,0.0,0.0,0.0,0.0,0.0,0.0,0.0,0.0,0.0,0.0,0.0,0.0
91,21163.17825,3.9744314,1,92,2,1,1,1,3,2,-35.76923077,n/a,n/a,5609841.0,5613817.0,0.0,0.0,0.0,5612901.0,5610824.0,5612817.0,5610824.0,5611617.0,5612824.0,5613817.0,3976.0,983.0,793.0,993.0,1993.0,-5612824.0,0.0,0.0,0.0,0.0,1.0,0.0,0.0,0.0,0.0,0.0,0.0,0.0,0.0,0.0,0.0,0.0,0.0,0.0,0.0,0.0,0.0,0.0,0.0,0.0,0.0,0.0,0.0,0.0,0.0,0.0,0.0,0.0,0.0,0.0,0.0,0.0
92,21167.16113,3.9992941,1,93,2,1,2,2,4,1,-35.76923077,n/a,n/a,5613824.0,5617824.0,0.0,0.0,0.0,5617167.0,5614834.0,5616823.0,5614834.0,5615823.0,5616834.0,5617824.0,4000.0,1010.0,989.0,990.0,1989.0,-5616834.0,0.0,1.0,0.0,0.0,0.0,0.0,0.0,0.0,0.0,0.0,0.0,0.0,0.0,0.0,0.0,0.0,0.0,0.0,0.0,0.0,0.0,0.0,0.0,0.0,0.0,0.0,0.0,0.0,0.0,0.0,0.0,0.0,0.0,0.0,0.0,0.0
93,21171.16898,3.999236059,1,94,2,2,1,2,2,2,-35.76923077,n/a,n/a,5617832.0,5621832.0,0.0,0.0,0.0,5619058.0,5618841.0,5620833.0,5618841.0,5619432.0,5620839.0,5621832.0,4000.0,1009.0,591.0,993.0,1992.0,-5620839.0,0.0,1.0,0.0,0.0,0.0,0.0,0.0,0.0,0.0,0.0,0.0,0.0,0.0,0.0,0.0,0.0,0.0,0.0,0.0,0.0,0.0,0.0,0.0,0.0,0.0,0.0,0.0,0.0,0.0,0.0,0.0,0.0,0.0,0.0,0.0,0.0
94,21175.1765,3.5078642,1,95,2,1,2,1,4,1,-35.76923077,n/a,n/a,5621839.0,5625349.0,0.0,0.0,0.0,5624665.0,5622356.0,5624348.0,5622356.0,5623349.0,5624355.0,5625349.0,3510.0,517.0,993.0,994.0,1992.0,-5624355.0,0.0,0.0,0.0,0.0,0.0,0.0,1.0,0.2423072497526026,-11.86267064145956,-0.6299988493567683,1.9384579980208207,5624645.0,5624770.0,125.0,199.00799545523597,12.374468082450093,12.441933043016185,-2.932511665259318,1296.0,-2.9194232090074816,0.0,0.0,0.0,0.0,0.0,0.0,0.0,0.0,0.0,0.0,0.0,0.0,0.0,0.0,0.0,0.0
95,21178.69269,3.8078696,1,96,2,2,2,1,2,2,-35.76923077,n/a,n/a,5625355.0,5629165.0,0.0,0.0,0.0,5628464.0,5626172.0,5628164.0,5626172.0,5626765.0,5628171.0,5629165.0,3810.0,817.0,593.0,994.0,1992.0,-5628171.0,0.0,0.0,0.0,0.0,0.0,0.0,1.0,-0.5642297387096302,8.155369720244735,-0.951921338313796,3.0149944933502417,5628424.0,5628559.0,135.0,182.4132193540179,9.57955301358597,9.687294824670314,-0.42695645032066865,1659.0,-0.4289637301894969,0.0,0.0,0.0,0.0,0.0,0.0,0.0,0.0,0.0,0.0,0.0,0.0,0.0,0.0,0.0,0.0
96,21236.9676,3.7661206,1,97,2,2,1,1,4,1,-35.76923077,n/a,n/a,5683630.0,5687398.0,0.0,0.0,0.0,5686196.0,5684406.0,5686397.0,5684406.0,5685396.0,5686404.0,5687398.0,3768.0,776.0,990.0,994.0,1991.0,-5686404.0,0.0,1.0,0.0,0.0,0.0,0.0,0.0,0.0,0.0,0.0,0.0,0.0,0.0,0.0,0.0,0.0,0.0,0.0,0.0,0.0,0.0,0.0,0.0,0.0,0.0,0.0,0.0,0.0,0.0,0.0,0.0,0.0,0.0,0.0,0.0,0.0
97,21240.74205,3.5078621,1,98,2,2,2,2,2,2,-35.76923077,n/a,n/a,5687404.0,5690914.0,0.0,0.0,0.0,5689431.0,5687921.0,5689913.0,5687921.0,5688514.0,5689920.0,5690914.0,3510.0,517.0,593.0,994.0,1992.0,-5689920.0,0.0,0.0,0.0,0.0,0.0,0.0,1.0,0.4776914352265578,10.973056881653575,-0.8065369884622328,0.4846144995052052,5689410.0,5689466.0,56.0,329.85008997479474,10.57448665510221,10.613798705668225,-0.12240607501176647,896.0,-0.1357627281554664,0.0,0.0,0.0,0.0,0.0,0.0,0.0,0.0,0.0,0.0,0.0,0.0,0.0,0.0,0.0,0.0
98,21244.25837,3.507765,1,99,2,1,2,2,5,1,-35.76923077,n/a,n/a,5690921.0,5694430.0,0.0,0.0,0.0,5693670.0,5691437.0,5693430.0,5691437.0,5692630.0,5693437.0,5694430.0,3509.0,516.0,1193.0,993.0,1993.0,-5693437.0,0.0,0.0,0.0,0.0,0.0,0.0,1.0,0.4776914352265578,-11.277671709913989,-0.917306016920567,1.29115148796744,5693643.0,5693742.0,99.0,244.31063991324282,11.961013637021939,12.361115759987197,-2.955889148053526,1013.0,-2.9055793143365714,0.0,0.0,0.0,0.0,0.0,0.0,0.0,0.0,0.0,0.0,0.0,0.0,0.0,0.0,0.0,0.0
99,21247.77445,3.7827382,1,100,2,2,2,1,4,1,-35.76923077,n/a,n/a,5694437.0,5698220.0,0.0,0.0,0.0,5697179.0,5695230.0,5697221.0,5695230.0,5696219.0,5697228.0,5698220.0,3783.0,793.0,989.0,992.0,1991.0,-5697228.0,0.0,0.0,0.0,0.0,0.0,0.0,1.0,0.26653797472786445,9.463828868908797,-0.8030754563229131,0.46730683880859075,5697165.0,5697218.0,53.0,273.8101339477837,9.284612591162169,9.255184128736134,-0.13725720600639052,946.0,-0.13882925506717736,0.0,0.0,0.0,0.0,0.0,0.0,0.0,0.0,0.0,0.0,0.0,0.0,0.0,0.0,0.0,0.0
100,21441.38839,3.790898558,2,1,2,2,1,2,2,1,-35.76923077,n/a,n/a,5888052.0,5891842.0,0.0,0.0,0.0,5889934.0,5888841.0,5890842.0,5888842.0,5889441.0,5890849.0,5891843.0,3790.0,790.0,599.0,994.0,2001.0,-5890849.0,0.0,0.0,0.0,1.0,0.0,0.0,0.0,-0.5053836923411433,10.900364706727798,0.6992294921432263,1.3915359200078032,5889911.0,5890019.0,108.0,663.6825298906729,11.426739899591936,14.249489444237568,-0.06062364941487382,470.0,-0.38447604229450855,0.0,0.0,0.0,0.0,0.0,0.0,0.0,0.0,0.0,0.0,0.0,0.0,0.0,10.083153761536012,-0.11542613602785104,0.5333333333333333
101,21445.18762,3.5079643,2,2,2,1,1,2,1,1,-35.76923077,n/a,n/a,5891849.0,5895359.0,0.0,0.0,0.0,5892575.0,5892365.0,5894358.0,5892366.0,5892758.0,5894365.0,5895359.0,3510.0,517.0,392.0,994.0,1993.0,-5894365.0,0.0,0.0,0.0,0.0,1.0,0.0,0.0,0.0,0.0,0.0,0.0,0.0,0.0,0.0,0.0,0.0,0.0,0.0,0.0,0.0,0.0,0.0,0.0,0.0,0.0,0.0,0.0,0.0,0.0,0.0,0.0,0.0,0.0,0.0,0.0,0.0
102,21448.70387,3.507771,2,3,2,2,2,2,1,2,-35.76923077,n/a,n/a,5895365.0,5898874.0,0.0,0.0,0.0,5896948.0,5895881.0,5897874.0,5895882.0,5896274.0,5897881.0,5898874.0,3509.0,517.0,392.0,993.0,1993.0,-5897881.0,0.0,0.0,0.0,1.0,0.0,0.0,0.0,-0.21115346049869735,10.664980521253835,0.8792291633880144,2.744994986483056,5896929.0,5897001.0,72.0,347.5566164694865,11.035006683081878,11.333875057311605,-0.16989311089939096,655.0,-0.19050737888604954,1.0,-0.21115346049869735,10.664980521253835,0.8792291633880144,2.744994986483056,5896929.0,5897001.0,72.0,347.5566164694865,11.035006683081878,11.333875057311605,-0.16989311089939096,-0.19050737888604954,9.93641182941364,0.08826704519777076,0.525
103,21452.21997,3.6496115,2,4,2,1,1,1,1,1,-35.76923077,n/a,n/a,5898881.0,5902532.0,0.0,0.0,0.0,5900441.0,5899541.0,5901533.0,5899541.0,5899931.0,5901539.0,5902532.0,3651.0,660.0,390.0,993.0,1992.0,-5901539.0,0.0,0.0,0.0,1.0,0.0,0.0,0.0,-0.23538418547395523,-10.526519235680922,0.8446138419947854,-0.1626920105481776,5900422.0,5900480.0,58.0,275.8688857473492,10.34031555138264,10.260742676341902,3.044022529046393,491.0,3.043602415098254,1.0,-0.23538418547395523,-10.526519235680922,0.8446138419947854,-0.1626920105481776,5900422.0,5900480.0,58.0,275.8688857473492,10.34031555138264,10.260742676341902,3.044022529046393,3.043602415098254,-10.132067738910134,0.18332386310305962,0.44166666666666665
104,21455.87778,3.5244909,2,5,2,2,2,1,1,2,-35.76923077,n/a,n/a,5902539.0,5906065.0,0.0,0.0,0.0,5904006.0,5903072.0,5905065.0,5903073.0,5903466.0,5905072.0,5906067.0,3526.0,534.0,393.0,995.0,1993.0,-5905072.0,0.0,0.0,0.0,1.0,0.0,0.0,0.0,-0.3253840210963513,11.038825992300714,1.131921009558586,2.7034566008111813,5903995.0,5904056.0,61.0,295.10054940855525,11.472357793547399,11.38487869611487,-0.13741660666754868,529.0,-0.13510321348379695,0.0,0.0,0.0,0.0,0.0,0.0,0.0,0.0,0.0,0.0,0.0,0.0,0.0,10.083153761536012,-0.11542613602785104,0.4625
105,21459.41894,3.5078123,2,6,2,2,1,1,4,2,-35.76923077,n/a,n/a,5906082.0,5909589.0,0.0,0.0,0.0,5906681.0,5906598.0,5908589.0,5906598.0,5907590.0,5908596.0,5909589.0,3507.0,516.0,992.0,993.0,1991.0,-5908596.0,0.0,1.0,0.0,0.0,0.0,0.0,0.0,0.0,0.0,0.0,0.0,0.0,0.0,0.0,0.0,0.0,0.0,0.0,0.0,0.0,0.0,0.0,0.0,0.0,0.0,0.0,0.0,0.0,0.0,0.0,0.0,0.0,0.0,0.0,0.0,0.0
106,21462.93508,3.7577915,2,7,2,1,1,1,5,2,-35.76923077,n/a,n/a,5909596.0,5913355.0,0.0,0.0,0.0,5910372.0,5910362.0,5912356.0,5910363.0,5911556.0,5912362.0,5913355.0,3759.0,767.0,1193.0,993.0,1994.0,-5912362.0,0.0,0.0,0.0,0.0,1.0,0.0,0.0,0.0,0.0,0.0,0.0,0.0,0.0,0.0,0.0,0.0,0.0,0.0,0.0,0.0,0.0,0.0,0.0,0.0,0.0,0.0,0.0,0.0,0.0,0.0,0.0,0.0,0.0,0.0,0.0,0.0
107,21466.7012,3.9993954,2,8,2,2,2,2,4,1,-35.76923077,n/a,n/a,5913362.0,5917363.0,0.0,0.0,0.0,5915595.0,5914371.0,5916364.0,5914372.0,5915362.0,5916370.0,5917363.0,4001.0,1010.0,990.0,993.0,1993.0,-5916370.0,0.0,1.0,0.0,0.0,0.0,0.0,0.0,0.0,0.0,0.0,0.0,0.0,0.0,0.0,0.0,0.0,0.0,0.0,0.0,0.0,0.0,0.0,0.0,0.0,0.0,0.0,0.0,0.0,0.0,0.0,0.0,0.0,0.0,0.0,0.0,0.0
108,21470.70897,3.5079998,2,9,2,1,1,1,4,1,-35.76923077,n/a,n/a,5917370.0,5920880.0,0.0,0.0,0.0,5919396.0,5917886.0,5919879.0,5917887.0,5918879.0,5919886.0,5920880.0,3510.0,517.0,992.0,994.0,1993.0,-5919886.0,0.0,0.0,0.0,1.0,0.0,0.0,0.0,-0.08307677134374868,-9.467290401048116,0.8099985206015565,-1.121536413140617,5919382.0,5919450.0,68.0,241.02156092493664,9.580933808778537,9.751551362332378,2.9385994763029757,503.0,2.9295076261340673,1.0,-0.08307677134374868,-9.467290401048116,0.8099985206015565,-1.121536413140617,5919382.0,5919450.0,68.0,241.02156092493664,9.580933808778537,9.751551362332378,2.9385994763029757,2.9295076261340673,-9.408140873773098,-0.8215624976100053,0.75
109,21474.22513,3.7160995,2,10,2,2,2,1,5,1,-35.76923077,n/a,n/a,5920886.0,5924603.0,0.0,0.0,0.0,5923462.0,5921613.0,5923604.0,5921613.0,5922802.0,5923610.0,5924603.0,3717.0,727.0,1189.0,993.0,1991.0,-5923610.0,0.0,0.0,0.0,0.0,1.0,0.0,0.0,0.0,0.0,0.0,0.0,0.0,0.0,0.0,0.0,0.0,0.0,0.0,0.0,0.0,0.0,0.0,0.0,0.0,0.0,0.0,0.0,0.0,0.0,0.0,0.0,0.0,0.0,0.0,0.0,0.0
110,21477.94964,3.5077736,2,11,2,2,1,2,3,1,-35.76923077,n/a,n/a,5924611.0,5928119.0,0.0,0.0,0.0,5926420.0,5925127.0,5927120.0,5925127.0,5925920.0,5927127.0,5928119.0,3508.0,516.0,793.0,992.0,1993.0,-5927127.0,0.0,0.0,0.0,1.0,0.0,0.0,0.0,-0.06576911064713421,9.321906051196553,0.3911531317434855,1.5923047840885314,5926404.0,5926465.0,61.0,270.53706247712006,9.464206793822086,9.427091786069846,-0.12725840243882025,484.0,-0.14703799700598852,0.0,0.0,0.0,0.0,0.0,0.0,0.0,0.0,0.0,0.0,0.0,0.0,0.0,10.327723648406629,-0.4549147714038861,0.6375
111,21481.46575,3.7579998,2,12,2,2,2,1,2,1,-35.76923077,n/a,n/a,5928126.0,5931886.0,0.0,0.0,0.0,5929826.0,5928893.0,5930886.0,5928893.0,5929486.0,5930893.0,5931886.0,3760.0,767.0,593.0,993.0,1993.0,-5930893.0,0.0,1.0,0.0,0.0,0.0,0.0,0.0,0.0,0.0,0.0,0.0,0.0,0.0,0.0,0.0,0.0,0.0,0.0,0.0,0.0,0.0,0.0,0.0,0.0,0.0,0.0,0.0,0.0,0.0,0.0,0.0,0.0,0.0,0.0,0.0,0.0
112,21485.23189,3.7327934,2,13,2,1,2,2,3,1,-35.76923077,n/a,n/a,5931893.0,5935627.0,0.0,0.0,0.0,5933726.0,5932636.0,5934627.0,5932636.0,5933426.0,5934634.0,5935627.0,3734.0,743.0,790.0,993.0,1991.0,-5934634.0,0.0,0.0,0.0,1.0,0.0,0.0,0.0,-0.20423039622005,-7.362678860339798,1.076536495329421,1.0142289168216085,5933712.0,5933772.0,60.0,226.99517356529822,7.158719623493987,7.279954323877952,3.132888811492839,286.0,-3.0968818708090278,1.0,-8.3007540700963,-9.020752755075463,0.5469220780130157,0.5192298208984342,5934287.0,5934310.0,23.0,136.86190696422616,0.720531031584224,0.8810670332244369,3.1031500635686076,-2.655101918487829,-10.092936557010836,0.12900568144289512,0.5375
113,21488.97301,3.5078369,2,14,2,1,1,1,2,1,-35.76923077,n/a,n/a,5935634.0,5939143.0,0.0,0.0,0.0,5937367.0,5936150.0,5938144.0,5936150.0,5936743.0,5938150.0,5939143.0,3509.0,516.0,593.0,993.0,1994.0,-5938150.0,0.0,0.0,0.0,0.0,0.0,0.0,1.0,-1.734227601800771,-6.698064689589801,-0.837690777716142,-1.391535920007805,5937671.0,5937692.0,21.0,1684.3483255372958,4.99463943400822,5.208339554021301,3.0304762253457724,928.0,-2.9679214552482196,0.0,0.0,0.0,0.0,0.0,0.0,0.0,0.0,0.0,0.0,0.0,0.0,0.0,0.0,0.0,0.0
114,21492.48917,3.5078153,2,15,2,2,2,1,2,1,-35.76923077,n/a,n/a,5939150.0,5942659.0,0.0,0.0,0.0,5940817.0,5939666.0,5941660.0,5939666.0,5940260.0,5941666.0,5942660.0,3509.0,516.0,594.0,994.0,1994.0,-5941666.0,0.0,0.0,0.0,0.0,1.0,0.0,0.0,0.0,0.0,0.0,0.0,0.0,0.0,0.0,0.0,0.0,0.0,0.0,0.0,0.0,0.0,0.0,0.0,0.0,0.0,0.0,0.0,0.0,0.0,0.0,0.0,0.0,0.0,0.0,0.0,0.0
115,21496.00529,3.5078714,2,16,2,1,1,1,4,1,-35.76923077,n/a,n/a,5942666.0,5946176.0,0.0,0.0,0.0,5943559.0,5943183.0,5945176.0,5943183.0,5944176.0,5945182.0,5946176.0,3510.0,517.0,993.0,994.0,1993.0,-5945182.0,0.0,0.0,0.0,0.0,1.0,0.0,0.0,0.0,0.0,0.0,0.0,0.0,0.0,0.0,0.0,0.0,0.0,0.0,0.0,0.0,0.0,0.0,0.0,0.0,0.0,0.0,0.0,0.0,0.0,0.0,0.0,0.0,0.0,0.0,0.0,0.0
116,21499.5215,3.8077866,2,17,2,2,1,1,5,2,-35.76923077,n/a,n/a,5946182.0,5949992.0,0.0,0.0,0.0,5948449.0,5946999.0,5948991.0,5946999.0,5948192.0,5948998.0,5949992.0,3810.0,817.0,1193.0,994.0,1992.0,-5948998.0,0.0,0.0,0.0,1.0,0.0,0.0,0.0,-0.5088452244804671,9.920751111299412,-0.837690777716142,1.2253823773203039,5948412.0,5948505.0,93.0,350.0623832824115,10.631686158382644,11.08320158434286,-0.195288417830887,220.0,-0.2092173674457496,1.0,8.598445834078072,8.501522934177025,0.21461499263802103,0.33230708537499865,5949501.0,5949521.0,20.0,42.882812295188444,0.15246467531214494,0.24388453084763226,-2.2597207150097933,-2.1745456601923365,10.49403117147865,-0.6857670434595922,0.7083333333333334
117,21503.33761,3.5578221,2,18,2,2,2,2,3,2,-35.76923077,n/a,n/a,5949998.0,5953557.0,0.0,0.0,0.0,5951091.0,5950565.0,5952558.0,5950565.0,5951358.0,5952564.0,5953557.0,3559.0,567.0,793.0,993.0,1993.0,-5952564.0,0.0,0.0,0.0,1.0,0.0,0.0,0.0,-0.031153789253905263,12.132670148326746,0.6542295743320262,2.2153805691666526,5951630.0,5951729.0,99.0,226.17992286842414,12.263596748635091,12.171298806404911,-0.12764595350229424,272.0,-0.14153507094946005,1.0,6.178834868691366,1.734227601800771,1.2080747166236894,0.7269217492578078,5952516.0,5952592.0,76.0,109.13589859472225,4.470575123504993,4.40085860625403,3.0337571436101993,3.020164479953973,9.916846238463984,0.11542613602785104,0.5333333333333333
118,21506.90387,3.9743122,2,19,2,1,2,1,3,2,-35.76923077,n/a,n/a,5953565.0,5957540.0,0.0,0.0,0.0,5955740.0,5954547.0,5956541.0,5954548.0,5955340.0,5956547.0,5957540.0,3975.0,983.0,792.0,993.0,1994.0,-5956547.0,0.0,0.0,0.0,0.0,1.0,0.0,0.0,0.0,0.0,0.0,0.0,0.0,0.0,0.0,0.0,0.0,0.0,0.0,0.0,0.0,0.0,0.0,0.0,0.0,0.0,0.0,0.0,0.0,0.0,0.0,0.0,0.0,0.0,0.0,0.0,0.0
119,21510.88663,3.8077762,2,20,2,1,2,2,4,2,-35.76923077,n/a,n/a,5957547.0,5961356.0,0.0,0.0,0.0,5958580.0,5958364.0,5960357.0,5958364.0,5959356.0,5960363.0,5961356.0,3809.0,817.0,992.0,993.0,1993.0,-5960363.0,0.0,0.0,0.0,0.0,1.0,0.0,0.0,0.0,0.0,0.0,0.0,0.0,0.0,0.0,0.0,0.0,0.0,0.0,0.0,0.0,0.0,0.0,0.0,0.0,0.0,0.0,0.0,0.0,0.0,0.0,0.0,0.0,0.0,0.0,0.0,0.0
120,21514.70263,3.5078477,2,21,2,2,2,1,1,2,-35.76923077,n/a,n/a,5961363.0,5964873.0,0.0,0.0,0.0,5962856.0,5961880.0,5963873.0,5961880.0,5962273.0,5963879.0,5964873.0,3510.0,517.0,393.0,994.0,1993.0,-5963879.0,0.0,0.0,0.0,1.0,0.0,0.0,0.0,1.4642280949335829,9.778828293587177,0.9311521454778579,2.170380651355454,5962867.0,5962951.0,84.0,191.3799141376276,8.406441800977985,8.385389243585811,-0.14795335139356275,594.0,-0.14791017612818927,1.0,1.4642280949335829,9.778828293587177,0.9311521454778579,2.170380651355454,5962867.0,5962951.0,84.0,191.3799141376276,8.406441800977985,8.385389243585811,-0.14795335139356275,-0.14791017612818927,10.014674193212233,-0.02036931812256218,0.49166666666666664
121,21518.21881,3.9994329,2,22,2,2,1,1,1,1,-35.76923077,n/a,n/a,5964879.0,5968881.0,0.0,0.0,0.0,5965889.0,5965889.0,5967880.0,5965889.0,5966281.0,5967887.0,5968881.0,4002.0,1010.0,392.0,994.0,1991.0,-5967887.0,0.0,0.0,0.0,0.0,1.0,0.0,0.0,0.0,0.0,0.0,0.0,0.0,0.0,0.0,0.0,0.0,0.0,0.0,0.0,0.0,0.0,0.0,0.0,0.0,0.0,0.0,0.0,0.0,0.0,0.0,0.0,0.0,0.0,0.0,0.0,0.0
122,21522.22665,3.5077455,2,23,2,2,1,1,1,1,-35.76923077,n/a,n/a,5968887.0,5972396.0,0.0,0.0,0.0,5970563.0,5969404.0,5971397.0,5969404.0,5969797.0,5971404.0,5972396.0,3509.0,517.0,393.0,992.0,1993.0,-5971404.0,0.0,0.0,0.0,1.0,0.0,0.0,0.0,0.08999983562239604,11.33305622414316,0.7234602171184842,2.024996301503893,5970547.0,5970614.0,67.0,309.35126979135197,11.318140886842453,11.296321788208108,-0.11525054201721346,750.0,-0.11979402275275565,0.0,0.0,0.0,0.0,0.0,0.0,0.0,0.0,0.0,0.0,0.0,0.0,0.0,10.17119892080943,-0.23764204476322412,0.5708333333333333
123,21525.74273,3.6827766,2,24,2,2,1,1,1,2,-35.76923077,n/a,n/a,5972403.0,5976087.0,0.0,0.0,0.0,5974236.0,5973097.0,5975088.0,5973097.0,5973486.0,5975094.0,5976087.0,3684.0,694.0,389.0,993.0,1991.0,-5975094.0,0.0,1.0,0.0,0.0,0.0,0.0,0.0,0.0,0.0,0.0,0.0,0.0,0.0,0.0,0.0,0.0,0.0,0.0,0.0,0.0,0.0,0.0,0.0,0.0,0.0,0.0,0.0,0.0,0.0,0.0,0.0,0.0,0.0,0.0,0.0,0.0
124,21529.43386,3.7577918,2,25,2,2,1,1,4,1,-35.76923077,n/a,n/a,5976094.0,5979853.0,0.0,0.0,0.0,5978177.0,5976861.0,5978854.0,5976861.0,5977854.0,5978861.0,5979853.0,3759.0,767.0,993.0,992.0,1993.0,-5978861.0,0.0,0.0,0.0,1.0,0.0,0.0,0.0,-0.5919219958242157,8.324984795071561,0.14538434985156315,1.0799980274687426,5978155.0,5978216.0,61.0,237.8325616960605,8.965753144265813,8.955947656670721,-0.10443235060982094,301.0,0.11893772168612578,1.0,8.681522605421817,7.715755138550735,0.31846095681770786,0.758075538511713,5978990.0,5979030.0,40.0,67.86378660134395,1.0611162898120936,1.0517818554641056,-2.714425203711937,2.7427509231321805,10.347289239356282,-0.4820738622339703,0.6458333333333334
125,21551.88894,3.6828288,2,26,2,1,2,1,2,2,-35.76923077,n/a,n/a,5998549.0,6002234.0,0.0,0.0,0.0,6000466.0,5999243.0,6001234.0,5999243.0,5999832.0,6001241.0,6002234.0,3685.0,694.0,589.0,993.0,1991.0,-6001241.0,0.0,0.0,0.0,1.0,0.0,0.0,0.0,-0.6092296565208302,-11.187671874291595,0.2007688640807263,0.16615354268749735,6000455.0,6000508.0,53.0,329.2936277175342,10.578498852634528,10.600981595683354,3.138320413960168,623.0,3.1010919368626393,1.0,-0.6092296565208302,-11.187671874291595,0.2007688640807263,0.16615354268749735,6000455.0,6000508.0,53.0,329.2936277175342,10.578498852634528,10.600981595683354,3.138320413960168,3.1010919368626393,-10.24946128460803,0.3462784080835571,0.6041666666666666
126,21555.5801,3.6995652,2,27,2,2,1,2,1,2,-35.76923077,n/a,n/a,6002240.0,6005942.0,0.0,0.0,0.0,6004017.0,6002950.0,6004941.0,6002950.0,6003341.0,6004948.0,6005942.0,3702.0,710.0,391.0,994.0,1991.0,-6004948.0,0.0,0.0,0.0,1.0,0.0,0.0,0.0,-0.7788447313476512,9.134983315673121,0.3634608746289039,1.415766644983063,6003990.0,6004063.0,73.0,337.5550988045175,9.969520248247473,10.57293246130425,-0.10574928512133926,649.0,-0.11846673772630854,0.0,0.0,0.0,0.0,0.0,0.0,0.0,0.0,0.0,0.0,0.0,0.0,0.0,10.053805375111535,-0.07468749978272668,0.5208333333333334
127,21559.28791,3.7077271,2,28,2,1,1,2,2,1,-35.76923077,n/a,n/a,6005948.0,6009657.0,0.0,0.0,0.0,6007724.0,6006665.0,6008657.0,6006665.0,6007258.0,6008664.0,6009657.0,3709.0,717.0,593.0,993.0,1992.0,-6008664.0,0.0,0.0,0.0,1.0,0.0,0.0,0.0,-0.9899981918463486,-11.582286538174406,0.2561533783098934,0.06576911064713421,6007701.0,6007775.0,74.0,267.36399098362483,10.593999177889843,10.87036010744081,3.1236207325472614,443.0,3.1030521551377785,1.0,-11.603055731010343,-11.613440327428311,-0.10730749631901051,-0.031153789253905263,6007798.0,6007817.0,19.0,147.30616798709772,0.07685848647040817,0.5611099821355265,-1.7063240407803744,1.7318882313324786,-9.955977420363286,-0.06110795436768654,0.5166666666666667
128,21563.00402,3.5077945,2,29,2,2,1,2,3,2,-35.76923077,n/a,n/a,6009664.0,6013173.0,0.0,0.0,0.0,6010441.0,6010181.0,6012174.0,6010181.0,6010974.0,6012181.0,6013173.0,3509.0,517.0,793.0,992.0,1993.0,-6012181.0,0.0,0.0,0.0,0.0,1.0,0.0,0.0,0.0,0.0,0.0,0.0,0.0,0.0,0.0,0.0,0.0,0.0,0.0,0.0,0.0,0.0,0.0,0.0,0.0,0.0,0.0,0.0,0.0,0.0,0.0,0.0,0.0,0.0,0.0,0.0,0.0
129,21566.52018,3.8077777,2,30,2,1,1,2,3,1,-35.76923077,n/a,n/a,6013180.0,6016989.0,0.0,0.0,0.0,6015397.0,6013997.0,6015990.0,6013997.0,6014791.0,6015997.0,6016990.0,3809.0,817.0,794.0,993.0,1993.0,-6015997.0,0.0,0.0,0.0,1.0,0.0,0.0,0.0,-0.827306181298171,-9.706136118661394,0.4292299852760381,-0.8653830348307235,6015383.0,6015437.0,54.0,292.56033779820314,8.972716641488653,8.893941880635593,2.996804014486513,592.0,2.9955124441696372,1.0,-0.827306181298171,-9.706136118661394,0.4292299852760381,-0.8653830348307235,6015383.0,6015437.0,54.0,292.56033779820314,8.972716641488653,8.893941880635593,2.996804014486513,2.9955124441696372,-9.545100010420645,-0.6314488617994276,0.6916666666666667
130,21570.3363,3.6746025,2,31,2,2,1,2,2,2,-35.76923077,n/a,n/a,6016997.0,6020673.0,0.0,0.0,0.0,6018596.0,6017680.0,6019673.0,6017680.0,6018273.0,6019679.0,6020673.0,3676.0,683.0,593.0,994.0,1993.0,-6019679.0,0.0,0.0,0.0,1.0,0.0,0.0,0.0,-0.7511524742330696,8.006523838253853,0.4119223245794236,1.3673051950325432,6018572.0,6018627.0,55.0,327.6795204691027,8.80963397783641,8.822883194823053,-0.10866121584058791,299.0,-0.14250738577179167,1.0,-0.7511524742330696,8.006523838253853,0.4119223245794236,1.3673051950325432,6018572.0,6018627.0,55.0,327.6795204691027,8.80963397783641,8.822883194823053,-0.10866121584058791,-0.14250738577179167,9.877715056564691,0.16974431768801948,0.44583333333333336
131,21574.01911,3.9994238,2,32,2,2,1,2,1,1,-35.76923077,n/a,n/a,6020679.0,6024681.0,0.0,0.0,0.0,6022222.0,6021689.0,6023680.0,6021689.0,6022079.0,6023687.0,6024681.0,4002.0,1010.0,390.0,994.0,1991.0,-6023687.0,0.0,0.0,0.0,0.0,1.0,0.0,0.0,0.0,0.0,0.0,0.0,0.0,0.0,0.0,0.0,0.0,0.0,0.0,0.0,0.0,0.0,0.0,0.0,0.0,0.0,0.0,0.0,0.0,0.0,0.0,0.0,0.0,0.0,0.0,0.0,0.0
132,21625.1951,3.9993921,2,33,2,1,2,1,4,2,-35.76923077,n/a,n/a,6071855.0,6075856.0,0.0,0.0,0.0,6074081.0,6072864.0,6074856.0,6072864.0,6073855.0,6074863.0,6075856.0,4001.0,1009.0,991.0,993.0,1992.0,-6074863.0,0.0,1.0,0.0,0.0,0.0,0.0,0.0,0.0,0.0,0.0,0.0,0.0,0.0,0.0,0.0,0.0,0.0,0.0,0.0,0.0,0.0,0.0,0.0,0.0,0.0,0.0,0.0,0.0,0.0,0.0,0.0,0.0,0.0,0.0,0.0,0.0
133,21629.20283,3.5078319,2,34,2,2,2,1,5,1,-35.76923077,n/a,n/a,6075863.0,6079372.0,0.0,0.0,0.0,6077812.0,6076379.0,6078372.0,6076379.0,6077572.0,6078379.0,6079372.0,3509.0,516.0,1193.0,993.0,1993.0,-6078379.0,0.0,0.0,0.0,1.0,0.0,0.0,0.0,-0.827306181298171,9.003445094378845,0.044999917811196055,1.7861505838906142,6077789.0,6077870.0,81.0,304.75738642495736,9.98375061218048,10.399476115109161,-0.17529482641578242,217.0,-0.17768017265963443,0.0,0.0,0.0,0.0,0.0,0.0,0.0,0.0,0.0,0.0,0.0,0.0,0.0,9.515751623996172,0.6721874980445519,0.7041666666666667
134,21632.71899,3.5078507,2,35,2,2,1,2,1,2,-35.76923077,n/a,n/a,6079379.0,6082889.0,0.0,0.0,0.0,6080906.0,6079896.0,6081888.0,6079896.0,6080289.0,6081895.0,6082889.0,3510.0,517.0,393.0,994.0,1992.0,-6081895.0,0.0,0.0,0.0,1.0,0.0,0.0,0.0,-0.9553828704531196,8.802676230298118,-0.2769225711458316,0.5815373994062447,6080881.0,6080963.0,82.0,300.28777453627185,9.795747594481716,10.164322755567213,-0.08774854756809942,592.0,-0.10234570472021033,1.0,-0.9553828704531196,8.802676230298118,-0.2769225711458316,0.5815373994062447,6080881.0,6080963.0,82.0,300.28777453627185,9.795747594481716,10.164322755567213,-0.08774854756809942,-0.10234570472021033,9.985325806787763,0.02036931812256218,0.49166666666666664
135,21636.23517,3.4994953,2,36,2,1,1,1,5,1,-35.76923077,n/a,n/a,6082895.0,6086396.0,0.0,0.0,0.0,6084811.0,6083405.0,6085396.0,6083405.0,6084595.0,6085403.0,6086396.0,3501.0,510.0,1190.0,993.0,1991.0,-6085403.0,0.0,0.0,0.0,1.0,0.0,0.0,0.0,-0.882690695527338,-9.799597486423115,-0.19730733194140657,-2.5338415259843603,6084793.0,6084863.0,70.0,293.59379807924046,9.217950897973756,9.44530344160946,2.885320181565619,198.0,2.880258439499066,1.0,-0.882690695527338,-9.799597486423115,-0.19730733194140657,-2.5338415259843603,6084793.0,6084863.0,70.0,293.59379807924046,9.217950897973756,9.44530344160946,2.885320181565619,2.880258439499066,-9.535317214945822,-0.6450284072144677,0.6958333333333333
136,21639.74298,3.507843,2,37,2,2,1,1,4,2,-35.76923077,n/a,n/a,6086403.0,6089912.0,0.0,0.0,0.0,6088162.0,6086919.0,6088913.0,6086919.0,6087913.0,6088919.0,6089912.0,3509.0,516.0,994.0,993.0,1994.0,-6088919.0,0.0,0.0,0.0,1.0,0.0,0.0,0.0,-1.360382130753896,9.083060333583278,-0.31499942467838415,0.3703839389075513,6088134.0,6088212.0,78.0,300.746302130604,10.465908506240693,10.88580533610139,-0.06553412898716847,221.0,-0.07894246074589605,1.0,-1.360382130753896,9.083060333583278,-0.31499942467838415,0.3703839389075513,6088134.0,6088212.0,78.0,300.746302130604,10.465908506240693,10.88580533610139,-0.06553412898716847,-0.07894246074589605,10.259244080082857,-0.3598579534985972,0.6083333333333333
137,21643.25915,3.9994264,2,38,2,1,2,2,4,2,-35.76923077,n/a,n/a,6089919.0,6093920.0,0.0,0.0,0.0,6091069.0,6090929.0,6092920.0,6090929.0,6091920.0,6092927.0,6093920.0,4001.0,1010.0,991.0,993.0,1991.0,-6092927.0,0.0,1.0,0.0,0.0,0.0,0.0,0.0,0.0,0.0,0.0,0.0,0.0,0.0,0.0,0.0,0.0,0.0,0.0,0.0,0.0,0.0,0.0,0.0,0.0,0.0,0.0,0.0,0.0,0.0,0.0,0.0,0.0,0.0,0.0,0.0,0.0
138,21647.26691,3.5079406,2,39,2,2,1,1,1,1,-35.76923077,n/a,n/a,6093927.0,6097437.0,0.0,0.0,0.0,6095860.0,6094443.0,6096436.0,6094443.0,6094837.0,6096443.0,6097437.0,3510.0,516.0,394.0,994.0,1993.0,-6096443.0,0.0,0.0,0.0,0.0,0.0,0.0,1.0,-1.0557673024934828,10.048827800454362,-0.24923031403124998,-0.1869227355234355,6095838.0,6095913.0,75.0,324.384636280913,11.104769904628943,11.626412538280563,-0.0056109136862499565,1001.0,0.06793468897832698,0.0,0.0,0.0,0.0,0.0,0.0,0.0,0.0,0.0,0.0,0.0,0.0,0.0,0.0,0.0,0.0
139,21650.78319,3.9992957,2,40,2,1,1,1,2,2,-35.76923077,n/a,n/a,6097443.0,6101444.0,0.0,0.0,0.0,6100219.0,6098452.0,6100444.0,6098452.0,6099043.0,6100451.0,6101444.0,4001.0,1009.0,591.0,993.0,1992.0,-6100451.0,0.0,0.0,0.0,0.0,0.0,0.0,1.0,-0.9346136776171815,-9.550367172391864,-0.031153789253905263,-2.53730305812368,6100198.0,6100275.0,77.0,247.20418667778495,8.972847510159676,9.073040900986593,2.8585238081269013,1155.0,2.853388177262792,0.0,0.0,0.0,0.0,0.0,0.0,0.0,0.0,0.0,0.0,0.0,0.0,0.0,0.0,0.0,0.0
140,21654.79098,3.5076777,2,41,2,1,2,2,4,2,-35.76923077,n/a,n/a,6101451.0,6104960.0,0.0,0.0,0.0,6102027.0,6101967.0,6103960.0,6101967.0,6102960.0,6103967.0,6104960.0,3509.0,516.0,993.0,993.0,1993.0,-6103967.0,0.0,1.0,0.0,0.0,0.0,0.0,0.0,0.0,0.0,0.0,0.0,0.0,0.0,0.0,0.0,0.0,0.0,0.0,0.0,0.0,0.0,0.0,0.0,0.0,0.0,0.0,0.0,0.0,0.0,0.0,0.0,0.0,0.0,0.0,0.0,0.0
141,21658.30712,3.5077171,2,42,2,1,1,2,2,1,-35.76923077,n/a,n/a,6104967.0,6108476.0,0.0,0.0,0.0,6107050.0,6105483.0,6107477.0,6105483.0,6106076.0,6107483.0,6108476.0,3509.0,516.0,593.0,993.0,1994.0,-6107483.0,0.0,0.0,0.0,0.0,0.0,0.0,1.0,-0.36692240676822757,-10.723826567622325,-0.43269151741536177,-2.69307200439321,6107031.0,6107162.0,131.0,6517.203918877549,10.600697323432414,22.492796388107056,2.9267134466033817,955.0,2.697629980067409,0.0,0.0,0.0,0.0,0.0,0.0,0.0,0.0,0.0,0.0,0.0,0.0,0.0,0.0,0.0,0.0
142,21661.82316,3.8077815,2,43,2,2,2,1,3,1,-35.76923077,n/a,n/a,6108483.0,6112292.0,0.0,0.0,0.0,6110666.0,6109299.0,6111293.0,6109299.0,6110092.0,6111299.0,6112292.0,3809.0,816.0,793.0,993.0,1994.0,-6111299.0,0.0,0.0,0.0,1.0,0.0,0.0,0.0,-1.166536330951817,8.622676559053327,-0.3426916817929658,1.8069197767265506,6110639.0,6110746.0,107.0,189.37284162042172,10.022450719681352,10.35513448646525,-0.2161590238200554,547.0,-0.22211345726935577,0.0,0.0,0.0,0.0,0.0,0.0,0.0,0.0,0.0,0.0,0.0,0.0,0.0,9.594013987794765,0.563551134724219,0.6708333333333333
143,21665.63924,3.6578348,2,44,2,2,1,2,5,2,-35.76923077,n/a,n/a,6112299.0,6115959.0,0.0,0.0,0.0,6114265.0,6112966.0,6114958.0,6112966.0,6114158.0,6114965.0,6115959.0,3660.0,667.0,1192.0,994.0,1992.0,-6114965.0,0.0,0.0,0.0,1.0,0.0,0.0,0.0,-1.3361514057786381,8.342292455768176,-0.28730716756379865,-0.32192248895702763,6114247.0,6114313.0,66.0,325.0918487195746,9.678505762853497,9.865269430777307,0.003576522661510185,89.0,-0.03720192933131741,0.0,0.0,0.0,0.0,0.0,0.0,0.0,0.0,0.0,0.0,0.0,0.0,0.0,10.337506443881452,-0.46849431681893017,0.6416666666666667
144,21669.30541,3.9993923,2,45,2,2,2,2,2,1,-35.76923077,n/a,n/a,6115965.0,6119966.0,0.0,0.0,0.0,6118607.0,6116975.0,6118966.0,6116975.0,6117565.0,6118973.0,6119966.0,4001.0,1010.0,590.0,993.0,1991.0,-6118973.0,0.0,0.0,0.0,0.0,1.0,0.0,0.0,0.0,0.0,0.0,0.0,0.0,0.0,0.0,0.0,0.0,0.0,0.0,0.0,0.0,0.0,0.0,0.0,0.0,0.0,0.0,0.0,0.0,0.0,0.0,0.0,0.0,0.0,0.0,0.0,0.0
145,21689.86083,3.6910402,2,46,2,1,2,1,3,1,-35.76923077,n/a,n/a,6136520.0,6140213.0,0.0,0.0,0.0,6138503.0,6137220.0,6139213.0,6137220.0,6138013.0,6139220.0,6140213.0,3693.0,700.0,793.0,993.0,1993.0,-6139220.0,0.0,0.0,0.0,1.0,0.0,0.0,0.0,-0.917306016920567,-10.99036454235019,-0.12461515701562499,-0.8030754563229131,6138485.0,6138544.0,59.0,348.9763120653653,10.095881161863314,10.113063864535162,3.074340276993677,472.0,3.0696511353363327,0.0,0.0,0.0,0.0,0.0,0.0,0.0,0.0,0.0,0.0,0.0,0.0,0.0,-10.317940852931805,0.44133522598884595,0.6333333333333333
146,21693.5602,3.5080071,2,47,2,2,2,2,2,1,-35.76923077,n/a,n/a,6140220.0,6143730.0,0.0,0.0,0.0,6142113.0,6140736.0,6142729.0,6140736.0,6141330.0,6142736.0,6143730.0,3510.0,516.0,594.0,994.0,1993.0,-6142736.0,0.0,0.0,0.0,1.0,0.0,0.0,0.0,-0.827306181298171,9.034598883632754,-0.07615370706510526,1.8623042909557175,6142086.0,6142159.0,73.0,330.64930748980987,10.050611469945554,10.31543837417464,-0.19408587926327026,756.0,-0.19245976577634108,1.0,-0.827306181298171,9.034598883632754,-0.07615370706510526,1.8623042909557175,6142086.0,6142159.0,73.0,330.64930748980987,10.050611469945554,10.31543837417464,-0.19408587926327026,-0.19245976577634108,9.584231192319942,0.5771306801392592,0.675
147,21697.0764,3.5078285,2,48,2,2,2,1,1,2,-35.76923077,n/a,n/a,6143736.0,6147245.0,0.0,0.0,0.0,6145846.0,6144253.0,6146245.0,6144253.0,6144645.0,6146252.0,6147245.0,3509.0,517.0,392.0,993.0,1992.0,-6146252.0,0.0,0.0,0.0,0.0,0.0,0.0,1.0,-0.7788447313476512,9.398059758261658,0.11769209273697762,2.2015344406093615,6145821.0,6145883.0,62.0,333.5267998247901,10.388059680297202,10.534824888261248,-0.20197009335645913,1176.0,-0.2260107485224376,0.0,0.0,0.0,0.0,0.0,0.0,0.0,0.0,0.0,0.0,0.0,0.0,0.0,0.0,0.0,0.0
148,21700.59264,3.7993895,2,49,2,1,2,1,2,1,-35.76923077,n/a,n/a,6147252.0,6151053.0,0.0,0.0,0.0,6149128.0,6148062.0,6150053.0,6148062.0,6148652.0,6150060.0,6151053.0,3801.0,810.0,590.0,993.0,1991.0,-6150060.0,0.0,0.0,0.0,1.0,0.0,0.0,0.0,-1.0003827882643157,-11.582286538174406,0.08999983562239604,-0.6438449779140591,6149106.0,6149179.0,73.0,247.68774932772737,10.6073189441402,10.605323288487167,3.0723544720634957,454.0,3.070378207733587,1.0,-1.0488442382148355,-1.2288439094596275,0.9553828704531196,0.9242290811992143,6150121.0,6150141.0,20.0,37.11182922449775,0.182675778999598,0.3081541378209215,2.970213527200291,0.2613259806224968,-10.053805375111535,0.07468749978272668,0.5208333333333334
149,21704.40037,3.5078173,2,50,2,2,1,1,3,1,-35.76923077,n/a,n/a,6151060.0,6154569.0,0.0,0.0,0.0,6151786.0,6151576.0,6153569.0,6151576.0,6152369.0,6153576.0,6154570.0,3509.0,516.0,793.0,994.0,1993.0,-6153576.0,0.0,0.0,0.0,0.0,1.0,0.0,0.0,0.0,0.0,0.0,0.0,0.0,0.0,0.0,0.0,0.0,0.0,0.0,0.0,0.0,0.0,0.0,0.0,0.0,0.0,0.0,0.0,0.0,0.0,0.0,0.0,0.0,0.0,0.0,0.0,0.0
150,21707.91651,3.5078169,2,51,2,2,2,2,2,2,-35.76923077,n/a,n/a,6154576.0,6158086.0,0.0,0.0,0.0,6155152.0,6155093.0,6157086.0,6155093.0,6155686.0,6157092.0,6158086.0,3510.0,517.0,593.0,994.0,1993.0,-6157092.0,0.0,1.0,0.0,0.0,0.0,0.0,0.0,0.0,0.0,0.0,0.0,0.0,0.0,0.0,0.0,0.0,0.0,0.0,0.0,0.0,0.0,0.0,0.0,0.0,0.0,0.0,0.0,0.0,0.0,0.0,0.0,0.0,0.0,0.0,0.0,0.0
151,21711.43266,3.5078463,2,52,2,1,2,1,1,2,-35.76923077,n/a,n/a,6158092.0,6161602.0,0.0,0.0,0.0,6159635.0,6158609.0,6160601.0,6158609.0,6159002.0,6160609.0,6161602.0,3510.0,517.0,393.0,993.0,1992.0,-6160609.0,0.0,0.0,0.0,1.0,0.0,0.0,0.0,-0.8999983562239525,-7.975370048999948,-0.1349997534335921,-0.6542295743320262,6159618.0,6159666.0,48.0,217.453688993652,7.0943980856621005,7.014800645285377,3.068338448581424,616.0,-3.0749260161559913,1.0,-0.8999983562239525,-7.975370048999948,-0.1349997534335921,-0.6542295743320262,6159618.0,6159666.0,48.0,217.453688993652,7.0943980856621005,7.014800645285377,3.068338448581424,-3.0749260161559913,-10.014674193212237,0.02036931812256218,0.5041666666666667
152,21714.94884,3.7411295,2,53,2,1,1,1,1,2,-35.76923077,n/a,n/a,6161608.0,6165351.0,0.0,0.0,0.0,6163441.0,6162358.0,6164351.0,6162358.0,6162751.0,6164358.0,6165351.0,3743.0,750.0,393.0,993.0,1993.0,-6164358.0,0.0,0.0,0.0,1.0,0.0,0.0,0.0,-0.9138444847812434,-10.336134968018163,-0.3911531317434855,-0.9934597239856723,6163430.0,6163494.0,64.0,276.77950560518343,9.441521656044403,9.526388637826217,3.077755923856157,679.0,3.033463415474173,0.0,0.0,0.0,0.0,0.0,0.0,0.0,0.0,0.0,0.0,0.0,0.0,0.0,-9.90706344298916,-0.12900568144289512,0.5375
153,21718.6983,3.5078293,2,54,2,2,1,1,3,2,-35.76923077,n/a,n/a,6165358.0,6168867.0,0.0,0.0,0.0,6166901.0,6165874.0,6167867.0,6165874.0,6166667.0,6167874.0,6168867.0,3509.0,516.0,793.0,993.0,1993.0,-6167874.0,0.0,0.0,0.0,1.0,0.0,0.0,0.0,-0.8757676312486907,9.387675161843692,0.21115346049869735,0.33923014965364207,6166874.0,6166969.0,95.0,354.0600115643078,10.264241891410435,10.754040566102484,-0.01247827304892151,207.0,-0.07055067098412307,0.0,0.0,0.0,0.0,0.0,0.0,0.0,0.0,0.0,0.0,0.0,0.0,0.0,10.00489139773741,-0.006789772707522039,0.5
154,21722.21447,3.7577929,2,55,2,1,2,1,2,1,-35.76923077,n/a,n/a,6168874.0,6172633.0,0.0,0.0,0.0,6170840.0,6169641.0,6171633.0,6169641.0,6170234.0,6171640.0,6172634.0,3759.0,767.0,593.0,994.0,1992.0,-6171640.0,0.0,0.0,0.0,1.0,0.0,0.0,0.0,-0.9276906133385341,-9.97267409338926,-0.13153822129426843,0.044999917811196055,6170821.0,6170882.0,61.0,327.0924014185401,9.046706133668172,9.104572475150425,-3.122077335784238,587.0,-3.092146883606125,1.0,-5.244221191074185,-0.782306263486975,-0.9899981918463486,-0.07615370706510526,6171739.0,6171788.0,49.0,187.6309722705807,4.554535823043954,4.619323529011858,-0.20201618578237696,2.8886170689704493,-10.220112898183556,0.3055397718384327,0.5916666666666667
155,21725.98058,3.507839,2,56,2,1,1,1,1,1,-35.76923077,n/a,n/a,6172640.0,6176150.0,0.0,0.0,0.0,6174483.0,6173157.0,6175149.0,6173157.0,6173550.0,6175156.0,6176150.0,3510.0,517.0,393.0,994.0,1992.0,-6175156.0,0.0,0.0,0.0,0.0,0.0,0.0,1.0,-0.9034598883632762,-9.100367994279889,-0.5469220780130157,-1.484997287769521,6174463.0,6174537.0,74.0,221.95383186594825,8.250411359199079,8.295669199296402,3.027645818187592,913.0,3.0240694972676074,0.0,0.0,0.0,0.0,0.0,0.0,0.0,0.0,0.0,0.0,0.0,0.0,0.0,0.0,0.0,0.0
156,21729.49675,3.499503,2,57,2,2,2,2,4,2,-35.76923077,n/a,n/a,6176156.0,6179657.0,0.0,0.0,0.0,6177649.0,6176667.0,6178657.0,6176667.0,6177656.0,6178664.0,6179657.0,3501.0,511.0,989.0,993.0,1990.0,-6178664.0,0.0,0.0,0.0,1.0,0.0,0.0,0.0,-1.1388440738372314,8.238446491588489,-0.09692289990103947,1.4815357556301991,6177630.0,6177692.0,62.0,361.9844353239874,9.50921185354726,9.847253443229613,-0.16676447493125038,-26.0,-0.16740248774543962,0.0,0.0,0.0,0.0,0.0,0.0,0.0,0.0,0.0,0.0,0.0,0.0,0.0,10.034239784161889,-0.0475284089526464,0.48333333333333334
157,21733.00476,3.5078197,2,58,2,2,1,2,5,1,-35.76923077,n/a,n/a,6179664.0,6183173.0,0.0,0.0,0.0,6180991.0,6180180.0,6182174.0,6180180.0,6181374.0,6182180.0,6183173.0,3509.0,516.0,1194.0,993.0,1994.0,-6182180.0,0.0,0.0,0.0,0.0,1.0,0.0,0.0,0.0,0.0,0.0,0.0,0.0,0.0,0.0,0.0,0.0,0.0,0.0,0.0,0.0,0.0,0.0,0.0,0.0,0.0,0.0,0.0,0.0,0.0,0.0,0.0,0.0,0.0,0.0,0.0,0.0
158,21736.52074,3.5078117,2,59,2,1,2,2,4,1,-35.76923077,n/a,n/a,6183180.0,6186690.0,0.0,0.0,0.0,6183691.0,6183697.0,6185689.0,6183697.0,6184690.0,6185696.0,6186690.0,3510.0,517.0,993.0,994.0,1992.0,-6185696.0,0.0,0.0,0.0,0.0,1.0,0.0,0.0,0.0,0.0,0.0,0.0,0.0,0.0,0.0,0.0,0.0,0.0,0.0,0.0,0.0,0.0,0.0,0.0,0.0,0.0,0.0,0.0,0.0,0.0,0.0,0.0,0.0,0.0,0.0,0.0,0.0
159,21740.03689,3.5328094,2,60,2,2,1,1,3,1,-35.76923077,n/a,n/a,6186696.0,6190231.0,0.0,0.0,0.0,6187789.0,6187239.0,6189230.0,6187239.0,6188031.0,6189237.0,6190231.0,3535.0,543.0,792.0,994.0,1991.0,-6189237.0,0.0,0.0,0.0,0.0,0.0,1.0,0.0,-1.1976901202057222,8.096523673876254,0.1211536248763013,1.9211503373242065,6187763.0,6187840.0,77.0,305.5122154439386,9.466910700694653,9.897474410758436,-0.19130026065028632,-268.0,-0.20569497831570496,0.0,0.0,0.0,0.0,0.0,0.0,0.0,0.0,0.0,0.0,0.0,0.0,0.0,0.0,0.0,0.0
160,21743.57805,3.5078251,2,61,2,1,2,1,2,2,-35.76923077,n/a,n/a,6190237.0,6193746.0,0.0,0.0,0.0,6191680.0,6190754.0,6192747.0,6190754.0,6191347.0,6192754.0,6193746.0,3509.0,517.0,593.0,992.0,1993.0,-6192754.0,0.0,0.0,0.0,1.0,0.0,0.0,0.0,-1.0799980274687446,-10.42613480364056,-0.1626920105481776,-0.8134600527408802,6191662.0,6191729.0,67.0,251.70731674296604,9.368765750281655,9.36924918178841,3.0720752258522737,315.0,3.071338097075586,1.0,-1.0799980274687446,-10.42613480364056,-0.1626920105481776,-0.8134600527408802,6191662.0,6191729.0,67.0,251.70731674296604,9.368765750281655,9.36924918178841,3.0720752258522737,3.071338097075586,-9.897280647514338,-0.14258522685793526,0.45416666666666666
161,21747.09418,3.5079893,2,62,2,2,2,2,3,2,-35.76923077,n/a,n/a,6193753.0,6197264.0,0.0,0.0,0.0,6194997.0,6194270.0,6196263.0,6194270.0,6195063.0,6196270.0,6197264.0,3511.0,517.0,793.0,994.0,1993.0,-6196270.0,0.0,0.0,0.0,1.0,0.0,0.0,0.0,-1.561150994834626,9.86190506493093,-0.16961507482682103,1.734227601800771,6195559.0,6195630.0,71.0,298.04486340779556,11.58062289697299,11.647267647837582,-0.16514867741462677,496.0,-0.19955211068284723,0.0,0.0,0.0,0.0,0.0,0.0,0.0,0.0,0.0,0.0,0.0,0.0,0.0,9.652710760643714,0.4820738622339703,0.6458333333333334
162,21750.61038,3.6078115,2,63,2,2,1,1,3,2,-35.76923077,n/a,n/a,6197269.0,6200879.0,0.0,0.0,0.0,6198369.0,6197886.0,6199879.0,6197886.0,6198679.0,6199886.0,6200879.0,3610.0,617.0,793.0,993.0,1993.0,-6199886.0,0.0,0.0,0.0,1.0,0.0,0.0,0.0,-1.1942285880663985,7.127294674865842,-0.11769209273697762,1.4711511592122302,6199037.0,6199109.0,72.0,214.3667105180671,8.471845861132449,8.46349138482934,-0.188661107722936,358.0,-0.19218184275376513,0.0,0.0,0.0,0.0,0.0,0.0,0.0,0.0,0.0,0.0,0.0,0.0,0.0,10.180981716284254,-0.25122159017826823,0.575
163,21754.23484,3.5078672,2,64,2,2,1,2,2,2,-35.76923077,n/a,n/a,6200896.0,6204403.0,0.0,0.0,0.0,6201452.0,6201413.0,6203404.0,6201413.0,6202003.0,6203410.0,6204403.0,3507.0,517.0,590.0,993.0,1991.0,-6203410.0,0.0,0.0,0.0,0.0,1.0,0.0,0.0,0.0,0.0,0.0,0.0,0.0,0.0,0.0,0.0,0.0,0.0,0.0,0.0,0.0,0.0,0.0,0.0,0.0,0.0,0.0,0.0,0.0,0.0,0.0,0.0,0.0,0.0,0.0,0.0,0.0
164,21757.75115,3.6826777,2,65,2,1,2,1,3,2,-35.76923077,n/a,n/a,6204410.0,6208094.0,0.0,0.0,0.0,6206186.0,6205104.0,6207095.0,6205104.0,6205894.0,6207101.0,6208094.0,3684.0,694.0,790.0,993.0,1991.0,-6207101.0,0.0,0.0,0.0,1.0,0.0,0.0,0.0,-1.166536330951817,-8.695368733979112,-0.11423056059765394,-0.30461482826041314,6206171.0,6206229.0,58.0,275.5350833286739,7.531239175743075,7.606751333884037,3.1163106852041995,277.0,3.09379310009974,0.0,0.0,0.0,0.0,0.0,0.0,0.0,0.0,0.0,0.0,0.0,0.0,0.0,-10.083153761536009,0.11542613602785104,0.5333333333333333
165,21761.44216,3.5078361,2,66,2,2,1,2,1,1,-35.76923077,n/a,n/a,6208101.0,6211611.0,0.0,0.0,0.0,6209728.0,6208618.0,6210611.0,6208618.0,6209011.0,6210618.0,6211611.0,3510.0,517.0,393.0,993.0,1993.0,-6210618.0,0.0,0.0,0.0,1.0,0.0,0.0,0.0,-1.2946130201067616,9.474213465326763,-0.28038410328515523,0.044999917811196055,6209693.0,6209777.0,84.0,304.7814126509181,10.773741162407765,11.337648643200952,-0.030206174645003053,682.0,-0.07548398658436603,0.0,0.0,0.0,0.0,0.0,0.0,0.0,0.0,0.0,0.0,0.0,0.0,0.0,10.092936557010836,-0.12900568144289512,0.5375
166,21764.95833,3.5661401,2,67,2,1,1,2,2,1,-35.76923077,n/a,n/a,6211617.0,6215185.0,0.0,0.0,0.0,6213384.0,6212194.0,6214185.0,6212194.0,6212784.0,6214192.0,6215185.0,3568.0,577.0,590.0,993.0,1991.0,-6214192.0,0.0,0.0,0.0,1.0,0.0,0.0,0.0,-1.0973056881653591,-10.526519235680922,-0.294230231842446,-1.779227519611967,6213376.0,6213437.0,61.0,278.87780444700263,9.545432681095912,9.542755417910932,2.9853866817960744,592.0,2.987178296690951,0.0,0.0,0.0,0.0,0.0,0.0,0.0,0.0,0.0,0.0,0.0,0.0,0.0,-9.779887101816442,-0.3055397718384327,0.5916666666666667
167,21768.5328,3.9994236,2,68,2,1,2,2,3,2,-35.76923077,n/a,n/a,6215192.0,6219193.0,0.0,0.0,0.0,6217475.0,6216201.0,6218193.0,6216201.0,6216992.0,6218200.0,6219193.0,4001.0,1009.0,791.0,993.0,1992.0,-6218200.0,0.0,1.0,0.0,0.0,0.0,0.0,0.0,0.0,0.0,0.0,0.0,0.0,0.0,0.0,0.0,0.0,0.0,0.0,0.0,0.0,0.0,0.0,0.0,0.0,0.0,0.0,0.0,0.0,0.0,0.0,0.0,0.0,0.0,0.0,0.0,0.0
168,21772.5406,3.9993971,2,69,2,2,1,1,2,2,-35.76923077,n/a,n/a,6219200.0,6223201.0,0.0,0.0,0.0,6220225.0,6220209.0,6222200.0,6220209.0,6220801.0,6222207.0,6223201.0,4001.0,1009.0,592.0,994.0,1991.0,-6222207.0,0.0,1.0,0.0,0.0,0.0,0.0,0.0,0.0,0.0,0.0,0.0,0.0,0.0,0.0,0.0,0.0,0.0,0.0,0.0,0.0,0.0,0.0,0.0,0.0,0.0,0.0,0.0,0.0,0.0,0.0,0.0,0.0,0.0,0.0,0.0,0.0
169,21776.54833,3.9994201,2,70,2,1,2,2,4,1,-35.76923077,n/a,n/a,6223207.0,6227208.0,0.0,0.0,0.0,6225690.0,6224217.0,6226209.0,6224218.0,6225207.0,6226215.0,6227208.0,4001.0,1011.0,989.0,993.0,1992.0,-6226215.0,0.0,0.0,0.0,1.0,0.0,0.0,0.0,-1.0488442382148355,-8.951522112289005,-0.2596149104492171,0.08307677134374868,6225679.0,6225747.0,68.0,243.70773291047482,7.91010462447568,8.02686014131471,-3.0982558092926586,472.0,-3.0837738003889337,1.0,-6.83998750730204,-6.7292184788437055,0.20423039622005,-0.0553845142291671,6226765.0,6226789.0,24.0,52.740266376532084,0.2822581786116361,0.3276957719951999,1.1675148450760553,1.0267536539728452,-10.542945148852773,0.7536647705348007,0.7291666666666666
170,21780.55608,3.4995054,2,71,2,2,2,1,3,1,-35.76923077,n/a,n/a,6227215.0,6230716.0,0.0,0.0,0.0,6228448.0,6227725.0,6229717.0,6227725.0,6228516.0,6229723.0,6230717.0,3501.0,510.0,791.0,994.0,1992.0,-6229723.0,0.0,0.0,0.0,0.0,1.0,0.0,0.0,0.0,0.0,0.0,0.0,0.0,0.0,0.0,0.0,0.0,0.0,0.0,0.0,0.0,0.0,0.0,0.0,0.0,0.0,0.0,0.0,0.0,0.0,0.0,0.0,0.0,0.0,0.0,0.0,0.0
171,21784.0639,3.9995318,2,72,2,2,2,2,4,1,-35.76923077,n/a,n/a,6230723.0,6234725.0,0.0,0.0,0.0,6232899.0,6231733.0,6233724.0,6231733.0,6232723.0,6233731.0,6234725.0,4002.0,1010.0,990.0,994.0,1991.0,-6233731.0,0.0,0.0,0.0,1.0,0.0,0.0,0.0,-1.121536413140617,7.909600938352813,-0.2699995068671842,2.204995972748683,6232880.0,6232952.0,72.0,361.5685895400119,9.364136077912299,9.878464356241698,-0.2674840547524701,157.0,-0.26920243704958524,0.0,0.0,0.0,0.0,0.0,0.0,0.0,0.0,0.0,0.0,0.0,0.0,0.0,9.819018283715742,0.25122159017826823,0.575
172,21804.45266,3.5078486,2,73,2,1,1,2,5,2,-35.76923077,n/a,n/a,6251112.0,6254621.0,0.0,0.0,0.0,6253854.0,6251628.0,6253621.0,6251628.0,6252821.0,6253628.0,6254621.0,3509.0,516.0,1193.0,993.0,1993.0,-6253628.0,0.0,1.0,0.0,0.0,0.0,0.0,0.0,0.0,0.0,0.0,0.0,0.0,0.0,0.0,0.0,0.0,0.0,0.0,0.0,0.0,0.0,0.0,0.0,0.0,0.0,0.0,0.0,0.0,0.0,0.0,0.0,0.0,0.0,0.0,0.0,0.0
173,21807.9688,3.7244209,2,74,2,1,1,1,3,1,-35.76923077,n/a,n/a,6254628.0,6258354.0,0.0,0.0,0.0,6256821.0,6255361.0,6257353.0,6255361.0,6256154.0,6257361.0,6258354.0,3726.0,733.0,793.0,993.0,1992.0,-6257361.0,0.0,0.0,0.0,1.0,0.0,0.0,0.0,-0.9623059347317631,-9.11421412283718,-0.8446138419947854,-2.6134567651887854,6256810.0,6256876.0,66.0,336.4202441277155,8.341607302806434,8.602946459584322,2.927919840246295,656.0,2.9283354298595774,0.0,0.0,0.0,0.0,0.0,0.0,0.0,0.0,0.0,0.0,0.0,0.0,0.0,-9.466837646622047,-0.7400852251197566,0.725
174,21811.70158,3.6994387,2,75,2,1,1,1,5,2,-35.76923077,n/a,n/a,6258360.0,6262061.0,0.0,0.0,0.0,6260443.0,6259070.0,6261062.0,6259070.0,6260260.0,6261068.0,6262061.0,3701.0,710.0,1190.0,993.0,1992.0,-6261068.0,0.0,0.0,0.0,1.0,0.0,0.0,0.0,-0.7649986027903605,-10.298058114485611,-0.1211536248763013,-2.454226286779931,6260428.0,6260489.0,61.0,309.125242794494,9.814400221065236,9.82351474136545,2.9015754553121424,168.0,2.8963576021256703,0.0,0.0,0.0,0.0,0.0,0.0,0.0,0.0,0.0,0.0,0.0,0.0,0.0,-9.574448396845119,-0.5907102255543032,0.6791666666666667
175,21815.40935,3.5078725,2,76,2,1,1,1,3,2,-35.76923077,n/a,n/a,6262068.0,6265578.0,0.0,0.0,0.0,6263578.0,6262585.0,6264578.0,6262585.0,6263378.0,6264584.0,6265578.0,3510.0,517.0,793.0,994.0,1993.0,-6264584.0,0.0,0.0,0.0,1.0,0.0,0.0,0.0,-0.702691024282546,-10.744595760458264,0.1349997534335921,-1.8830734837916538,6263560.0,6263651.0,91.0,327.56827744653356,10.242678864497954,10.369512220955425,2.943269204292531,182.0,2.9286807590368453,1.0,-0.702691024282546,-10.744595760458264,0.1349997534335921,-1.8830734837916538,6263560.0,6263651.0,91.0,327.56827744653356,10.242678864497954,10.369512220955425,2.943269204292531,2.9286807590368453,-10.02445698868706,0.03394886353760232,0.4875
176,21818.92569,3.6576753,2,77,2,1,2,1,3,2,-35.76923077,n/a,n/a,6265585.0,6269244.0,0.0,0.0,0.0,6267301.0,6266251.0,6268244.0,6266251.0,6267044.0,6268251.0,6269244.0,3659.0,666.0,793.0,993.0,1993.0,-6268251.0,0.0,0.0,0.0,1.0,0.0,0.0,0.0,-1.3707667271718669,-9.038060415772078,-0.07615370706510526,-0.1349997534335921,6267290.0,6267355.0,65.0,232.78571294203866,7.667519505317338,7.900488906154077,3.133917860714776,246.0,3.1069725590539563,0.0,0.0,0.0,0.0,0.0,0.0,0.0,0.0,0.0,0.0,0.0,0.0,0.0,-10.053805375111535,0.07468749978272668,0.5208333333333334
177,21822.59174,3.5077959,2,78,2,2,1,1,3,2,-35.76923077,n/a,n/a,6269251.0,6272760.0,0.0,0.0,0.0,6270810.0,6269767.0,6271759.0,6269767.0,6270560.0,6271767.0,6272760.0,3509.0,516.0,793.0,993.0,1992.0,-6271767.0,0.0,0.0,0.0,0.0,1.0,0.0,0.0,0.0,0.0,0.0,0.0,0.0,0.0,0.0,0.0,0.0,0.0,0.0,0.0,0.0,0.0,0.0,0.0,0.0,0.0,0.0,0.0,0.0,0.0,0.0,0.0,0.0,0.0,0.0,0.0,0.0
178,21826.10786,3.7911208,2,79,2,2,1,2,4,2,-35.76923077,n/a,n/a,6272767.0,6276559.0,0.0,0.0,0.0,6274793.0,6273567.0,6275560.0,6273567.0,6274559.0,6275566.0,6276559.0,3792.0,800.0,992.0,993.0,1993.0,-6275566.0,0.0,0.0,0.0,1.0,0.0,0.0,0.0,-1.1146133488619736,9.183444765623637,-0.29076869970312236,-0.09346136776171972,6274766.0,6274830.0,64.0,315.1409817927642,10.299948112129536,10.317848951371529,-0.01915731992408665,207.0,-0.06714839133847152,0.0,0.0,0.0,0.0,0.0,0.0,0.0,0.0,0.0,0.0,0.0,0.0,0.0,10.239678489133203,-0.332698862668513,0.6
179,21829.90732,3.5079175,2,80,2,1,2,1,5,2,-35.76923077,n/a,n/a,6276566.0,6280075.0,0.0,0.0,0.0,6278466.0,6277083.0,6279076.0,6277083.0,6278275.0,6279082.0,6280076.0,3509.0,517.0,1192.0,994.0,1993.0,-6279082.0,0.0,0.0,0.0,1.0,0.0,0.0,0.0,-0.9899981918463486,-10.633826731999934,0.024230724975261835,0.0034615321393236813,6278450.0,6278507.0,57.0,274.65366498832856,9.643850904656908,9.61853712531649,3.1394390316501584,175.0,3.1066770686809733,1.0,2.0353808979218604,1.8623042909557157,0.45346071025129997,0.4084607924401,6279618.0,6279641.0,23.0,42.727298411078095,0.17883093826832114,0.28805688310573124,2.8872245950365145,2.7856349154218085,-10.435334398629701,0.6042897709693433,0.6833333333333333
180,21833.42348,3.5078352,2,81,2,1,2,2,5,1,-35.76923077,n/a,n/a,6280082.0,6283592.0,0.0,0.0,0.0,6282109.0,6280599.0,6282591.0,6280599.0,6281792.0,6282598.0,6283592.0,3510.0,517.0,1193.0,994.0,1992.0,-6282598.0,0.0,0.0,0.0,1.0,0.0,0.0,0.0,-1.2842284236887946,-11.440363720462166,0.11423056059765394,1.595766316227855,6282097.0,6282152.0,55.0,299.78025257151984,10.26362666709856,10.241292520769626,-2.996738438856176,305.0,-2.9930035382739253,0.0,0.0,0.0,0.0,0.0,0.0,0.0,0.0,0.0,0.0,0.0,0.0,0.0,-10.591859126226899,0.8215624976100053,0.75
181,21836.93964,3.5078448,2,82,2,1,2,2,1,1,-35.76923077,n/a,n/a,6283598.0,6287108.0,0.0,0.0,0.0,6285231.0,6284115.0,6286108.0,6284115.0,6284508.0,6286115.0,6287108.0,3510.0,517.0,393.0,993.0,1993.0,-6286115.0,0.0,0.0,0.0,1.0,0.0,0.0,0.0,-1.3742282593111907,-10.95574922095696,-0.3634608746289039,-0.38423006746484206,6285223.0,6285284.0,61.0,274.07682459972256,9.581543471582663,9.578023775784152,3.139425026926937,715.0,3.114845599177782,1.0,-1.3742282593111907,-10.95574922095696,-0.3634608746289039,-0.38423006746484206,6285223.0,6285284.0,61.0,274.07682459972256,9.581543471582663,9.578023775784152,3.139425026926937,3.114845599177782,-10.132067738910134,0.18332386310305962,0.5541666666666667
182,21840.4558,3.9994654,2,83,2,1,1,2,4,2,-35.76923077,n/a,n/a,6287114.0,6291115.0,0.0,0.0,0.0,6288208.0,6288125.0,6290116.0,6288125.0,6289116.0,6290122.0,6291115.0,4001.0,1011.0,991.0,993.0,1991.0,-6290122.0,0.0,0.0,0.0,0.0,1.0,0.0,0.0,0.0,0.0,0.0,0.0,0.0,0.0,0.0,0.0,0.0,0.0,0.0,0.0,0.0,0.0,0.0,0.0,0.0,0.0,0.0,0.0,0.0,0.0,0.0,0.0,0.0,0.0,0.0,0.0,0.0
183,21844.46356,3.5661475,2,84,2,2,2,1,1,1,-35.76923077,n/a,n/a,6291122.0,6294690.0,0.0,0.0,0.0,6292522.0,6291699.0,6293690.0,6291699.0,6292089.0,6293697.0,6294690.0,3568.0,577.0,390.0,993.0,1991.0,-6293697.0,0.0,0.0,0.0,1.0,0.0,0.0,0.0,-1.2011516523450458,9.11421412283718,0.30461482826041314,1.131921009558586,6292498.0,6292580.0,82.0,334.73858985655994,10.348488130805144,10.962691959224426,-0.08003004439344902,409.0,-0.10057979965638886,0.0,0.0,0.0,0.0,0.0,0.0,0.0,0.0,0.0,0.0,0.0,0.0,0.0,10.22989569365838,-0.31911931725347287,0.4
184,21848.03804,3.5078762,2,85,2,2,1,1,2,1,-35.76923077,n/a,n/a,6294697.0,6298206.0,0.0,0.0,0.0,6296340.0,6295213.0,6297206.0,6295213.0,6295807.0,6297213.0,6298206.0,3509.0,516.0,594.0,993.0,1993.0,-6297213.0,0.0,0.0,0.0,1.0,0.0,0.0,0.0,-0.9380752097565052,9.88959732204551,-0.3011532961210934,-0.1107690284583342,6296316.0,6296389.0,73.0,264.25862735423374,10.82934617718509,10.845585087485627,-0.017581308505666894,509.0,0.05748136505053345,1.0,-0.9380752097565052,9.88959732204551,-0.3011532961210934,-0.1107690284583342,6296316.0,6296389.0,73.0,264.25862735423374,10.82934617718509,10.845585087485627,-0.017581308505666894,0.05748136505053345,10.122284943435305,-0.16974431768801948,0.55
185,21851.55424,3.5077582,2,86,2,2,2,1,2,2,-35.76923077,n/a,n/a,6298213.0,6301722.0,0.0,0.0,0.0,6298890.0,6298729.0,6300723.0,6298729.0,6299322.0,6300729.0,6301722.0,3509.0,516.0,593.0,993.0,1994.0,-6300729.0,0.0,0.0,0.0,0.0,1.0,0.0,0.0,0.0,0.0,0.0,0.0,0.0,0.0,0.0,0.0,0.0,0.0,0.0,0.0,0.0,0.0,0.0,0.0,0.0,0.0,0.0,0.0,0.0,0.0,0.0,0.0,0.0,0.0,0.0,0.0,0.0
186,21855.07049,3.507797,2,87,2,1,1,2,5,2,-35.76923077,n/a,n/a,6301729.0,6305238.0,0.0,0.0,0.0,6304055.0,6302246.0,6304239.0,6302246.0,6303438.0,6304245.0,6305238.0,3509.0,517.0,1192.0,993.0,1993.0,-6304245.0,0.0,0.0,0.0,1.0,0.0,0.0,0.0,-0.8584599705520762,-9.68882845796478,-0.46730683880859075,-3.534224314248676,6304044.0,6304111.0,67.0,301.4559728186498,9.347801368485058,9.69309661715352,2.807312013683584,606.0,2.8147602682926145,1.0,-9.951904900553322,0.44999917811197626,-2.821148693548159,0.5642297387096302,6305036.0,6305140.0,104.0,205.9829775134168,10.938939418030888,10.95515369000018,-0.3146457004661396,-0.3181534476090983,-9.055960236679402,-1.3104261325514976,0.9
187,21858.58652,3.5078473,2,88,2,1,1,1,5,2,-35.76923077,n/a,n/a,6305245.0,6308755.0,0.0,0.0,0.0,6305855.0,6305762.0,6307754.0,6305762.0,6306955.0,6307761.0,6308755.0,3510.0,517.0,1193.0,994.0,1992.0,-6307761.0,0.0,1.0,0.0,0.0,0.0,0.0,0.0,0.0,0.0,0.0,0.0,0.0,0.0,0.0,0.0,0.0,0.0,0.0,0.0,0.0,0.0,0.0,0.0,0.0,0.0,0.0,0.0,0.0,0.0,0.0,0.0,0.0,0.0,0.0,0.0,0.0
188,21862.10267,3.5078449,2,89,2,2,2,1,4,2,-35.76923077,n/a,n/a,6308761.0,6312271.0,0.0,0.0,0.0,6310238.0,6309278.0,6311270.0,6309278.0,6310271.0,6311278.0,6312271.0,3510.0,517.0,993.0,993.0,1992.0,-6311278.0,0.0,0.0,0.0,1.0,0.0,0.0,0.0,-1.2738438272708235,9.668059265128843,-0.06576911064713421,1.460766562794261,6310589.0,6310695.0,106.0,253.62072205872795,11.04787556255747,11.523197173370265,-0.1386180872701947,318.0,-0.16811177803197044,1.0,7.030371774964795,-1.4711511592122302,0.7719216670690039,-0.33230708537499865,6311585.0,6311671.0,86.0,190.46204883478202,8.572934931402546,8.587904971990291,3.012429763000001,0.14195405739723918,9.633145169694068,0.5092329530640545,0.6541666666666667
189,21873.48436,3.86615,2,90,2,1,1,1,3,2,-35.76923077,n/a,n/a,6320143.0,6324010.0,0.0,0.0,0.0,6322085.0,6321020.0,6323011.0,6321020.0,6321809.0,6323017.0,6324010.0,3867.0,877.0,789.0,993.0,1991.0,-6323017.0,0.0,1.0,0.0,0.0,0.0,0.0,0.0,0.0,0.0,0.0,0.0,0.0,0.0,0.0,0.0,0.0,0.0,0.0,0.0,0.0,0.0,0.0,0.0,0.0,0.0,0.0,0.0,0.0,0.0,0.0,0.0,0.0,0.0,0.0,0.0,0.0
190,21877.35883,3.5078281,2,91,2,1,2,1,4,2,-35.76923077,n/a,n/a,6324017.0,6327527.0,0.0,0.0,0.0,6326393.0,6324534.0,6326527.0,6324534.0,6325527.0,6326534.0,6327527.0,3510.0,517.0,993.0,993.0,1993.0,-6326534.0,0.0,0.0,0.0,0.0,0.0,0.0,1.0,-1.5992278483671787,-10.616519071303319,-0.5676912708489539,2.253457422699205,6326681.0,6326771.0,90.0,218.27255962976176,9.448302543332831,9.45628873978684,-2.838379952202853,1154.0,-2.8332703265198087,0.0,0.0,0.0,0.0,0.0,0.0,0.0,0.0,0.0,0.0,0.0,0.0,0.0,0.0,0.0,0.0
191,21880.87499,3.8829405,2,92,2,1,1,1,2,2,-35.76923077,n/a,n/a,6327533.0,6331418.0,0.0,0.0,0.0,6330400.0,6328426.0,6330418.0,6328426.0,6329016.0,6330425.0,6331418.0,3885.0,893.0,590.0,993.0,1992.0,-6330425.0,0.0,0.0,0.0,0.0,0.0,0.0,1.0,-1.0384596417968683,-10.121519975380142,-0.41538385671874734,-3.0149944933502417,6330381.0,6330456.0,75.0,309.34696605810814,9.447748963938526,9.477836820815716,2.862840050478767,1365.0,2.8519549293786195,0.0,0.0,0.0,0.0,0.0,0.0,0.0,0.0,0.0,0.0,0.0,0.0,0.0,0.0,0.0,0.0
192,21884.76612,3.999408,2,93,2,1,1,1,3,1,-35.76923077,n/a,n/a,6331425.0,6335426.0,0.0,0.0,0.0,6332524.0,6332434.0,6334425.0,6332434.0,6333226.0,6334432.0,6335426.0,4001.0,1009.0,792.0,994.0,1991.0,-6334432.0,0.0,0.0,0.0,0.0,1.0,0.0,0.0,0.0,0.0,0.0,0.0,0.0,0.0,0.0,0.0,0.0,0.0,0.0,0.0,0.0,0.0,0.0,0.0,0.0,0.0,0.0,0.0,0.0,0.0,0.0,0.0,0.0,0.0,0.0,0.0,0.0
193,21888.77401,3.999278,2,94,2,2,1,2,4,1,-35.76923077,n/a,n/a,6335433.0,6339433.0,0.0,0.0,0.0,6336875.0,6336442.0,6338433.0,6336442.0,6337434.0,6338440.0,6339433.0,4000.0,1009.0,992.0,993.0,1991.0,-6338440.0,0.0,0.0,0.0,0.0,1.0,0.0,0.0,0.0,0.0,0.0,0.0,0.0,0.0,0.0,0.0,0.0,0.0,0.0,0.0,0.0,0.0,0.0,0.0,0.0,0.0,0.0,0.0,0.0,0.0,0.0,0.0,0.0,0.0,0.0,0.0,0.0
194,21892.78161,3.5078817,2,95,2,1,2,1,2,1,-35.76923077,n/a,n/a,6339440.0,6342949.0,0.0,0.0,0.0,6341766.0,6339957.0,6341950.0,6339957.0,6340549.0,6341956.0,6342950.0,3509.0,517.0,592.0,994.0,1993.0,-6341956.0,0.0,0.0,0.0,0.0,0.0,0.0,1.0,-1.2634592308528565,-11.717286291607998,-0.7719216670690039,1.2149977809023367,6341838.0,6341895.0,57.0,294.2941388125466,10.640975007437204,10.652032080784712,-2.9537667901172,1289.0,-2.945025593964598,0.0,0.0,0.0,0.0,0.0,0.0,0.0,0.0,0.0,0.0,0.0,0.0,0.0,0.0,0.0,0.0
195,21896.29794,3.5078369,2,96,2,1,2,1,3,1,-35.76923077,n/a,n/a,6342956.0,6346465.0,0.0,0.0,0.0,6343489.0,6343473.0,6345466.0,6343473.0,6344265.0,6345473.0,6346465.0,3509.0,517.0,792.0,992.0,1993.0,-6345473.0,0.0,0.0,0.0,0.0,1.0,0.0,0.0,0.0,0.0,0.0,0.0,0.0,0.0,0.0,0.0,0.0,0.0,0.0,0.0,0.0,0.0,0.0,0.0,0.0,0.0,0.0,0.0,0.0,0.0,0.0,0.0,0.0,0.0,0.0,0.0,0.0
196,21899.81394,3.5079613,2,97,2,2,1,2,4,2,-35.76923077,n/a,n/a,6346472.0,6349982.0,0.0,0.0,0.0,6347506.0,6346989.0,6348982.0,6346989.0,6347982.0,6348989.0,6349982.0,3510.0,517.0,993.0,993.0,1993.0,-6348989.0,0.0,0.0,0.0,1.0,0.0,0.0,0.0,-1.3361514057786381,10.090366186126237,-0.18346120338411182,0.9761520632890558,6348006.0,6348124.0,118.0,245.0180429203727,11.48520819168534,11.905575846205119,-0.10113813711344521,24.0,-0.10895550504481583,1.0,1.2599976987135328,-1.9523041265781116,0.006923064278647363,-0.6092296565208302,6349220.0,6349272.0,52.0,118.25212803200435,3.270860313758542,3.291642241587465,2.9520840202829453,2.926459680203723,10.024456988687056,-0.03394886353760232,0.5083333333333333
197,21930.67615,3.641174,2,98,2,1,1,1,2,2,-35.76923077,n/a,n/a,6377334.0,6380977.0,0.0,0.0,0.0,6379261.0,6377984.0,6379977.0,6377984.0,6378577.0,6379984.0,6380977.0,3643.0,650.0,593.0,993.0,1993.0,-6379984.0,0.0,0.0,0.0,1.0,0.0,0.0,0.0,-0.8619215026913999,-10.48844238214837,-0.8203831170195276,-3.021917557628885,6379246.0,6379324.0,78.0,371.74421710497455,9.87505231053538,10.020045609613048,2.9167643239911873,669.0,2.9005519675929126,0.0,0.0,0.0,0.0,0.0,0.0,0.0,0.0,0.0,0.0,0.0,0.0,0.0,-9.691841942543016,-0.4277556805738058,0.6291666666666667
198,21934.32565,3.5078402,2,99,2,1,2,2,1,1,-35.76923077,n/a,n/a,6380984.0,6384493.0,0.0,0.0,0.0,6382634.0,6381500.0,6383494.0,6381500.0,6381893.0,6383500.0,6384493.0,3509.0,516.0,393.0,993.0,1994.0,-6383500.0,0.0,0.0,0.0,1.0,0.0,0.0,0.0,-0.9484598061744722,-9.92767417557806,0.09692289990103947,-0.020769192835938154,6382619.0,6382676.0,57.0,234.59737982135215,8.979985641435997,8.987580067410109,3.1284862337140686,726.0,3.098442892461586,1.0,-0.9484598061744722,-9.92767417557806,0.09692289990103947,-0.020769192835938154,6382619.0,6382676.0,57.0,234.59737982135215,8.979985641435997,8.987580067410109,3.1284862337140686,3.098442892461586,-10.141850534384957,0.19690340851809976,0.5583333333333333
199,21937.84183,3.5828159,2,100,2,2,2,1,1,1,-35.76923077,n/a,n/a,6384500.0,6388084.0,0.0,0.0,0.0,6386016.0,6385093.0,6387085.0,6385093.0,6385483.0,6387091.0,6388085.0,3584.0,593.0,390.0,994.0,1992.0,-6387091.0,0.0,0.0,0.0,1.0,0.0,0.0,0.0,-0.7892293277656184,7.078833224915319,0.1488458819908829,0.6888448957252552,6385995.0,6386042.0,47.0,279.2284712515116,7.886571325216945,7.89351458781084,-0.06852430854652916,512.0,-0.08561764621502668,0.0,0.0,0.0,0.0,0.0,0.0,0.0,0.0,0.0,0.0,0.0,0.0,0.0,10.112502147960482,-0.1561647722729754,0.45
