,onset,duration,run_number,trial_number,task,ext_mot_pos,ext_mot_ver_dir,staircase_num,fix_off_prct,trial_type,ext_mot_ori,direction_report,response_duration,trial_onset,trial_offset,button_press_onset,button_left,button_right,fix_break,motion_onset,motion_offset,fixation_onset,fixation_offset,response_onset,response_offset,trial_duration,fix_check_duration,fixation_duration,response_duration,motion_duration,reaction_time,miss_time_trial,blink_trial,no_saccade_trial,main_sac_trial,innacurate_sac_trial,early_sac_trial,late_sac_trial,sac_x_onset_trial,sac_x_offset_trial,sac_y_onset_trial,sac_y_offset_trial,sac_t_onset_trial,sac_t_offset_trial,sac_dur_trial,sac_vpeak_trial,sac_dist_trial,sac_amp_trial,sac_dist_ang_trial,sac_lat_trial,sac_amp_ang_trial,cor_sac_trial,cor_sac_x_onset_trial,cor_sac_x_offset_trial,cor_sac_y_onset_trial,cor_sac_y_offset_trial,cor_sac_t_onset_trial,cor_sac_t_offset_trial,cor_sac_dur_trial,cor_sac_vpeak_trial,cor_sac_dist_trial,cor_sac_amp_trial,cor_sac_dist_ang_trial,cor_sac_amp_ang_trial,gabor_sac_onset_x,gabor_sac_onset_y,sac_onset_gabor_path_prct
0,3022.039359,3.7911443,1,1,2,2,2,1,1,1,-42.74038462,n/a,n/a,2945196.0,2948986.0,0.0,0.0,0.0,2946902.0,2945988.0,2947987.0,2945988.0,2946386.0,2947994.0,2948987.0,3790.0,792.0,398.0,993.0,1999.0,-2947994.0,0.0,1.0,0.0,0.0,0.0,0.0,0.0,0.0,0.0,0.0,0.0,0.0,0.0,0.0,0.0,0.0,0.0,0.0,0.0,0.0,0.0,0.0,0.0,0.0,0.0,0.0,0.0,0.0,0.0,0.0,0.0,0.0,0.0,0.0,0.0,0.0
1,3025.838815,3.5079231,1,2,2,1,1,1,3,2,-42.74038462,n/a,n/a,2948993.0,2952503.0,0.0,0.0,0.0,2950627.0,2949510.0,2951503.0,2949511.0,2950304.0,2951510.0,2952503.0,3510.0,518.0,793.0,993.0,1993.0,-2951510.0,0.0,0.0,0.0,1.0,0.0,0.0,0.0,0.7269217492578078,-9.886135789906188,-0.06576911064713421,-1.2323054415989512,2950603.0,2950669.0,66.0,526.6565020394432,10.676975102576396,12.0478172344728,3.0321169148062554,299.0,3.0278577380372473,0.0,0.0,0.0,0.0,0.0,0.0,0.0,0.0,0.0,0.0,0.0,0.0,0.0,-9.86937587828731,-0.1413559628087289,0.5458333333333333
2,3029.355071,3.5079106,1,3,2,1,1,2,3,2,-42.74038462,n/a,n/a,2952510.0,2956019.0,0.0,0.0,0.0,2954119.0,2953026.0,2955019.0,2953027.0,2953819.0,2955026.0,2956019.0,3509.0,517.0,792.0,993.0,1993.0,-2955026.0,0.0,0.0,0.0,1.0,0.0,0.0,0.0,0.6403834457747355,-9.861905064930925,-0.1211536248763013,-0.7996139241835893,2954097.0,2954165.0,68.0,509.5563954912178,10.524180364277127,11.983956747697292,3.077081109677222,278.0,3.069317951700801,1.0,0.6403834457747355,-9.861905064930925,-0.1211536248763013,-0.7996139241835893,2954097.0,2954165.0,68.0,509.5563954912178,10.524180364277127,11.983956747697292,3.077081109677222,3.069317951700801,-9.892093116846038,-0.11677231710286078,0.5375
3,3032.871364,3.5078557,1,4,2,2,1,1,5,1,-42.74038462,n/a,n/a,2956026.0,2959535.0,0.0,0.0,0.0,2958059.0,2956542.0,2958536.0,2956543.0,2957735.0,2958543.0,2959535.0,3509.0,517.0,1192.0,992.0,1994.0,-2958543.0,0.0,0.0,0.0,1.0,0.0,0.0,0.0,0.5469220780130157,10.77228801757285,0.024230724975261835,-0.951921338313796,2958047.0,2958115.0,68.0,498.2646096435133,10.271853846729607,12.213129646445456,0.09517535565689712,312.0,0.10449122213239412,1.0,0.5469220780130157,10.77228801757285,0.024230724975261835,-0.951921338313796,2958047.0,2958115.0,68.0,498.2646096435133,10.271853846729607,12.213129646445456,0.09517535565689712,0.10449122213239412,10.698555085680896,-0.7559471054553649,0.7541666666666667
4,3036.387552,3.5578899,1,5,2,1,2,1,5,2,-42.74038462,n/a,n/a,2959542.0,2963102.0,0.0,0.0,0.0,2961602.0,2960109.0,2962102.0,2960110.0,2961302.0,2962109.0,2963103.0,3560.0,568.0,1192.0,994.0,1993.0,-2962109.0,0.0,0.0,0.0,1.0,0.0,0.0,0.0,0.5226913530377578,-10.557673024934829,0.13153822129426843,0.2319226533346355,2961575.0,2961632.0,57.0,495.5101947644604,11.080819093498453,12.884062565326044,-3.1325332325893953,273.0,-3.0948274206002133,1.0,-33.26532385889301,0.4292299852760381,18.726888873736858,-0.7096140885611933,2962215.0,2962273.0,58.0,23680.868496685656,38.89859388411139,79.81223554283903,0.5232190293174447,1.037829827470153,-10.641761989284076,0.6944879911907006,0.7333333333333333
5,3039.953784,3.5079069,1,6,2,1,1,2,5,1,-42.74038462,n/a,n/a,2963108.0,2966618.0,0.0,0.0,0.0,2965125.0,2963625.0,2965618.0,2963625.0,2964819.0,2965625.0,2966618.0,3510.0,517.0,1194.0,993.0,1993.0,-2965625.0,0.0,0.0,0.0,1.0,0.0,0.0,0.0,0.45346071025129997,-9.058829608608017,0.0553845142291671,-0.8653830348307235,2965107.0,2965159.0,52.0,441.071130345725,9.5567504932203,10.725080154474604,3.0450956188068106,288.0,3.038776731639241,1.0,-33.26532385889301,0.11769209273697762,18.726888873736858,-0.5296144173164012,2965773.0,2965827.0,54.0,14947.90266278239,38.53879438987586,46.62385491596532,0.5232124911202779,0.570231181968048,-9.33552077215719,-0.7190716368965687,0.7416666666666667
6,3043.470023,3.5079061,1,7,2,1,2,1,1,2,-42.74038462,n/a,n/a,2966625.0,2970134.0,0.0,0.0,0.0,2968041.0,2967141.0,2969134.0,2967141.0,2967534.0,2969141.0,2970135.0,3509.0,516.0,393.0,994.0,1993.0,-2969141.0,0.0,0.0,0.0,1.0,0.0,0.0,0.0,0.1384612855729158,-10.578442217770766,0.1211536248763013,-0.01384612855729079,2968023.0,2968087.0,64.0,532.0125155483468,10.71775375875968,13.070153143988628,3.1289964206013985,489.0,3.096554202299399,0.0,0.0,0.0,0.0,0.0,0.0,0.0,0.0,0.0,0.0,0.0,0.0,0.0,-9.846658639728583,-0.16593960851459308,0.44166666666666665
7,3046.986434,3.5077107,1,8,2,2,2,2,2,1,-42.74038462,n/a,n/a,2970141.0,2973650.0,0.0,0.0,0.0,2971507.0,2970657.0,2972650.0,2970657.0,2971251.0,2972657.0,2973651.0,3509.0,516.0,594.0,994.0,1993.0,-2972657.0,0.0,0.0,0.0,1.0,0.0,0.0,0.0,0.38769159960416577,9.664597732989522,0.19730733194140657,-0.24576878189192627,2971488.0,2971552.0,64.0,499.1659237353759,9.287481028260165,11.71174653062624,0.04772492713080514,237.0,0.06151541791133176,1.0,0.38769159960416577,9.664597732989522,0.19730733194140657,-0.24576878189192627,2971488.0,2971552.0,64.0,499.1659237353759,9.287481028260165,11.71174653062624,0.04772492713080514,0.06151541791133176,10.221493075947604,-0.23969054563218956,0.4166666666666667
8,3050.510824,3.5079281,1,9,2,2,2,2,4,1,-42.74038462,n/a,n/a,2973665.0,2977175.0,0.0,0.0,0.0,2975459.0,2974182.0,2976175.0,2974182.0,2975175.0,2976182.0,2977175.0,3510.0,517.0,993.0,993.0,1993.0,-2976182.0,0.0,0.0,0.0,1.0,0.0,0.0,0.0,0.05884604636849078,11.007672203046804,0.40153772816145655,0.6161527207994736,2975442.0,2975482.0,40.0,442.4032784714395,10.9509293580147,10.927180306903795,-0.019599134110496574,267.0,-0.033268228214320655,1.0,11.031902928022067,9.103829526419212,0.6161527207994736,0.7373063456757749,2975484.0,2975504.0,20.0,269.5115174589206,1.9318760940570352,2.2376442586692846,-3.0788385356819585,-3.0750244898139703,9.642203492700023,0.3871924198673825,0.6291666666666667
9,3054.027206,3.5077593,1,10,2,2,1,2,3,2,-42.74038462,n/a,n/a,2977182.0,2980691.0,0.0,0.0,0.0,2978741.0,2977698.0,2979691.0,2977698.0,2978491.0,2979698.0,2980691.0,3509.0,516.0,793.0,993.0,1993.0,-2979698.0,0.0,0.0,0.0,1.0,0.0,0.0,0.0,-0.05884604636849078,9.273444601246037,0.21807652477734077,-0.45346071025129997,2978724.0,2978797.0,73.0,427.2203994229623,9.356420842906944,11.112522074032153,0.07183464065505765,233.0,0.08389141929459738,1.0,-0.05884604636849078,9.273444601246037,0.21807652477734077,-0.45346071025129997,2978724.0,2978797.0,73.0,427.2203994229623,9.356420842906944,11.112522074032153,0.07183464065505765,0.08389141929459738,10.039755167477773,-0.043021379985264285,0.5125
10,3057.5433,3.5079021,1,11,2,2,2,2,1,1,-42.74038462,n/a,n/a,2980698.0,2984207.0,0.0,0.0,0.0,2981975.0,2981214.0,2983207.0,2981214.0,2981608.0,2983214.0,2984207.0,3509.0,516.0,394.0,993.0,1993.0,-2983214.0,0.0,0.0,0.0,1.0,0.0,0.0,0.0,-0.16615354268749735,10.13882763607676,0.2319226533346355,-0.01384612855729079,2981962.0,2982024.0,62.0,521.0065853644751,10.307911495004127,12.512712363229516,0.023844992613249048,354.0,0.03929316501754399,1.0,-0.16615354268749735,10.13882763607676,0.2319226533346355,-0.01384612855729079,2981962.0,2982024.0,62.0,521.0065853644751,10.307911495004127,12.512712363229516,0.023844992613249048,0.03929316501754399,10.335079268741245,-0.3626087741615184,0.375
11,3061.059534,3.5079109,1,12,2,2,1,2,3,1,-42.74038462,n/a,n/a,2984214.0,2987724.0,0.0,0.0,0.0,2985807.0,2984731.0,2986723.0,2984731.0,2985524.0,2986730.0,2987724.0,3510.0,517.0,793.0,994.0,1992.0,-2986730.0,0.0,0.0,0.0,1.0,0.0,0.0,0.0,0.11769209273697762,9.346136776171814,0.2976917639817697,-0.048461449950519736,2985784.0,2985840.0,56.0,484.1750840584189,9.234934397316115,11.556435860211305,0.03749180086433656,260.0,0.03894911727278212,1.0,-33.26532385889301,-0.079615239204425,18.726888873736858,-0.16961507482682103,2986533.0,2986588.0,55.0,15528.683568915807,38.188599320595095,47.73312524350813,0.5176283235181628,0.5899133395717786,10.073831025315863,-0.0798968485440645,0.525
12,3064.575776,3.507903,1,13,2,2,1,1,2,2,-42.74038462,n/a,n/a,2987730.0,2991239.0,0.0,0.0,0.0,2989173.0,2988247.0,2990241.0,2988247.0,2988840.0,2990246.0,2991239.0,3509.0,517.0,593.0,993.0,1994.0,-2990246.0,0.0,0.0,0.0,1.0,0.0,0.0,0.0,-0.1869227355234355,8.806137762437446,0.07615370706510526,-0.43269151741536177,2989150.0,2989214.0,64.0,450.3843675808554,9.0074447310245,11.076098551275328,0.05652171906014292,310.0,0.06505058807452788,1.0,-33.26532385889301,-0.7684601349296841,18.726888873736858,0.0034615321393236813,2989769.0,2989833.0,64.0,15054.928510264164,37.50483813203206,46.472288548225585,0.5227064069238857,0.5966173809244135,9.869375878287313,0.14135596280872495,0.45
13,3068.092012,3.5079188,1,14,2,2,1,2,4,1,-42.74038462,n/a,n/a,2991246.0,2994755.0,0.0,0.0,0.0,2992996.0,2991763.0,2993756.0,2991763.0,2992756.0,2993763.0,2994755.0,3509.0,517.0,993.0,992.0,1993.0,-2993763.0,0.0,0.0,0.0,1.0,0.0,0.0,0.0,-0.09692289990103947,12.167285469719975,-0.04153838567187631,-0.1730766069661447,2992976.0,2993019.0,43.0,522.9590501721916,12.264913747643861,12.29271748608527,0.010724962745610734,220.0,0.0354880531636737,1.0,12.188054662555908,10.862287853195241,-0.1903842676627592,-0.04153838567187631,2993021.0,2993049.0,28.0,216.54259188470647,1.3340962219375359,1.7852413648706165,-3.0297893011126007,2.9681559925353462,10.301003410903153,-0.3257333056027181,0.6083333333333333
14,3071.608259,3.5079015,1,15,2,1,1,2,3,1,-42.74038462,n/a,n/a,2994763.0,2998272.0,0.0,0.0,0.0,2996356.0,2995279.0,2997272.0,2995279.0,2996073.0,2997279.0,2998272.0,3509.0,516.0,794.0,993.0,1993.0,-2997279.0,0.0,0.0,0.0,1.0,0.0,0.0,0.0,-0.017307660696614473,-10.782672613990815,-0.031153789253905263,-0.6403834457747355,2996336.0,2996402.0,66.0,511.022013954218,10.782589825825683,12.37590350482196,3.0850613116146772,263.0,3.0735732740432753,1.0,0.3253840210963513,0.373845471046871,-0.006923064278647363,0.08307677134374868,2997109.0,2997129.0,20.0,49.832839922705475,0.10221781910882777,0.29146840598699175,-1.076854957875326,0.9201694478751913,-9.914810355404768,-0.09218867139699659,0.5291666666666667
15,3075.124476,3.6662336,1,16,2,2,1,2,1,1,-42.74038462,n/a,n/a,2998279.0,3001947.0,0.0,0.0,0.0,2999645.0,2998955.0,3000947.0,2998955.0,2999345.0,3000954.0,3001947.0,3668.0,676.0,390.0,993.0,1992.0,-3000954.0,0.0,1.0,0.0,0.0,0.0,0.0,0.0,0.0,0.0,0.0,0.0,0.0,0.0,0.0,0.0,0.0,0.0,0.0,0.0,0.0,0.0,0.0,0.0,0.0,0.0,0.0,0.0,0.0,0.0,0.0,0.0,0.0,0.0,0.0,0.0,0.0
16,3078.799042,3.5079082,1,17,2,2,1,1,1,1,-42.74038462,n/a,n/a,3001953.0,3005463.0,0.0,0.0,0.0,3003180.0,3002470.0,3004463.0,3002470.0,3002864.0,3004470.0,3005463.0,3510.0,517.0,394.0,993.0,1993.0,-3004470.0,0.0,0.0,0.0,1.0,0.0,0.0,0.0,-0.10730749631901051,9.411905886818953,-0.15923047840885393,0.27346103900650787,3003155.0,3003223.0,68.0,494.93386850639916,9.52904220700885,11.450477292867395,-0.045423279421577,291.0,-0.04203271738911789,1.0,-33.26532385889301,-0.7892293277656184,18.726888873736858,0.15576894626953025,3003920.0,3003974.0,54.0,14547.948796293225,37.41100388061108,45.259334560080624,0.5194559817969148,0.549811112486705,9.574051777023842,0.460943356984979,0.3416666666666667
17,3082.315276,3.5078999,1,18,2,2,2,1,3,2,-42.74038462,n/a,n/a,3005470.0,3008979.0,0.0,0.0,0.0,3007046.0,3005986.0,3007979.0,3005986.0,3006780.0,3007986.0,3008979.0,3509.0,516.0,794.0,993.0,1993.0,-3007986.0,0.0,0.0,0.0,1.0,0.0,0.0,0.0,0.15923047840885393,10.412288675083264,-0.04153838567187631,0.29076869970312236,3007032.0,3007096.0,64.0,481.24565334409806,10.258441908174104,12.111184687021284,-0.032399192101388405,252.0,-0.032016508034847395,1.0,0.15923047840885393,10.412288675083264,-0.04153838567187631,0.29076869970312236,3007032.0,3007096.0,64.0,481.24565334409806,10.258441908174104,12.111184687021284,-0.032399192101388405,-0.032016508034847395,9.926168974684133,0.0798968485440645,0.525
18,3085.831493,3.5079068,1,19,2,1,2,2,3,1,-42.74038462,n/a,n/a,3008986.0,3012495.0,0.0,0.0,0.0,3010562.0,3009502.0,3011495.0,3009502.0,3010296.0,3011502.0,3012496.0,3509.0,516.0,794.0,994.0,1993.0,-3011502.0,0.0,0.0,0.0,1.0,0.0,0.0,0.0,0.062307578507810525,-10.768826485433525,-0.03461532139322895,-0.3253840210963513,3010540.0,3010603.0,63.0,492.278134012941,10.835036296561144,12.189181255143493,3.1147534623305777,244.0,3.098129422722669,0.0,0.0,0.0,0.0,0.0,0.0,0.0,0.0,0.0,0.0,0.0,0.0,0.0,-10.062472406036504,0.06760502569112847,0.5208333333333334
19,3089.347711,3.5079137,1,20,2,1,2,2,3,1,-42.74038462,n/a,n/a,3012502.0,3016012.0,0.0,0.0,0.0,3014068.0,3013019.0,3015011.0,3013019.0,3013812.0,3015018.0,3016012.0,3510.0,517.0,793.0,994.0,1992.0,-3015018.0,0.0,0.0,0.0,1.0,0.0,0.0,0.0,0.062307578507810525,-10.571519153492119,-0.0,-0.6715372350286407,3014057.0,3014115.0,58.0,519.0852497536466,10.65500977119337,12.390637820805404,3.078525361538262,245.0,3.0613282436840636,1.0,0.1107690284583342,0.3703839389075513,-0.4846144995052052,-0.27346103900650787,3014895.0,3014917.0,22.0,48.475184242974244,0.33464262371689885,0.3974134381602906,-0.6828183109791555,-2.4858970273482583,-10.062472406036504,0.06760502569112847,0.5208333333333334
20,3092.863972,3.5079038,1,21,2,1,1,2,5,2,-42.74038462,n/a,n/a,3016018.0,3019528.0,0.0,0.0,0.0,3017945.0,3016535.0,3018527.0,3016535.0,3017728.0,3018535.0,3019528.0,3510.0,517.0,1193.0,993.0,1992.0,-3018535.0,0.0,0.0,0.0,1.0,0.0,0.0,0.0,0.3080763603997368,-10.135366103937432,-0.08999983562239604,-1.280766891549471,3017916.0,3017984.0,68.0,514.5122443405338,10.511109203476199,12.269140769396538,3.02806239962555,188.0,3.019407308494115,1.0,-0.08653830348307236,0.8099985206015565,-0.6646141707499973,-0.8169215848802038,3019114.0,3019143.0,29.0,189.15741482500366,0.9093821118423118,1.624325570036897,0.16827757834284118,0.14973294003362447,-9.471824203509561,-0.5715697626613757,0.6916666666666667
21,3096.380191,3.5079069,1,22,2,2,2,2,1,1,-42.74038462,n/a,n/a,3019534.0,3023044.0,0.0,0.0,0.0,3020794.0,3020051.0,3022044.0,3020051.0,3020445.0,3022051.0,3023044.0,3510.0,517.0,394.0,993.0,1993.0,-3022051.0,0.0,0.0,0.0,1.0,0.0,0.0,0.0,0.031153789253905263,10.7653649532942,-0.048461449950519736,-0.6992294921432263,3020777.0,3020840.0,63.0,496.763363884162,10.75391967419074,12.703573001712549,0.0605514922723443,332.0,0.07718986407720373,1.0,0.031153789253905263,10.7653649532942,-0.048461449950519736,-0.6992294921432263,3020777.0,3020840.0,63.0,496.763363884162,10.75391967419074,12.703573001712549,0.0605514922723443,0.07718986407720373,10.369155126579335,-0.39948424272031463,0.3625
22,3099.896443,3.5078978,1,23,2,2,1,1,2,1,-42.74038462,n/a,n/a,3023051.0,3026560.0,0.0,0.0,0.0,3024450.0,3023567.0,3025560.0,3023567.0,3024161.0,3025567.0,3026560.0,3509.0,516.0,594.0,993.0,1993.0,-3025567.0,0.0,0.0,0.0,1.0,0.0,0.0,0.0,0.03461532139322895,9.183444765623637,-0.12807668915494866,-0.328845553235675,3024436.0,3024489.0,53.0,461.1151904543112,9.151032091321806,11.320132074701702,0.021941238096092,275.0,0.027830071957392368,0.0,0.0,0.0,0.0,0.0,0.0,0.0,0.0,0.0,0.0,0.0,0.0,0.0,9.823941401169852,0.19052325422045727,0.43333333333333335
23,3103.412656,3.4995685,1,24,2,2,1,2,1,2,-42.74038462,n/a,n/a,3026567.0,3030068.0,0.0,0.0,0.0,3027777.0,3027076.0,3029068.0,3027076.0,3027467.0,3029075.0,3030068.0,3501.0,509.0,391.0,993.0,1992.0,-3029075.0,0.0,0.0,0.0,1.0,0.0,0.0,0.0,0.020769192835938154,8.653830348307237,0.024230724975261835,-0.2423072497526026,3027764.0,3027829.0,65.0,496.3491217557488,8.637174735182764,10.925440491069887,0.03086429360940474,297.0,0.037711978751213085,1.0,0.020769192835938154,8.653830348307237,0.024230724975261835,-0.2423072497526026,3027764.0,3027829.0,65.0,496.3491217557488,8.637174735182764,10.925440491069887,0.03086429360940474,0.037711978751213085,9.585410396303203,0.44865153413204695,0.3458333333333333
24,3106.920656,3.5078028,1,25,2,1,2,1,4,2,-42.74038462,n/a,n/a,3030075.0,3033584.0,0.0,0.0,0.0,3031868.0,3030591.0,3032585.0,3030591.0,3031584.0,3032591.0,3033584.0,3509.0,516.0,993.0,993.0,1994.0,-3032591.0,0.0,0.0,0.0,1.0,0.0,0.0,0.0,-0.09692289990103947,-10.713441971204357,-0.20423039622005,-0.19384579980208289,3031848.0,3031909.0,61.0,474.05897141491107,10.616524150172214,12.007877373185499,-3.1406144993533363,264.0,3.1003581054789175,1.0,-0.09692289990103947,-10.713441971204357,-0.20423039622005,-0.19384579980208289,3031848.0,3031909.0,61.0,474.05897141491107,10.616524150172214,12.007877373185499,-3.1406144993533363,3.1003581054789175,-10.357796507299975,0.3871924198673825,0.6291666666666667
25,3110.436764,3.5079308,1,26,2,1,1,1,4,2,-42.74038462,n/a,n/a,3033591.0,3037100.0,0.0,0.0,0.0,3035367.0,3034108.0,3036101.0,3034108.0,3035100.0,3036107.0,3037101.0,3509.0,517.0,992.0,994.0,1993.0,-3036107.0,0.0,0.0,0.0,1.0,0.0,0.0,0.0,0.08999983562239604,-10.152673764634047,-0.0692306427864579,-0.9415367418958288,3035353.0,3035412.0,59.0,481.12979308144514,10.279750989782473,11.616122576120068,3.0566337503250978,253.0,3.044592638203188,1.0,2.059611622897122,1.585381719809884,-0.5573066744309868,-0.2976917639817697,3036195.0,3036216.0,21.0,68.7723962550341,0.5406421207320848,0.5449137692778017,-2.6407129745003437,2.6807859460371644,-9.664920731258754,-0.3626087741615184,0.6208333333333333
26,3113.953177,3.5076985,1,27,2,1,1,1,5,2,-42.74038462,n/a,n/a,3037107.0,3040617.0,0.0,0.0,0.0,3039067.0,3037624.0,3039616.0,3037624.0,3038817.0,3039623.0,3040617.0,3510.0,517.0,1193.0,994.0,1992.0,-3039623.0,0.0,0.0,0.0,1.0,0.0,0.0,0.0,0.08999983562239604,-9.706136118661394,-0.16615354268749735,-1.484997287769521,3039054.0,3039113.0,59.0,496.80222324777327,9.884514578812334,11.233918194539525,3.007768327386336,237.0,2.99594801325295,1.0,0.03807685353255263,-0.1107690284583342,0.02769225711458158,-0.46384530666926704,3039801.0,3039834.0,33.0,52.528425476772824,0.5135798605827588,0.5875740510836495,1.8648354267013865,0.9909634761199841,-9.403672487833376,-0.6453206997789722,0.7166666666666667
27,3117.469368,3.5076911,1,28,2,1,2,1,1,1,-42.74038462,n/a,n/a,3040624.0,3044133.0,0.0,0.0,0.0,3041867.0,3041140.0,3043132.0,3041140.0,3041533.0,3043140.0,3044133.0,3509.0,516.0,393.0,993.0,1992.0,-3043140.0,0.0,0.0,0.0,1.0,0.0,0.0,0.0,0.1384612855729158,-10.377673353690035,0.2699995068671842,-0.882690695527338,3041847.0,3041906.0,59.0,518.8068930167403,10.579120117183775,12.101665374341572,3.032416912813535,314.0,3.0171312232242324,1.0,0.1384612855729158,-10.377673353690035,0.2699995068671842,-0.882690695527338,3041847.0,3041906.0,59.0,518.8068930167403,10.579120117183775,12.101665374341572,3.032416912813535,3.0171312232242324,-9.608127634861932,-0.4240678884261788,0.3541666666666667
28,3120.985391,3.507822,1,29,2,1,1,2,3,1,-42.74038462,n/a,n/a,3044139.0,3047648.0,0.0,0.0,0.0,3045739.0,3044656.0,3046649.0,3044656.0,3045449.0,3046656.0,3047649.0,3509.0,517.0,793.0,993.0,1993.0,-3046656.0,0.0,0.0,0.0,1.0,0.0,0.0,0.0,0.19384579980208289,-10.571519153492119,-0.09692289990103947,-0.7788447313476512,3045721.0,3045789.0,68.0,481.2767752286295,10.786941177267009,12.087533929440907,3.0783331207701154,272.0,3.069938334986698,1.0,-33.26532385889301,-0.6646141707499973,18.726888873736858,0.020769192835938154,3046320.0,3046378.0,58.0,15855.82002812559,37.58623665235415,48.69471037032807,0.5209281141422614,0.6222162305464343,-9.903451736125403,-0.10448049424992868,0.5333333333333333
29,3124.501549,3.507954,1,30,2,1,1,1,2,1,-42.74038462,n/a,n/a,3047656.0,3051166.0,0.0,0.0,0.0,3049123.0,3048172.0,3050165.0,3048172.0,3048765.0,3050172.0,3051166.0,3510.0,516.0,593.0,994.0,1993.0,-3050172.0,0.0,0.0,0.0,1.0,0.0,0.0,0.0,0.1107690284583342,-10.626903667721285,-0.14192281771223947,-0.6369219136354117,3049107.0,3049179.0,72.0,542.483432118234,10.749076194503695,12.623881201977607,3.095525977120114,342.0,3.0757358440031473,1.0,0.1107690284583342,-10.626903667721285,-0.14192281771223947,-0.6369219136354117,3049107.0,3049179.0,72.0,542.483432118234,10.749076194503695,12.623881201977607,3.095525977120114,3.0757358440031473,-10.085189644595228,0.09218867139699659,0.4666666666666667
30,3128.017702,3.507835,1,31,2,2,2,2,4,1,-42.74038462,n/a,n/a,3051172.0,3054681.0,0.0,0.0,0.0,3052921.0,3051688.0,3053681.0,3051688.0,3052681.0,3053688.0,3054681.0,3509.0,516.0,993.0,993.0,1993.0,-3053688.0,0.0,0.0,0.0,1.0,0.0,0.0,0.0,-0.14538434985156315,8.996522030100206,-0.16615354268749735,-0.3115378925390605,3052904.0,3052966.0,62.0,499.83759650978766,9.143062335398607,11.382050893363646,0.015901726554947766,223.0,0.03619842337192463,0.0,0.0,0.0,0.0,0.0,0.0,0.0,0.0,0.0,0.0,0.0,0.0,0.0,9.698996589096843,0.3257333056027181,0.6083333333333333
31,3131.533854,3.5078019,1,32,2,2,1,2,1,1,-42.74038462,n/a,n/a,3054688.0,3058197.0,0.0,0.0,0.0,3055914.0,3055205.0,3057198.0,3055205.0,3055598.0,3057204.0,3058198.0,3509.0,517.0,393.0,994.0,1993.0,-3057204.0,0.0,0.0,0.0,1.0,0.0,0.0,0.0,0.09692289990103947,9.13844484781244,0.079615239204425,-0.08999983562239604,3055900.0,3055960.0,60.0,461.5505991393744,9.04311276100061,10.959901725726708,0.018757371042132556,302.0,0.0372772874484628,0.0,0.0,0.0,0.0,0.0,0.0,0.0,0.0,0.0,0.0,0.0,0.0,0.0,9.585410396303203,0.44865153413204695,0.3458333333333333
32,3135.050059,3.5077796,1,33,2,2,2,2,4,2,-42.74038462,n/a,n/a,3058204.0,3061714.0,0.0,0.0,0.0,3059980.0,3058721.0,3060713.0,3058721.0,3059714.0,3060720.0,3061714.0,3510.0,517.0,993.0,994.0,1992.0,-3060720.0,0.0,0.0,0.0,1.0,0.0,0.0,0.0,-0.16615354268749735,9.055368076468689,0.0692306427864579,0.12461515701562499,3059956.0,3060016.0,60.0,464.99950860764454,9.221687937518887,11.15039025281031,-0.006005933791136332,242.0,-0.027632716260528267,1.0,9.58152096164577,14.718434656400948,0.4257684531367144,0.4119223245794236,3060181.0,3060211.0,30.0,331.7427048978125,5.136932355271901,5.16158899039186,0.002695411262133366,0.03890653142818236,9.676279350538122,0.3503169513085823,0.6166666666666667
33,3138.566169,3.5077904,1,34,2,2,2,2,5,1,-42.74038462,n/a,n/a,3061720.0,3065230.0,0.0,0.0,0.0,3063636.0,3062237.0,3064229.0,3062237.0,3063430.0,3064236.0,3065230.0,3510.0,517.0,1193.0,994.0,1992.0,-3064236.0,0.0,0.0,0.0,1.0,0.0,0.0,0.0,-0.010384596417967108,8.9203683230351,0.006923064278647363,-0.08307677134374868,3063622.0,3063684.0,62.0,499.13391677242976,8.931206395483844,10.916004580531395,0.010077178255111709,192.0,0.03996601301269651,1.0,0.837690777716142,0.837690777716142,-0.44999917811197626,-0.4465376459726526,3065118.0,3065143.0,25.0,24.53106091764734,0.0034615321393236813,0.09059696603541954,-1.5707963267948966,0.812418612584718,9.471824203509561,0.5715697626613757,0.6916666666666667
34,3142.082279,3.507867,1,35,2,2,1,2,2,1,-42.74038462,n/a,n/a,3065236.0,3068745.0,0.0,0.0,0.0,3066746.0,3065753.0,3067746.0,3065753.0,3066346.0,3067753.0,3068745.0,3509.0,517.0,593.0,992.0,1993.0,-3067753.0,0.0,0.0,0.0,1.0,0.0,0.0,0.0,-0.0034615321393236813,10.439980932197846,-0.2319226533346355,-0.1626920105481776,3066722.0,3066788.0,66.0,472.9810684392501,10.443671930304085,12.32821111717543,-0.006629004654001902,376.0,0.028924515220272482,1.0,-0.3011532961210934,-0.4430761138333289,0.4292299852760381,0.3703839389075513,3067523.0,3067544.0,21.0,80.86174970358358,0.1536390033831987,0.5420918478746347,2.748534634407867,2.5057542300660467,9.960244832522223,0.043021379985264285,0.48333333333333334
35,3145.598475,3.5078333,1,36,2,1,1,1,2,1,-42.74038462,n/a,n/a,3068752.0,3072262.0,0.0,0.0,0.0,3070186.0,3069269.0,3071262.0,3069269.0,3069862.0,3071269.0,3072262.0,3510.0,517.0,593.0,993.0,1993.0,-3071269.0,0.0,0.0,0.0,1.0,0.0,0.0,0.0,-0.2284611211953118,-11.163441149316334,-0.044999917811196055,-0.3426916817929658,3070162.0,3070233.0,71.0,495.6243722645317,10.939031428867375,12.387210651365343,3.1143755711090613,300.0,3.0971464196261986,1.0,-0.2284611211953118,-11.163441149316334,-0.044999917811196055,-0.3426916817929658,3070162.0,3070233.0,71.0,495.6243722645317,10.939031428867375,12.387210651365343,3.1143755711090613,3.0971464196261986,-10.141982740992054,0.15364778566166098,0.44583333333333336
36,3149.114798,3.5076611,1,37,2,2,2,1,1,1,-42.74038462,n/a,n/a,3072269.0,3075778.0,0.0,0.0,0.0,3073619.0,3072785.0,3074778.0,3072785.0,3073178.0,3074785.0,3075778.0,3509.0,516.0,393.0,993.0,1993.0,-3074785.0,0.0,0.0,0.0,1.0,0.0,0.0,0.0,-0.1488458819908829,10.664980521253835,0.09692289990103947,-0.20423039622005,3073601.0,3073673.0,72.0,533.3761890319128,10.818018986269028,12.980560906100584,0.027841715481982703,423.0,0.04588341694601415,1.0,-0.1488458819908829,10.664980521253835,0.09692289990103947,-0.20423039622005,3073601.0,3073673.0,72.0,533.3761890319128,10.818018986269028,12.980560906100584,0.027841715481982703,0.04588341694601415,10.244210314506333,-0.26427419133805374,0.4083333333333333
37,3152.630925,3.5076789,1,38,2,1,1,1,4,1,-42.74038462,n/a,n/a,3075785.0,3079294.0,0.0,0.0,0.0,3077278.0,3076301.0,3078295.0,3076301.0,3077294.0,3078301.0,3079294.0,3509.0,516.0,993.0,993.0,1994.0,-3078301.0,0.0,0.0,0.0,1.0,0.0,0.0,0.0,0.08307677134374868,-12.035747248425706,0.04153838567187631,-0.34961474607161314,3077252.0,3077327.0,75.0,531.7737869876164,12.125134902120214,14.202551629578826,3.109327362406704,-42.0,3.0833091297898765,1.0,0.08307677134374868,-12.035747248425706,0.04153838567187631,-0.34961474607161314,3077252.0,3077327.0,75.0,531.7737869876164,12.125134902120214,14.202551629578826,3.109327362406704,3.0833091297898765,-10.062472406036504,0.06760502569112847,0.475
38,3156.146934,3.5078285,1,39,2,1,2,1,2,1,-42.74038462,n/a,n/a,3079301.0,3082810.0,0.0,0.0,0.0,3080634.0,3079818.0,3081810.0,3079818.0,3080411.0,3081817.0,3082811.0,3509.0,517.0,593.0,994.0,1992.0,-3081817.0,0.0,0.0,0.0,1.0,0.0,0.0,0.0,0.09692289990103947,-10.502288510705661,0.24923031403124998,-0.45346071025129997,3080615.0,3080684.0,69.0,505.00453341661904,10.622478863351178,12.294243347021556,3.0753929895696865,204.0,3.067757611438872,1.0,-33.26532385889301,1.5265356734413973,18.726888873736858,0.294230231842446,3081223.0,3081277.0,54.0,16200.254453236585,39.373041466545274,49.82857527540972,0.48720088816981083,0.5932818362118341,-9.733072446934939,-0.2888578370439219,0.4
39,3159.663057,3.5078539,1,40,2,1,1,1,3,2,-42.74038462,n/a,n/a,3082817.0,3086327.0,0.0,0.0,0.0,3084117.0,3083334.0,3085327.0,3083334.0,3084127.0,3085333.0,3086327.0,3510.0,517.0,793.0,994.0,1993.0,-3085333.0,0.0,0.0,0.0,1.0,0.0,0.0,0.0,-0.03807685353255263,-11.731132420165288,-0.08653830348307236,-0.28730716756379865,3084099.0,3084167.0,68.0,499.6707621376508,11.69477903259164,13.369280070884283,3.12442441752694,-28.0,3.0947115292859166,1.0,3.5411473785273193,3.0046098969322705,1.4019205164257722,0.3011532961210934,3084710.0,3084740.0,30.0,106.80539201047478,1.2245656137805139,1.213715054846972,2.0243305005905423,2.0255156016158624,-10.312362030182515,0.33802512845565025,0.38333333333333336
40,3163.179242,3.508060578,1,41,2,2,2,1,1,2,-42.74038462,n/a,n/a,3086333.0,3089843.0,0.0,0.0,0.0,3087850.0,3086850.0,3088842.0,3086850.0,3087243.0,3088849.0,3089843.0,3510.0,517.0,393.0,994.0,1992.0,-3088849.0,0.0,0.0,0.0,1.0,0.0,0.0,0.0,-0.06576911064713421,13.21266817579549,-0.10038443204036315,-0.39807619602213284,3087836.0,3087874.0,38.0,583.5248991914735,13.281773870847685,13.213409976635566,0.02241543167508432,593.0,0.0340628355047739,1.0,13.226514304352776,11.028441395882739,-0.3911531317434855,-0.20769192835937367,3087876.0,3087904.0,28.0,369.8718136812988,2.2057158756505966,3.3564583557492154,-3.0583210945810166,3.054854314913808,10.017037928919043,-0.018437734279400105,0.49166666666666664
41,3166.703796,3.507777,1,42,2,1,2,2,2,2,-42.74038462,n/a,n/a,3089859.0,3093367.0,0.0,0.0,0.0,3091325.0,3090376.0,3092367.0,3090376.0,3090966.0,3092374.0,3093367.0,3508.0,517.0,590.0,993.0,1991.0,-3092374.0,0.0,0.0,0.0,1.0,0.0,0.0,0.0,-0.2769225711458316,-10.578442217770766,-0.24576878189192627,-0.3599993424895802,3091303.0,3091369.0,66.0,470.2608160265898,10.30215296191888,11.496445001963073,3.1305043983661807,337.0,3.0912884296229577,1.0,0.9380752097565052,0.7303832813971315,-0.10730749631901051,-0.1107690284583342,3092823.0,3092845.0,22.0,49.25508728213894,0.20772077245761142,0.2713496788248845,3.1249275298758485,-0.4065668265945476,-9.903451736125403,-0.10448049424992868,0.4625
42,3170.219902,3.507796,1,43,2,1,1,2,3,2,-42.74038462,n/a,n/a,3093374.0,3096883.0,0.0,0.0,0.0,3094990.0,3093890.0,3095883.0,3093890.0,3094684.0,3095890.0,3096883.0,3509.0,516.0,794.0,993.0,1993.0,-3095890.0,0.0,0.0,0.0,1.0,0.0,0.0,0.0,0.024230724975261835,-10.758441889015554,-0.06576911064713421,-0.6334603814960881,3094970.0,3095030.0,60.0,483.4661630362064,10.797606312489155,12.636453811832803,3.08899274249529,286.0,3.0865044140821007,1.0,-33.26532385889301,0.2561533783098934,18.726888873736858,0.16615354268749735,3095649.0,3095727.0,78.0,16336.056447801016,38.31697185574007,51.00342185740626,0.505677028769011,0.5646783334163431,-9.880734497566673,-0.12906413995579286,0.5416666666666666
43,3173.736063,3.4994991,1,44,2,1,2,1,5,1,-42.74038462,n/a,n/a,3096890.0,3100391.0,0.0,0.0,0.0,3098856.0,3097400.0,3099391.0,3097400.0,3098590.0,3099398.0,3100391.0,3501.0,510.0,1190.0,993.0,1991.0,-3099398.0,0.0,0.0,0.0,1.0,0.0,0.0,0.0,-0.22153805691666445,-11.042287524440033,0.03461532139322895,0.6749987671679644,3098838.0,3098902.0,64.0,480.714542078292,10.839682190753084,12.244809718045635,-3.082480538579435,248.0,-3.064907488827755,1.0,-0.3703839389075513,0.28038410328515523,-0.22153805691666445,0.06576911064713421,3099651.0,3099670.0,19.0,96.58232964209004,0.7113680153569324,0.8186578396187901,-0.41575397887322696,-0.5469458760638333,-10.607686131445986,0.6576125226319043,0.7208333333333333
44,3177.243869,3.516215,1,45,2,1,2,1,3,2,-42.74038462,n/a,n/a,3100398.0,3103915.0,0.0,0.0,0.0,3102107.0,3100924.0,3102916.0,3100924.0,3101714.0,3102922.0,3103915.0,3517.0,526.0,790.0,993.0,1992.0,-3102922.0,0.0,0.0,0.0,1.0,0.0,0.0,0.0,-0.09692289990103947,-11.263825581356697,-0.1869227355234355,-0.1488458819908829,3102088.0,3102161.0,73.0,519.8992599185461,11.16696759840721,12.894925060359208,-3.1381828713923205,374.0,3.0940606241399826,1.0,-33.26532385889301,0.1107690284583342,18.726888873736858,-0.4465376459726526,3102593.0,3102717.0,124.0,15793.676585373416,38.49134787107104,49.93580649359563,0.5214327806458045,0.5840036246147668,-10.232851695226964,0.2519823684851217,0.5833333333333334
45,3180.768372,3.507821,1,46,2,2,2,1,3,2,-42.74038462,n/a,n/a,3103922.0,3107431.0,0.0,0.0,0.0,3105722.0,3104439.0,3106432.0,3104439.0,3105232.0,3106439.0,3107431.0,3509.0,517.0,793.0,992.0,1993.0,-3106439.0,0.0,0.0,0.0,1.0,0.0,0.0,0.0,-0.1107690284583342,10.118058443240818,0.020769192835938154,0.15923047840885393,3105692.0,3105770.0,78.0,507.94830795994795,10.229764560995028,12.605624960746432,-0.01353555233653762,460.0,0.029936109117665775,1.0,-0.1107690284583342,10.118058443240818,0.020769192835938154,0.15923047840885393,3105692.0,3105770.0,78.0,507.94830795994795,10.229764560995028,12.605624960746432,-0.01353555233653762,0.029936109117665775,9.653562111979392,0.37490059701445044,0.625
46,3184.284526,3.5078271,1,47,2,1,2,2,5,2,-42.74038462,n/a,n/a,3107438.0,3110948.0,0.0,0.0,0.0,3109438.0,3107955.0,3109948.0,3107955.0,3109148.0,3109955.0,3110948.0,3510.0,517.0,1193.0,993.0,1993.0,-3109955.0,0.0,0.0,0.0,1.0,0.0,0.0,0.0,-0.14538434985156315,-10.613057539163995,-0.06576911064713421,0.6023065922421829,3109409.0,3109488.0,79.0,501.92514427237825,10.488970738020074,11.936857064667365,-3.0778563484218466,261.0,-3.0716487961492405,1.0,-0.14538434985156315,-10.613057539163995,-0.06576911064713421,0.6023065922421829,3109409.0,3109488.0,79.0,501.92514427237825,10.488970738020074,11.936857064667365,-3.0778563484218466,-3.0716487961492405,-10.619044750725351,0.6699043454848363,0.725
47,3187.800687,3.5078255,1,48,2,1,1,2,3,1,-42.74038462,n/a,n/a,3110954.0,3114464.0,0.0,0.0,0.0,3112687.0,3111471.0,3113464.0,3111471.0,3112264.0,3113471.0,3114464.0,3510.0,517.0,793.0,993.0,1993.0,-3113471.0,0.0,0.0,0.0,1.0,0.0,0.0,0.0,-0.1730766069661447,-10.48844238214837,-0.1730766069661447,-0.23538418547395523,3112670.0,3112730.0,60.0,495.2441262761007,10.31555395071638,11.463473991394027,3.135552458591225,406.0,3.094469161908621,1.0,-0.1730766069661447,-10.48844238214837,-0.1730766069661447,-0.23538418547395523,3112670.0,3112730.0,60.0,495.2441262761007,10.31555395071638,11.463473991394027,3.135552458591225,3.094469161908621,-9.721713827655574,-0.30114965989685394,0.6
48,3191.316842,3.5078245,1,49,2,2,2,1,1,1,-42.74038462,n/a,n/a,3114470.0,3117980.0,0.0,0.0,0.0,3115697.0,3114987.0,3116980.0,3114987.0,3115380.0,3116987.0,3117980.0,3510.0,517.0,393.0,993.0,1993.0,-3116987.0,0.0,0.0,0.0,1.0,0.0,0.0,0.0,-0.21807652477734077,11.904209027131436,-0.19384579980208289,-0.7649986027903605,3115673.0,3115713.0,40.0,529.4704814792146,12.135733291663,12.213074705165473,0.04708111571959936,293.0,0.054445145889371764,1.0,11.904209027131436,9.848058936373635,-0.7546140063723894,-0.6819218314466118,3115715.0,3115746.0,31.0,319.7902244932834,2.057434652186737,2.5225165851377462,-3.1062538363371432,3.055032631602361,10.425948222976155,-0.460943356984979,0.3416666666666667
49,3194.832999,3.5078067,1,50,2,1,1,2,1,1,-42.74038462,n/a,n/a,3117987.0,3121497.0,0.0,0.0,0.0,3119363.0,3118503.0,3120496.0,3118503.0,3118897.0,3120503.0,3121497.0,3510.0,516.0,394.0,994.0,1993.0,-3120503.0,0.0,0.0,0.0,1.0,0.0,0.0,0.0,-0.27346103900650787,-11.468055977576748,-0.19730733194140657,0.1384612855729158,3119349.0,3119417.0,68.0,527.7335671336947,11.199629297578108,12.882121039735578,-3.111607827465101,452.0,-3.0824423535769783,1.0,-1.8934580802096248,-1.6615354268749893,0.5088452244804671,0.5642297387096302,3119904.0,3119930.0,26.0,92.25342142067238,0.23844404279867823,0.6125347152494797,-0.2344156757237964,0.8854644301817723,-10.198775837388874,0.21510689992632537,0.425
50,3198.349152,3.5078284,1,51,2,2,2,1,4,2,-42.74038462,n/a,n/a,3121503.0,3125012.0,0.0,0.0,0.0,3123253.0,3122019.0,3124012.0,3122019.0,3123013.0,3124019.0,3125012.0,3509.0,516.0,994.0,993.0,1993.0,-3124019.0,0.0,0.0,0.0,1.0,0.0,0.0,0.0,-0.11423056059765394,8.605368898356712,-0.048461449950519736,0.08653830348307236,3123237.0,3123295.0,58.0,528.4860806695939,8.720644451990026,10.737350195273264,-0.015481097385203226,224.0,0.024181032367615457,0.0,0.0,0.0,0.0,0.0,0.0,0.0,0.0,0.0,0.0,0.0,0.0,0.0,9.698996589096843,0.3257333056027181,0.6083333333333333
51,3201.865451,3.5076701,1,52,2,2,1,1,5,1,-42.74038462,n/a,n/a,3125019.0,3128528.0,0.0,0.0,0.0,3127095.0,3125536.0,3127529.0,3125536.0,3126729.0,3127535.0,3128528.0,3509.0,517.0,1193.0,993.0,1993.0,-3127535.0,0.0,0.0,0.0,1.0,0.0,0.0,0.0,-0.15230741413020657,10.699595842647064,-0.49153756378385255,-0.44999917811197626,3127076.0,3127135.0,59.0,576.9292347007025,10.851982755788795,12.894509692936447,-0.0038277325020091824,347.0,0.024162858218769095,1.0,-0.15230741413020657,10.699595842647064,-0.49153756378385255,-0.44999917811197626,3127076.0,3127135.0,59.0,576.9292347007025,10.851982755788795,12.894509692936447,-0.0038277325020091824,0.024162858218769095,10.743989562798356,-0.8051143968670973,0.7708333333333334
52,3205.381452,3.5078225,1,53,2,2,2,2,4,1,-42.74038462,n/a,n/a,3128535.0,3132044.0,0.0,0.0,0.0,3130361.0,3129052.0,3131045.0,3129052.0,3130044.0,3131051.0,3132044.0,3509.0,517.0,992.0,993.0,1993.0,-3131051.0,0.0,0.0,0.0,1.0,0.0,0.0,0.0,-0.31846095681770786,11.49228670255201,-0.2423072497526026,-0.0,3130343.0,3130383.0,40.0,470.82810969554424,11.813232964628689,11.783991931165186,-0.020512948856852866,299.0,0.0273220269058131,1.0,11.485363638273363,9.931135707717386,-0.01384612855729079,0.08653830348307236,3130385.0,3130412.0,27.0,176.30231082887647,1.5574663702039844,1.9026622429024764,-3.0770942680528934,-3.0431911981031865,9.596769015582572,0.4363597112791148,0.6458333333333334
53,3208.897617,3.5078181,1,54,2,1,1,1,3,1,-42.74038462,n/a,n/a,3132051.0,3135561.0,0.0,0.0,0.0,3133734.0,3132568.0,3134561.0,3132568.0,3133361.0,3134568.0,3135561.0,3510.0,517.0,793.0,993.0,1993.0,-3134568.0,0.0,0.0,0.0,1.0,0.0,0.0,0.0,-0.23538418547395523,-10.564596089213476,-0.40153772816145655,-0.7615370706510368,3133716.0,3133781.0,65.0,531.4313075443624,10.335483446793727,11.79785270280928,3.1067542081934145,355.0,3.0566970802833833,0.0,0.0,0.0,0.0,0.0,0.0,0.0,0.0,0.0,0.0,0.0,0.0,0.0,-9.789865543331759,-0.22739872277925746,0.575
54,3212.413775,3.5078333,1,55,2,1,2,2,1,1,-42.74038462,n/a,n/a,3135567.0,3139077.0,0.0,0.0,0.0,3137017.0,3136084.0,3138077.0,3136084.0,3136477.0,3138084.0,3139077.0,3510.0,517.0,393.0,993.0,1993.0,-3138084.0,0.0,0.0,0.0,1.0,0.0,0.0,0.0,-0.33576861751432235,-10.564596089213476,0.079615239204425,-0.2561533783098934,3137002.0,3137069.0,67.0,553.6798535061479,10.234336911119096,12.144687219084318,3.1087787170616465,525.0,3.080845101705361,1.0,-0.5296144173164012,0.21461499263802103,0.26653797472786445,0.24576878189192627,3138266.0,3138288.0,22.0,82.69528718696758,0.7445191562425805,0.7882114667832882,0.027899735482454432,-2.9872738776636742,-9.892093116846038,-0.11677231710286078,0.4583333333333333
55,3215.929941,3.5078251,1,56,2,2,2,2,5,1,-42.74038462,n/a,n/a,3139084.0,3142593.0,0.0,0.0,0.0,3141043.0,3139600.0,3141594.0,3139600.0,3140793.0,3141600.0,3142593.0,3509.0,516.0,1193.0,993.0,1994.0,-3141600.0,0.0,0.0,0.0,1.0,0.0,0.0,0.0,-0.294230231842446,9.107291058558532,-0.1384612855729158,0.1626920105481776,3141025.0,3141097.0,72.0,542.9829360926421,9.406343385270786,11.160581933283657,-0.03202145145061727,232.0,-0.026986930944973758,1.0,-0.062307578507810525,-0.079615239204425,-0.05884604636849078,0.031153789253905263,3141817.0,3141848.0,31.0,49.457395447230695,0.09164892542112776,0.46802423555128675,-1.7607846147136108,-0.7383125725172293,9.41503110711274,0.6330288769260362,0.7125
56,3219.446099,3.5078417,1,57,2,2,2,1,1,1,-42.74038462,n/a,n/a,3142600.0,3146109.0,0.0,0.0,0.0,3144110.0,3143116.0,3145109.0,3143116.0,3143510.0,3145116.0,3146109.0,3509.0,516.0,394.0,993.0,1993.0,-3145116.0,0.0,0.0,0.0,1.0,0.0,0.0,0.0,-0.5019221602018197,12.156900873302007,-0.3080763603997368,0.006923064278647363,3144089.0,3144127.0,38.0,569.3568591199136,12.662741615902723,12.519360189103379,-0.024878650394350044,579.0,0.03871888007621666,1.0,-0.5019221602018197,12.156900873302007,-0.3080763603997368,0.006923064278647363,3144089.0,3144127.0,38.0,569.3568591199136,12.662741615902723,12.519360189103379,-0.024878650394350044,0.03871888007621666,10.028396548198412,-0.0307295571323322,0.4875
57,3222.962259,3.5078365,1,58,2,1,1,2,3,1,-42.74038462,n/a,n/a,3146116.0,3149625.0,0.0,0.0,0.0,3147732.0,3146632.0,3148625.0,3146632.0,3147425.0,3148632.0,3149625.0,3509.0,516.0,793.0,993.0,1993.0,-3148632.0,0.0,0.0,0.0,1.0,0.0,0.0,0.0,-0.2526918461705697,-10.876133981752536,-0.2388457176132789,-0.18346120338411182,3147716.0,3147777.0,61.0,535.4147208070267,10.623586506094576,12.299403846874544,-3.136379276254031,291.0,3.0993642514767914,1.0,-10.986903010210867,-11.28805630633196,-0.2699995068671842,-0.2388457176132789,3147790.0,3147809.0,19.0,32.65602889037915,0.3027604108027926,0.31398977801177014,-3.038511045067096,-2.896613990462938,-9.880734497566673,-0.12906413995579286,0.5416666666666666
58,3226.478413,3.5078238,1,59,2,2,2,1,2,2,-42.74038462,n/a,n/a,3149632.0,3153141.0,0.0,0.0,0.0,3151332.0,3150148.0,3152142.0,3150148.0,3150741.0,3152148.0,3153141.0,3509.0,516.0,593.0,993.0,1994.0,-3152148.0,0.0,0.0,0.0,1.0,0.0,0.0,0.0,-0.5538451422916632,10.58190374991009,-0.1903842676627592,0.38769159960416577,3151315.0,3151386.0,71.0,566.9179970146213,11.150743253186711,12.687361047428453,-0.051865163219016235,574.0,-0.05350080828456526,0.0,0.0,0.0,0.0,0.0,0.0,0.0,0.0,0.0,0.0,0.0,0.0,0.0,9.767148304773032,0.2519823684851217,0.5833333333333334
59,3229.99457,3.5078251,1,60,2,1,1,1,1,1,-42.74038462,n/a,n/a,3153148.0,3156658.0,0.0,0.0,0.0,3154625.0,3153665.0,3155658.0,3153665.0,3154058.0,3155665.0,3156658.0,3510.0,517.0,393.0,993.0,1993.0,-3155665.0,0.0,0.0,0.0,1.0,0.0,0.0,0.0,-0.3946146638828092,-10.450365528615817,-0.006923064278647363,-0.5919219958242157,3154602.0,3154674.0,72.0,544.6339462477679,10.072752811594658,11.819685216377735,3.0834825909651213,544.0,3.0592053676148714,0.0,0.0,0.0,0.0,0.0,0.0,0.0,0.0,0.0,0.0,0.0,0.0,0.0,-10.085189644595228,0.09218867139699659,0.4666666666666667
60,3233.510729,3.507804,1,61,2,2,1,1,5,2,-42.74038462,n/a,n/a,3156664.0,3160174.0,0.0,0.0,0.0,3158564.0,3157181.0,3159173.0,3157181.0,3158374.0,3159180.0,3160174.0,3510.0,517.0,1193.0,994.0,1992.0,-3159180.0,0.0,0.0,0.0,1.0,0.0,0.0,0.0,-0.2561533783098934,10.561134557074148,-0.10730749631901051,-0.43269151741536177,3158544.0,3158629.0,85.0,531.1096016491049,10.822180604581959,12.987476688017708,0.03007093272979496,170.0,0.04585896705436614,0.0,0.0,0.0,0.0,0.0,0.0,0.0,0.0,0.0,0.0,0.0,0.0,0.0,10.505458557931705,-0.5469861169555076,0.6833333333333333
61,3237.027018,3.5076992,1,62,2,2,2,1,3,1,-42.74038462,n/a,n/a,3160181.0,3163690.0,0.0,0.0,0.0,3161940.0,3160697.0,3162691.0,3160697.0,3161490.0,3162697.0,3163690.0,3509.0,516.0,793.0,993.0,1994.0,-3162697.0,0.0,0.0,0.0,1.0,0.0,0.0,0.0,-0.2388457176132789,12.27459296603898,0.08307677134374868,-0.22499958905598813,3161915.0,3161956.0,41.0,508.36291933991635,12.51723047376543,12.513855688390505,0.02461466798842355,425.0,0.024898008275288746,1.0,-0.2388457176132789,12.27459296603898,0.08307677134374868,-0.22499958905598813,3161915.0,3161956.0,41.0,508.36291933991635,12.51723047376543,12.513855688390505,0.02461466798842355,0.024898008275288746,9.698996589096843,0.3257333056027181,0.6083333333333333
62,3240.543044,3.5078111,1,63,2,2,2,2,5,2,-42.74038462,n/a,n/a,3163696.0,3167205.0,0.0,0.0,0.0,3165763.0,3164213.0,3166206.0,3164213.0,3165406.0,3166213.0,3167205.0,3509.0,517.0,1193.0,992.0,1993.0,-3166213.0,0.0,0.0,0.0,1.0,0.0,0.0,0.0,-0.2007688640807263,10.356904160854102,-0.22499958905598813,0.7199986849791604,3165742.0,3165824.0,82.0,551.7875378552689,10.599881199304356,11.734739968828578,-0.08927030112770429,336.0,-0.09423854941528961,1.0,-0.2007688640807263,10.356904160854102,-0.22499958905598813,0.7199986849791604,3165742.0,3165824.0,82.0,551.7875378552689,10.599881199304356,11.734739968828578,-0.08927030112770429,-0.09423854941528961,9.27872767576037,0.780530751161233,0.7625
63,3244.059187,3.5078266,1,64,2,1,2,1,1,2,-42.74038462,n/a,n/a,3167212.0,3170722.0,0.0,0.0,0.0,3168529.0,3167729.0,3169722.0,3167729.0,3168122.0,3169729.0,3170722.0,3510.0,517.0,393.0,993.0,1993.0,-3169729.0,0.0,0.0,0.0,1.0,0.0,0.0,0.0,-0.41538385671874734,-11.083825910111909,0.05884604636849078,-0.35653781035025656,3168509.0,3168595.0,86.0,554.0806687048744,10.676525633136947,12.18377885644378,3.102676555155606,387.0,3.067086948626251,1.0,-0.41538385671874734,-11.083825910111909,0.05884604636849078,-0.35653781035025656,3168509.0,3168595.0,86.0,554.0806687048744,10.676525633136947,12.18377885644378,3.102676555155606,3.067086948626251,-9.710355208376212,-0.31344148274978606,0.39166666666666666
64,3247.575346,3.5078384,1,65,2,1,1,1,1,1,-42.74038462,n/a,n/a,3170729.0,3174238.0,0.0,0.0,0.0,3172212.0,3171245.0,3173239.0,3171245.0,3171638.0,3173245.0,3174238.0,3509.0,516.0,393.0,993.0,1994.0,-3173245.0,0.0,0.0,0.0,1.0,0.0,0.0,0.0,-0.20423039622005,-9.969212561249936,-0.05884604636849078,-0.5019221602018197,3172200.0,3172266.0,66.0,521.5579306100161,9.77502906011033,11.447291495019442,3.0962497729459817,562.0,3.0638003071799997,0.0,0.0,0.0,0.0,0.0,0.0,0.0,0.0,0.0,0.0,0.0,0.0,0.0,-10.051113786757139,0.05531320283819638,0.4791666666666667
65,3251.091501,3.5079732,1,66,2,2,2,2,3,2,-42.74038462,n/a,n/a,3174245.0,3177754.0,0.0,0.0,0.0,3175938.0,3174762.0,3176755.0,3174762.0,3175554.0,3176761.0,3177754.0,3509.0,517.0,792.0,993.0,1993.0,-3176761.0,0.0,0.0,0.0,1.0,0.0,0.0,0.0,-0.03807685353255263,9.429213547515568,0.01384612855729079,-0.4084607924401,3175916.0,3175973.0,57.0,493.3253439982602,9.476704631532005,12.001103471946541,0.04457739625571415,362.0,0.04154651761953706,0.0,0.0,0.0,0.0,0.0,0.0,0.0,0.0,0.0,0.0,0.0,0.0,0.0,9.789865543331763,0.22739872277925746,0.575
66,3254.607668,3.5078143,1,67,2,2,2,1,4,2,-42.74038462,n/a,n/a,3177761.0,3181271.0,0.0,0.0,0.0,3179694.0,3178278.0,3180270.0,3178278.0,3179271.0,3180277.0,3181271.0,3510.0,517.0,993.0,994.0,1992.0,-3180277.0,0.0,0.0,0.0,1.0,0.0,0.0,0.0,-0.4119223245794236,9.51921338313796,-0.05884604636849078,0.15923047840885393,3179677.0,3179769.0,92.0,496.1130234099958,9.93352977625568,12.117046158773785,-0.021955342243488513,406.0,-0.02914293278273709,1.0,-0.3426916817929658,-0.3080763603997368,-0.6853833635859315,-0.8411523098554617,3180409.0,3180437.0,28.0,52.815942990432156,0.1595687472441779,0.3427091638326079,1.3521273809209546,0.7711134208100566,9.449106964950833,0.5961534083672398,0.7
67,3258.123806,3.5078411,1,68,2,2,1,1,1,1,-42.74038462,n/a,n/a,3181277.0,3184787.0,0.0,0.0,0.0,3182503.0,3181794.0,3183786.0,3181794.0,3182187.0,3183794.0,3184787.0,3510.0,517.0,393.0,993.0,1992.0,-3183794.0,0.0,0.0,0.0,1.0,0.0,0.0,0.0,-0.09346136776171972,10.64074979627858,-0.10038443204036315,0.6299988493567683,3182486.0,3182554.0,68.0,568.2708285504316,10.759031046146854,12.797572698813411,-0.0679378500313946,299.0,-0.07011265315135021,1.0,15.317279716503808,15.313818184364488,0.5676912708489539,0.5226913530377578,3183003.0,3183025.0,22.0,64.74134528955794,0.04513285729671835,0.45891091805873657,1.6475682180646078,-0.19739555984988244,9.585410396303203,0.44865153413204695,0.3458333333333333
68,3261.648317,3.5078118,1,69,2,1,1,1,3,2,-42.74038462,n/a,n/a,3184802.0,3188311.0,0.0,0.0,0.0,3186445.0,3185318.0,3187311.0,3185318.0,3186111.0,3187318.0,3188311.0,3509.0,516.0,793.0,993.0,1993.0,-3187318.0,0.0,0.0,0.0,1.0,0.0,0.0,0.0,-0.6126911886601539,-11.052672120858,-0.13153822129426843,-0.4846144995052052,3186433.0,3186494.0,61.0,512.9229389878279,10.445949680277513,11.517537530308164,3.1077859100294525,322.0,3.0907787747284545,0.0,0.0,0.0,0.0,0.0,0.0,0.0,0.0,0.0,0.0,0.0,0.0,0.0,-9.835300020449218,-0.17823143136752517,0.5583333333333333
69,3265.164435,3.5078409,1,70,2,2,1,1,4,2,-42.74038462,n/a,n/a,3188318.0,3191827.0,0.0,0.0,0.0,3190127.0,3188834.0,3190827.0,3188835.0,3189827.0,3190834.0,3191828.0,3509.0,517.0,992.0,994.0,1993.0,-3190834.0,0.0,0.0,0.0,1.0,0.0,0.0,0.0,-0.6334603814960881,9.373829033286396,-0.09692289990103947,-0.32192248895702763,3190108.0,3190177.0,69.0,554.0818701135462,10.009818492175217,11.756297803205014,0.022479782284514686,281.0,0.0438857447016159,1.0,13.58305211470304,12.568823197881427,-0.5573066744309868,-0.4846144995052052,3190358.0,3190377.0,19.0,109.68955176166997,1.0168305896326022,1.025291562076045,-3.0700426469707915,3.0197502165698755,10.380513745858703,-0.4117760655732467,0.6375
70,3268.68061,3.5078286,1,71,2,2,2,1,5,1,-42.74038462,n/a,n/a,3191834.0,3195343.0,0.0,0.0,0.0,3193950.0,3192351.0,3194343.0,3192351.0,3193544.0,3194350.0,3195343.0,3509.0,517.0,1193.0,993.0,1992.0,-3194350.0,0.0,0.0,0.0,1.0,0.0,0.0,0.0,0.01384612855729079,7.919985534770781,0.11423056059765394,0.16615354268749735,3193930.0,3193983.0,53.0,517.6636797452217,7.906309904535168,10.238377662105433,-0.006567331151570782,386.0,-0.022654223142500377,1.0,-33.26532385889301,0.22153805691666445,18.726888873736858,-0.079615239204425,3194767.0,3194834.0,67.0,15733.111437740079,38.40643849562964,47.84463970439324,0.5117119303551511,0.6025109172324387,9.210575960084181,0.8542816882788257,0.7875
71,3272.205149,3.5077875,1,72,2,1,2,2,3,2,-42.74038462,n/a,n/a,3195358.0,3198868.0,0.0,0.0,0.0,3196958.0,3195875.0,3197868.0,3195875.0,3196668.0,3197875.0,3198868.0,3510.0,517.0,793.0,993.0,1993.0,-3197875.0,0.0,0.0,0.0,1.0,0.0,0.0,0.0,-0.09692289990103947,-10.84844172463795,-0.12461515701562499,-0.15923047840885393,3196948.0,3197011.0,63.0,570.8045039515885,10.751574547904475,12.630860889731304,3.1383730896979696,280.0,3.1015701529369135,1.0,-10.824210999662693,-11.114979699365815,-0.16961507482682103,-0.044999917811196055,3197014.0,3197034.0,20.0,37.646096091009376,0.31634692046086593,0.3509659026829967,-2.7367008673047066,-2.757423289197197,-10.107906883153959,0.11677231710286078,0.5375
72,3275.721263,3.5078729,1,73,2,2,2,1,2,1,-42.74038462,n/a,n/a,3198874.0,3202384.0,0.0,0.0,0.0,3200368.0,3199391.0,3201384.0,3199391.0,3199985.0,3201391.0,3202384.0,3510.0,517.0,594.0,993.0,1993.0,-3201391.0,0.0,0.0,0.0,1.0,0.0,0.0,0.0,0.15923047840885393,12.61382311569263,0.024230724975261835,-0.39807619602213284,3200347.0,3200388.0,41.0,548.2656661960298,12.461750314310008,12.419887111199811,0.03389474051740712,362.0,0.033172433682848335,1.0,12.586130858578041,9.848058936373635,-0.38769159960416577,-0.15230741413020657,3200390.0,3200416.0,26.0,427.4271952077909,2.7481709491833604,3.7557815132297674,-3.055836364900902,3.036329782127502,10.051113786757135,-0.05531320283819638,0.4791666666666667
73,3279.237412,3.5078349,1,74,2,1,1,2,4,1,-42.74038462,n/a,n/a,3202391.0,3205900.0,0.0,0.0,0.0,3204167.0,3202907.0,3204900.0,3202907.0,3203901.0,3204907.0,3205900.0,3509.0,516.0,994.0,993.0,1993.0,-3204907.0,0.0,0.0,0.0,1.0,0.0,0.0,0.0,-0.1384612855729158,-9.709597650800719,-0.010384596417967108,-0.6784602993072881,3204148.0,3204223.0,75.0,505.97903343234736,9.594424238409365,10.811273720622475,3.0719045997735193,247.0,3.0566433458179327,1.0,-10.028058607618426,-33.26532385889301,-0.32192248895702763,18.726888873736858,3204662.0,3204693.0,31.0,15038.164593337986,30.047091551256493,45.11449378001395,-2.4549228819571134,-2.502004668381763,-9.664920731258754,-0.3626087741615184,0.6208333333333333
74,3282.753623,3.5078147,1,75,2,2,1,2,1,1,-42.74038462,n/a,n/a,3205907.0,3209416.0,0.0,0.0,0.0,3207373.0,3206423.0,3208417.0,3206423.0,3206816.0,3208423.0,3209416.0,3509.0,516.0,393.0,993.0,1994.0,-3208423.0,0.0,0.0,0.0,1.0,0.0,0.0,0.0,-0.24576878189192627,9.938058771996026,-0.11423056059765394,0.29076869970312236,3207357.0,3207426.0,69.0,519.7686429011809,10.191877552648071,12.515635103538495,-0.039747918940816966,541.0,-0.038176847436346806,1.0,17.84765971034884,16.868046114920464,-0.7165371528398408,-0.5815373994062447,3207797.0,3207821.0,24.0,106.31030896809904,0.9888719481182812,1.1445586247495703,-3.0046460535944695,-3.0416230682157477,9.914810355404764,0.09218867139699659,0.4666666666666667
75,3286.269835,3.5077459,1,76,2,1,1,2,5,1,-42.74038462,n/a,n/a,3209423.0,3212932.0,0.0,0.0,0.0,3211416.0,3209940.0,3211933.0,3209940.0,3211132.0,3211939.0,3212932.0,3509.0,517.0,1192.0,993.0,1993.0,-3211939.0,0.0,0.0,0.0,1.0,0.0,0.0,0.0,-0.28038410328515523,-9.346136776171814,-0.06576911064713421,-0.35653781035025656,3211403.0,3211463.0,60.0,533.7775968004609,9.070414431693774,10.987799983736368,3.1095303342914935,271.0,3.061172289852943,1.0,-0.4776914352265578,-0.006923064278647363,-0.17999967124479208,-0.15576894626953025,3212678.0,3212699.0,21.0,50.66413454310686,0.4713915433244176,0.538410140649875,-0.05142520801797938,0.21378753415789123,-9.35823801071592,-0.6944879911907006,0.7333333333333333
76,3289.785907,3.5078603,1,77,2,2,1,2,2,1,-42.74038462,n/a,n/a,3212939.0,3216449.0,0.0,0.0,0.0,3214466.0,3213456.0,3215448.0,3213456.0,3214049.0,3215455.0,3216449.0,3510.0,517.0,593.0,994.0,1992.0,-3215455.0,0.0,0.0,0.0,1.0,0.0,0.0,0.0,-0.20423039622005,9.58152096164577,0.16961507482682103,0.08999983562239604,3214448.0,3214522.0,74.0,543.9750612991643,9.786075220653391,12.174023989729235,0.008135653537264018,399.0,0.03327363259240711,1.0,14.922665052620994,14.098820403462147,-0.3253840210963513,-0.2007688640807263,3214781.0,3214806.0,25.0,56.550130968764385,0.8332160243932499,0.8325686427424736,-2.99147016757403,2.970292310781622,9.994320690360315,0.006145911426468013,0.49583333333333335
77,3293.30216,3.5077238,1,78,2,1,1,1,5,2,-42.74038462,n/a,n/a,3216455.0,3219965.0,0.0,0.0,0.0,3218465.0,3216972.0,3218964.0,3216972.0,3218165.0,3218972.0,3219965.0,3510.0,517.0,1193.0,993.0,1992.0,-3218972.0,0.0,0.0,0.0,1.0,0.0,0.0,0.0,-0.006923064278647363,-9.346136776171814,-0.1211536248763013,-0.7303832813971315,3218439.0,3218512.0,73.0,471.82840294499397,9.359063710158077,10.778072740141383,3.0764514435273367,274.0,3.0412209461205144,1.0,2.0319193657825405,2.049227026479155,0.024230724975261835,-0.010384596417967108,3219509.0,3219532.0,23.0,34.73530553598833,0.03870110584913133,0.25136062868914727,1.1071487177940904,-2.745742212252365,-9.35823801071592,-0.6944879911907006,0.7333333333333333
78,3296.818225,3.6828158,1,79,2,1,1,2,2,2,-42.74038462,n/a,n/a,3219971.0,3223656.0,0.0,0.0,0.0,3221697.0,3220665.0,3222656.0,3220665.0,3221255.0,3222663.0,3223656.0,3685.0,694.0,590.0,993.0,1991.0,-3222663.0,0.0,0.0,0.0,1.0,0.0,0.0,0.0,0.1730766069661447,-11.052672120858,-0.044999917811196055,-0.35653781035025656,3221666.0,3221763.0,97.0,573.461651888883,11.23007080826889,12.79460666508796,3.113847693574192,411.0,3.070921284248694,0.0,0.0,0.0,0.0,0.0,0.0,0.0,0.0,0.0,0.0,0.0,0.0,0.0,-9.994320690360318,-0.006145911426468013,0.5
79,3300.509369,3.5078404,1,80,2,1,2,2,1,1,-42.74038462,n/a,n/a,3223662.0,3227172.0,0.0,0.0,0.0,3225056.0,3224179.0,3226172.0,3224179.0,3224573.0,3226179.0,3227173.0,3510.0,517.0,394.0,994.0,1993.0,-3226179.0,0.0,0.0,0.0,1.0,0.0,0.0,0.0,-0.0553845142291671,-10.457288592894464,-0.09346136776171972,-0.11423056059765394,3225037.0,3225128.0,91.0,573.7764342710321,10.401924813279741,11.892424019493552,3.1395959840301866,464.0,3.0845118711835284,1.0,-0.0553845142291671,-10.457288592894464,-0.09346136776171972,-0.11423056059765394,3225037.0,3225128.0,91.0,573.7764342710321,10.401924813279741,11.892424019493552,3.1395959840301866,3.0845118711835284,-9.812582781890487,-0.20281507707338936,0.42916666666666664
80,3304.025543,3.5077631,1,81,2,2,1,2,5,2,-42.74038462,n/a,n/a,3227179.0,3230688.0,0.0,0.0,0.0,3229155.0,3227695.0,3229688.0,3227695.0,3228889.0,3229695.0,3230688.0,3509.0,516.0,1194.0,993.0,1993.0,-3229695.0,0.0,0.0,0.0,1.0,0.0,0.0,0.0,-0.21115346049869735,9.238829279852808,-0.328845553235675,-0.9346136776171815,3229134.0,3229203.0,69.0,556.063352395658,9.469378480843293,11.71562187692307,0.06401497783434403,245.0,0.08252781029932857,1.0,-33.26532385889301,1.8138428410051959,18.726888873736858,0.5226913530377578,3230063.0,3230116.0,53.0,16056.760028676135,39.521396024582366,49.210318057567,0.47868937023310115,0.5826180251958125,10.607686131445986,-0.6576125226319043,0.7208333333333333
81,3307.541633,3.5078262,1,82,2,1,1,1,4,1,-42.74038462,n/a,n/a,3230695.0,3234204.0,0.0,0.0,0.0,3232494.0,3231211.0,3233205.0,3231211.0,3232204.0,3233211.0,3234204.0,3509.0,516.0,993.0,993.0,1994.0,-3233211.0,0.0,0.0,0.0,1.0,0.0,0.0,0.0,0.12807668915494866,-9.394598226122335,0.062307578507810525,-0.4465376459726526,3232478.0,3232547.0,69.0,492.2889518117696,9.536260325962573,10.97741787315055,3.0882083100990583,274.0,3.057299197632213,1.0,-0.4257684531367144,-0.498460628062496,-0.24576878189192627,-0.32192248895702763,3233499.0,3233521.0,22.0,58.74698126262788,0.10527838997248051,0.2621867820080389,2.332942867381903,2.402889494235675,-9.630844873420662,-0.39948424272031463,0.6333333333333333
82,3311.057802,3.507854,1,83,2,1,2,1,2,2,-42.74038462,n/a,n/a,3234211.0,3237720.0,0.0,0.0,0.0,3235753.0,3234728.0,3236721.0,3234728.0,3235321.0,3236727.0,3237720.0,3509.0,517.0,593.0,993.0,1993.0,-3236727.0,0.0,0.0,0.0,1.0,0.0,0.0,0.0,0.19384579980208289,-10.1907506181666,0.079615239204425,0.11769209273697762,3235737.0,3235804.0,67.0,553.5388682629241,10.384666225298863,12.550203790438406,-3.137926003355093,416.0,3.0968957723572133,0.0,0.0,0.0,0.0,0.0,0.0,0.0,0.0,0.0,0.0,0.0,0.0,0.0,-10.017037928919043,0.018437734279400105,0.5041666666666667
83,3314.573986,3.5078053,1,84,2,2,2,2,1,1,-42.74038462,n/a,n/a,3237727.0,3241237.0,0.0,0.0,0.0,3239120.0,3238244.0,3240236.0,3238244.0,3238637.0,3240243.0,3241237.0,3510.0,517.0,393.0,994.0,1992.0,-3240243.0,0.0,0.0,0.0,1.0,0.0,0.0,0.0,-0.079615239204425,9.567674833088484,-0.07269217492578157,-0.294230231842446,3239098.0,3239173.0,75.0,538.8896414990909,9.649833410459673,12.222595478923823,0.022959725066365837,461.0,0.04107665487495782,1.0,-33.26532385889301,0.39807619602213284,18.726888873736858,0.21115346049869735,3240084.0,3240143.0,59.0,15683.319770216698,38.41948673720542,48.42402140304951,0.5028629473284913,0.5962899804822972,10.198775837388874,-0.21510689992632537,0.425
84,3318.090121,3.5079534,1,85,2,2,2,2,1,1,-42.74038462,n/a,n/a,3241243.0,3244753.0,0.0,0.0,0.0,3242610.0,3241760.0,3243753.0,3241760.0,3242153.0,3243759.0,3244753.0,3510.0,517.0,393.0,994.0,1993.0,-3243759.0,0.0,0.0,0.0,1.0,0.0,0.0,0.0,-0.3253840210963513,9.768443697169209,0.11769209273697762,-0.02769225711458158,3242595.0,3242670.0,75.0,536.7015380995298,10.09487467060428,12.065171637154759,0.014402296294204954,442.0,-0.03788023480425248,1.0,17.53266028567046,17.113814896812393,-1.1076902845833263,-1.4469204342369684,3242932.0,3242951.0,19.0,117.31961485752925,0.538988454608907,0.9327207384782407,2.4608337298540803,2.7693562464492683,10.221493075947604,-0.23969054563218956,0.4166666666666667
85,3321.606561,3.507583922,1,86,2,2,2,2,5,1,-42.74038462,n/a,n/a,3244760.0,3248268.0,0.0,0.0,0.0,3246802.0,3245276.0,3247269.0,3245276.0,3246469.0,3247276.0,3248268.0,3508.0,516.0,1193.0,992.0,1993.0,-3247276.0,0.0,0.0,0.0,1.0,0.0,0.0,0.0,-0.294230231842446,11.011133735186124,-0.18346120338411182,0.03807685353255263,3246779.0,3246817.0,38.0,509.4234532336578,11.307534370394386,11.145261621425629,-0.01959332821662427,310.0,0.04131933529350105,1.0,10.924595431703052,8.871906873084576,0.05884604636849078,0.2423072497526026,3246819.0,3246846.0,27.0,326.4644675198313,2.0608707702887,2.7895074127001873,-3.05245344648208,3.02093165486188,9.312803533598462,0.7436552826024329,0.75
86,3325.122455,3.5079221,1,87,2,2,1,2,2,2,-42.74038462,n/a,n/a,3248275.0,3251785.0,0.0,0.0,0.0,3249702.0,3248792.0,3250785.0,3248792.0,3249385.0,3250792.0,3251785.0,3510.0,517.0,593.0,993.0,1993.0,-3250792.0,0.0,0.0,0.0,1.0,0.0,0.0,0.0,-0.2976917639817697,10.58190374991009,-0.03461532139322895,-0.7269217492578078,3249685.0,3249756.0,71.0,570.6152549720964,10.901600191529614,13.024844380477639,0.06354779066032606,300.0,0.07901403997887191,0.0,0.0,0.0,0.0,0.0,0.0,0.0,0.0,0.0,0.0,0.0,0.0,0.0,9.858017259007944,0.15364778566166098,0.44583333333333336
87,3328.638629,3.5080015,1,88,2,1,2,1,3,2,-42.74038462,n/a,n/a,3251792.0,3255301.0,0.0,0.0,0.0,3253435.0,3252308.0,3254301.0,3252308.0,3253102.0,3254308.0,3255301.0,3509.0,516.0,794.0,993.0,1993.0,-3254308.0,0.0,0.0,0.0,1.0,0.0,0.0,0.0,0.0,-10.533442299959566,-0.20769192835937367,0.15923047840885393,3253411.0,3253472.0,61.0,490.36675114903034,10.539831058378784,11.929971025192257,-3.106772687325632,309.0,-3.09689401172254,1.0,0.0,-10.533442299959566,-0.20769192835937367,0.15923047840885393,3253411.0,3253472.0,61.0,490.36675114903034,10.539831058378784,11.929971025192257,-3.106772687325632,-3.09689401172254,-10.141982740992054,0.15364778566166098,0.55
88,3332.154762,3.5078675,1,89,2,1,1,2,3,1,-42.74038462,n/a,n/a,3255308.0,3258817.0,0.0,0.0,0.0,3257124.0,3255824.0,3257818.0,3255824.0,3256618.0,3257824.0,3258817.0,3509.0,516.0,794.0,993.0,1994.0,-3257824.0,0.0,0.0,0.0,1.0,0.0,0.0,0.0,0.2423072497526026,-9.782289825726501,-0.2007688640807263,-0.4949990959231723,3257108.0,3257174.0,66.0,547.0206570695851,10.028914096502882,11.537986590927249,3.1122502488041137,490.0,3.0758427059198676,1.0,0.2423072497526026,-9.782289825726501,-0.2007688640807263,-0.4949990959231723,3257108.0,3257174.0,66.0,547.0206570695851,10.028914096502882,11.537986590927249,3.1122502488041137,3.0758427059198676,-9.608127634861932,-0.42406788842618276,0.6416666666666667
89,3335.671001,3.5077729,1,90,2,2,2,2,2,2,-42.74038462,n/a,n/a,3258824.0,3262334.0,0.0,0.0,0.0,3260484.0,3259340.0,3261333.0,3259341.0,3259934.0,3261340.0,3262334.0,3510.0,517.0,593.0,994.0,1993.0,-3261340.0,0.0,0.0,0.0,1.0,0.0,0.0,0.0,-0.1626920105481776,9.681905393686137,-0.1869227355234355,-0.04153838567187631,3260461.0,3260519.0,58.0,537.5616263465562,9.845670858841402,12.879760122419945,-0.014766859041439833,527.0,-0.03897970791857169,1.0,-0.1626920105481776,9.681905393686137,-0.1869227355234355,-0.04153838567187631,3260461.0,3260519.0,58.0,537.5616263465562,9.845670858841402,12.879760122419945,-0.014766859041439833,-0.03897970791857169,9.823941401169852,0.19052325422045727,0.5625
90,3339.195458,3.5078219,1,91,2,1,2,1,3,1,-42.74038462,n/a,n/a,3262349.0,3265858.0,0.0,0.0,0.0,3264117.0,3262866.0,3264858.0,3262866.0,3263656.0,3264865.0,3265858.0,3509.0,517.0,790.0,993.0,1992.0,-3264865.0,0.0,0.0,0.0,1.0,0.0,0.0,0.0,0.14538434985156315,-11.886901366434818,-0.32192248895702763,-0.06576911064713421,3264103.0,3264175.0,72.0,539.4594206680976,12.035012011276468,13.612935384046247,-3.1203070311084318,447.0,-3.0986056620264315,1.0,0.14538434985156315,-11.886901366434818,-0.32192248895702763,-0.06576911064713421,3264103.0,3264175.0,72.0,539.4594206680976,12.035012011276468,13.612935384046247,-3.1203070311084318,-3.0986056620264315,-10.32372064946188,0.3503169513085823,0.6166666666666667
91,3342.711606,3.507807,1,92,2,1,2,1,2,1,-42.74038462,n/a,n/a,3265864.0,3269374.0,0.0,0.0,0.0,3267498.0,3266381.0,3268375.0,3266381.0,3266974.0,3268381.0,3269374.0,3510.0,517.0,593.0,993.0,1994.0,-3268381.0,0.0,0.0,0.0,1.0,0.0,0.0,0.0,0.0,-10.014212479061133,-0.3080763603997368,-0.1730766069661447,3267482.0,3267553.0,71.0,469.78601294951176,10.015122391124876,11.354085556581959,-3.128112654372214,508.0,3.0982874284791704,0.0,0.0,0.0,0.0,0.0,0.0,0.0,0.0,0.0,0.0,0.0,0.0,0.0,-10.141982740992054,0.15364778566166098,0.55
92,3346.227759,3.5078138,1,93,2,2,2,1,2,1,-42.74038462,n/a,n/a,3269381.0,3272890.0,0.0,0.0,0.0,3270881.0,3269897.0,3271890.0,3269897.0,3270491.0,3271897.0,3272891.0,3509.0,516.0,594.0,994.0,1993.0,-3271897.0,0.0,0.0,0.0,1.0,0.0,0.0,0.0,-0.16615354268749735,9.768443697169209,-0.1107690284583342,-0.2561533783098934,3270863.0,3270931.0,68.0,550.4815693255192,9.935660970833812,12.100193953818101,0.014633101801340732,372.0,0.04550121870671588,0.0,0.0,0.0,0.0,0.0,0.0,0.0,0.0,0.0,0.0,0.0,0.0,0.0,10.039755167477773,-0.043021379985264285,0.48333333333333334
93,3349.743903,3.5078229,1,94,2,1,1,1,4,2,-42.74038462,n/a,n/a,3272897.0,3276406.0,0.0,0.0,0.0,3274690.0,3273413.0,3275406.0,3273413.0,3274407.0,3275413.0,3276406.0,3509.0,516.0,994.0,993.0,1993.0,-3275413.0,0.0,0.0,0.0,1.0,0.0,0.0,0.0,-0.07269217492578157,-10.561134557074151,-0.09692289990103947,-0.4361530495546855,3274667.0,3274742.0,75.0,434.62488680514474,10.493926848329,11.615761540257283,3.109260690115054,260.0,3.083449307829596,1.0,-0.07269217492578157,-10.561134557074151,-0.09692289990103947,-0.4361530495546855,3274667.0,3274742.0,75.0,434.62488680514474,10.493926848329,11.615761540257283,3.109260690115054,3.083449307829596,-9.653562111979388,-0.37490059701445044,0.625
94,3353.260105,3.5078199,1,95,2,1,2,1,1,1,-42.74038462,n/a,n/a,3276413.0,3279922.0,0.0,0.0,0.0,3277873.0,3276930.0,3278922.0,3276930.0,3277322.0,3278929.0,3279922.0,3509.0,517.0,392.0,993.0,1992.0,-3278929.0,0.0,0.0,0.0,1.0,0.0,0.0,0.0,-0.1730766069661447,-9.98652022194655,-0.41538385671874734,-0.4361530495546855,3277855.0,3277923.0,68.0,545.2352661352006,9.81346559293763,11.20387322303647,3.139476254633282,533.0,3.0878079427244867,1.0,-12.028824184147059,-11.634209520264248,-0.5157682887591105,-0.5157682887591105,3278242.0,3278262.0,20.0,38.485499125017405,0.3946146638828092,0.41279405733611274,0.0,0.2978824088529493,-9.903451736125403,-0.10448049424992868,0.4625
95,3356.776226,3.5078406,1,96,2,2,2,1,1,2,-42.74038462,n/a,n/a,3279929.0,3283438.0,0.0,0.0,0.0,3281438.0,3280446.0,3282439.0,3280446.0,3280839.0,3282445.0,3283438.0,3509.0,517.0,393.0,993.0,1993.0,-3282445.0,0.0,0.0,0.0,1.0,0.0,0.0,0.0,-0.20769192835937367,10.280750453788997,-0.33230708537499865,-0.06576911064713421,3281416.0,3281487.0,71.0,565.9631512044045,10.491828539183157,12.614805776372965,-0.02540707292305132,577.0,-0.03540529749753364,0.0,0.0,0.0,0.0,0.0,0.0,0.0,0.0,0.0,0.0,0.0,0.0,0.0,10.039755167477773,-0.043021379985264285,0.48333333333333334
96,3360.292389,3.5078137,1,97,2,2,1,1,2,1,-42.74038462,n/a,n/a,3283445.0,3286955.0,0.0,0.0,0.0,3285272.0,3283962.0,3285955.0,3283962.0,3284555.0,3285961.0,3286955.0,3510.0,517.0,593.0,994.0,1993.0,-3285961.0,0.0,0.0,0.0,1.0,0.0,0.0,0.0,-0.23538418547395523,10.190750618166604,-0.588460463684892,-0.5919219958242157,3285259.0,3285317.0,58.0,469.1284275966141,10.426135378264073,12.230188734694135,0.0003320052998863614,704.0,0.025758740814525033,1.0,-0.23538418547395523,10.190750618166604,-0.588460463684892,-0.5919219958242157,3285259.0,3285317.0,58.0,469.1284275966141,10.426135378264073,12.230188734694135,0.0003320052998863614,0.025758740814525033,10.414589603696795,-0.44865153413204695,0.65
97,3363.808547,3.5080224,1,98,2,2,1,2,5,1,-42.74038462,n/a,n/a,3286961.0,3290471.0,0.0,0.0,0.0,3288971.0,3287478.0,3289471.0,3287478.0,3288671.0,3289478.0,3290471.0,3510.0,517.0,1193.0,993.0,1993.0,-3289478.0,0.0,0.0,0.0,1.0,0.0,0.0,0.0,-0.2699995068671842,10.623442135581966,-0.3911531317434855,-0.9380752097565052,3288947.0,3289016.0,69.0,500.53995450688325,10.907162535548066,13.110719655681768,0.050164424436261325,276.0,0.0631434594845573,1.0,16.03381686934365,15.434971809240789,-1.1596132666731696,-1.2357669737382748,3289218.0,3289238.0,20.0,68.3719536667958,0.6036677837265749,0.667106488259474,3.015103949621064,2.857590989382371,10.641761989284076,-0.6944879911907006,0.7333333333333333
98,3367.324764,3.5911014,1,99,2,1,1,1,3,2,-42.74038462,n/a,n/a,3290478.0,3294070.0,0.0,0.0,0.0,3292187.0,3291077.0,3293071.0,3291077.0,3291871.0,3293077.0,3294070.0,3592.0,599.0,794.0,993.0,1994.0,-3293077.0,0.0,0.0,0.0,1.0,0.0,0.0,0.0,-0.4084607924401,-10.720365035483006,0.07615370706510526,-0.8584599705520762,3292169.0,3292233.0,64.0,528.8021443209814,10.354171712120452,11.956757353624585,3.051205171721455,298.0,3.0231985192089117,0.0,0.0,0.0,0.0,0.0,0.0,0.0,0.0,0.0,0.0,0.0,0.0,0.0,-9.86937587828731,-0.1413559628087289,0.5458333333333333
99,3370.924184,3.5080223,1,100,2,1,2,2,2,2,-42.74038462,n/a,n/a,3294077.0,3297586.0,0.0,0.0,0.0,3295544.0,3294594.0,3296587.0,3294594.0,3295187.0,3296593.0,3297587.0,3509.0,517.0,593.0,994.0,1993.0,-3296593.0,0.0,0.0,0.0,1.0,0.0,0.0,0.0,-0.11423056059765394,-9.647290072292908,-0.03807685353255263,-0.12807668915494866,3295515.0,3295581.0,66.0,544.9470574301844,9.53348433805476,11.36145616429411,3.1321521206956953,328.0,3.0974006450759606,1.0,-0.46384530666926704,0.2561533783098934,-0.6126911886601539,0.03461532139322895,3296395.0,3296440.0,45.0,165.00373301147997,0.9681961703752038,1.743629780548231,-0.7322836110047714,2.6290950500979036,-9.903451736125403,-0.10448049424992868,0.4625
100,3541.957893,3.766064,2,1,2,1,1,1,2,2,-42.74038462,n/a,n/a,3465111.0,3468877.0,0.0,0.0,0.0,3466770.0,3465886.0,3467878.0,3465886.0,3466476.0,3467884.0,3468878.0,3766.0,775.0,590.0,994.0,1992.0,-3467884.0,0.0,0.0,0.0,1.0,0.0,0.0,0.0,0.1384612855729158,-9.983058689807226,-0.16961507482682103,-0.6126911886601539,3466746.0,3466800.0,54.0,493.19275065211247,10.131213306147929,11.919262056337509,3.0978449342236014,270.0,3.080858594087669,0.0,0.0,0.0,0.0,0.0,0.0,0.0,0.0,0.0,0.0,0.0,0.0,0.0,-10.187417218109509,0.20281507707338936,0.42916666666666664
101,3545.732265,3.5078212,2,2,2,2,1,1,2,2,-42.74038462,n/a,n/a,3468885.0,3472394.0,0.0,0.0,0.0,3470277.0,3469401.0,3471393.0,3469401.0,3469994.0,3471400.0,3472394.0,3509.0,516.0,593.0,994.0,1992.0,-3471400.0,0.0,0.0,0.0,1.0,0.0,0.0,0.0,0.15923047840885393,8.878829937363225,-0.09346136776171972,-0.8653830348307235,3470265.0,3470338.0,73.0,427.20676529917495,8.753700805070272,10.23403425880714,0.08829701031509993,271.0,0.08432097348319789,1.0,8.871906873084576,-33.26532385889301,-0.623075785078121,18.726888873736858,3470857.0,3470886.0,29.0,14329.405204150107,46.36774035962185,51.456691462073515,-2.7111036509852715,-2.530265986064311,9.823941401169852,0.19052325422045727,0.43333333333333335
102,3549.248402,3.5078282,2,3,2,1,1,2,4,2,-42.74038462,n/a,n/a,3472400.0,3475910.0,0.0,0.0,0.0,3474150.0,3472917.0,3474910.0,3472917.0,3473910.0,3474916.0,3475910.0,3510.0,517.0,993.0,994.0,1993.0,-3474916.0,0.0,0.0,0.0,1.0,0.0,0.0,0.0,0.2596149104492171,-10.124981507519466,-0.04153838567187631,-1.0626903667721301,3474131.0,3474199.0,68.0,473.46743020804195,10.434682272718847,11.900742460767457,3.0435744369659696,221.0,3.025860312170797,1.0,-0.7788447313476512,-1.0349981096575447,1.246151570156242,0.5711528029882775,3474902.0,3474922.0,20.0,86.79369539030377,0.721968066397568,0.718732781532527,1.933495147455915,1.9352039159400987,-9.698996589096847,-0.3257333056027181,0.6083333333333333
103,3552.764562,3.5078766,2,4,2,1,2,2,1,2,-42.74038462,n/a,n/a,3475916.0,3479425.0,0.0,0.0,0.0,3477343.0,3476433.0,3478426.0,3476433.0,3476827.0,3478433.0,3479425.0,3509.0,517.0,394.0,992.0,1993.0,-3478433.0,0.0,0.0,0.0,1.0,0.0,0.0,0.0,-0.17999967124479208,-9.872289661348896,0.017307660696614473,-0.5192298208984342,3477323.0,3477383.0,60.0,481.1764863939357,9.70712922142425,11.09270050613071,3.086291952712973,496.0,3.077577675755449,0.0,0.0,0.0,0.0,0.0,0.0,0.0,0.0,0.0,0.0,0.0,0.0,0.0,-9.858017259007944,-0.15364778566166098,0.44583333333333336
104,3556.280746,3.5244913,2,5,2,2,2,2,2,2,-42.74038462,n/a,n/a,3479433.0,3482959.0,0.0,0.0,0.0,3481000.0,3479959.0,3481959.0,3479963.0,3480560.0,3481966.0,3482960.0,3526.0,530.0,597.0,994.0,2000.0,-3481966.0,0.0,0.0,0.0,1.0,0.0,0.0,0.0,-0.15576894626953025,9.193829362041605,0.0692306427864579,-0.5849989315455684,3480977.0,3481042.0,65.0,431.13101397215513,9.372459915235972,10.632463779054333,0.0698602116315902,417.0,0.09063041215138276,0.0,0.0,0.0,0.0,0.0,0.0,0.0,0.0,0.0,0.0,0.0,0.0,0.0,9.971603451801585,0.0307295571323322,0.5083333333333333
105,3559.813604,3.5078125,2,6,2,2,2,1,1,2,-42.74038462,n/a,n/a,3482965.0,3486475.0,0.0,0.0,0.0,3484365.0,3483482.0,3485474.0,3483482.0,3483875.0,3485482.0,3486475.0,3510.0,517.0,393.0,993.0,1992.0,-3485482.0,0.0,0.0,0.0,1.0,0.0,0.0,0.0,-0.17999967124479208,11.108056635087172,0.14538434985156315,-0.5399990137343723,3484349.0,3484410.0,61.0,524.7888345965923,11.30884457095424,12.877720715462349,0.06064312163427357,474.0,0.07048396259669376,1.0,-0.17999967124479208,11.108056635087172,0.14538434985156315,-0.5399990137343723,3484349.0,3484410.0,61.0,524.7888345965923,11.30884457095424,12.877720715462349,0.06064312163427357,0.07048396259669376,10.176058598830144,-0.19052325422045727,0.43333333333333335
106,3563.329743,3.5078329,2,7,2,1,2,2,4,2,-42.74038462,n/a,n/a,3486481.0,3489991.0,0.0,0.0,0.0,3488224.0,3486998.0,3488991.0,3486998.0,3487991.0,3488998.0,3489991.0,3510.0,517.0,993.0,993.0,1993.0,-3488998.0,0.0,0.0,0.0,1.0,0.0,0.0,0.0,-0.21115346049869735,-10.561134557074151,0.1107690284583342,-0.09692289990103947,3488209.0,3488276.0,67.0,427.4914334131677,10.352064752336842,11.62436145925342,3.121528456819203,218.0,3.091842445590689,1.0,-0.21115346049869735,-10.561134557074151,0.1107690284583342,-0.09692289990103947,3488209.0,3488276.0,67.0,427.4914334131677,10.352064752336842,11.62436145925342,3.121528456819203,3.091842445590689,-10.289644791623784,0.31344148274978606,0.6041666666666666
107,3566.845912,3.5079449,2,8,2,1,2,1,4,1,-42.74038462,n/a,n/a,3489997.0,3493508.0,0.0,0.0,0.0,3491808.0,3490514.0,3492507.0,3490514.0,3491508.0,3492514.0,3493508.0,3511.0,517.0,994.0,994.0,1993.0,-3492514.0,0.0,0.0,0.0,1.0,0.0,0.0,0.0,-0.13153822129426843,-10.917672367424409,0.006923064278647363,-0.10038443204036315,3491793.0,3491854.0,61.0,449.90190446247726,10.786667915398194,11.955156847631864,3.131644329677069,285.0,3.1019148505938863,1.0,-0.8549984384127565,-0.5711528029882775,-1.0038443204036394,-0.6992294921432263,3492561.0,3492584.0,23.0,44.08831910972089,0.41636346903354426,0.43330031877703273,-0.8206776369910342,-0.768450633591046,-10.3805137458587,0.4117760655732467,0.6375
108,3570.370399,3.507899,2,9,2,2,2,1,4,1,-42.74038462,n/a,n/a,3493524.0,3497032.0,0.0,0.0,0.0,3495340.0,3494040.0,3496031.0,3494040.0,3495031.0,3496038.0,3497032.0,3508.0,516.0,991.0,994.0,1991.0,-3496038.0,0.0,0.0,0.0,1.0,0.0,0.0,0.0,-0.1384612855729158,9.034598883632754,0.14192281771223947,-0.6715372350286407,3495317.0,3495390.0,73.0,430.9642267655625,9.209058047665502,10.641871863590183,0.0884478778767606,286.0,0.08957027429745062,1.0,-0.1384612855729158,9.034598883632754,0.14192281771223947,-0.6715372350286407,3495317.0,3495390.0,73.0,430.9642267655625,9.209058047665502,10.641871863590183,0.0884478778767606,0.08957027429745062,9.619486254141293,0.4117760655732467,0.6375
109,3573.88657,3.4994836,2,10,2,2,1,1,5,1,-42.74038462,n/a,n/a,3497038.0,3500539.0,0.0,0.0,0.0,3499056.0,3497546.0,3499540.0,3497547.0,3498740.0,3499546.0,3500539.0,3501.0,509.0,1193.0,993.0,1994.0,-3499546.0,0.0,0.0,0.0,1.0,0.0,0.0,0.0,-0.2007688640807263,8.761137844626242,0.1349997534335921,-1.2703822951315038,3499038.0,3499093.0,55.0,405.22848495364747,9.071431560563967,10.530870578394538,0.15555047781776796,298.0,0.1411532838227568,1.0,-0.2007688640807263,8.761137844626242,0.1349997534335921,-1.2703822951315038,3499038.0,3499093.0,55.0,405.22848495364747,9.071431560563967,10.530870578394538,0.15555047781776796,0.1411532838227568,10.675837847122175,-0.7313634597495008,0.7458333333333333
110,3577.394384,3.5078548,2,11,2,2,2,2,1,2,-42.74038462,n/a,n/a,3500546.0,3504055.0,0.0,0.0,0.0,3501889.0,3501063.0,3503056.0,3501063.0,3501456.0,3503062.0,3504056.0,3509.0,517.0,393.0,994.0,1993.0,-3503062.0,0.0,0.0,0.0,1.0,0.0,0.0,0.0,-0.2319226533346355,10.419211739361913,-0.01384612855729079,-0.5261528851770815,3501864.0,3501922.0,58.0,488.6488668358536,10.663447944457811,12.70003639516883,0.04806175683419102,408.0,0.03980438759130643,1.0,15.839971069541562,16.12727823710537,-1.3499975343359287,-1.754996794636709,3502142.0,3502172.0,30.0,91.2376233366967,0.4965579617504046,1.0731977847209515,0.9537883205449696,0.4362374482198663,10.266927553065056,-0.2888578370439219,0.4
111,3580.910668,3.5078965,2,12,2,1,2,1,2,2,-42.74038462,n/a,n/a,3504062.0,3507572.0,0.0,0.0,0.0,3505512.0,3504579.0,3506571.0,3504579.0,3505172.0,3506578.0,3507572.0,3510.0,517.0,593.0,994.0,1992.0,-3506578.0,0.0,0.0,0.0,1.0,0.0,0.0,0.0,-0.12461515701562499,-9.983058689807226,0.10038443204036315,-0.3426916817929658,3505496.0,3505557.0,61.0,461.2642207925266,9.86839527643123,10.975059910416817,3.096679058120004,324.0,3.0822626824364274,0.0,0.0,0.0,0.0,0.0,0.0,0.0,0.0,0.0,0.0,0.0,0.0,0.0,-9.892093116846038,-0.11677231710286078,0.4583333333333333
112,3584.426715,3.4994844,2,13,2,1,2,1,1,2,-42.74038462,n/a,n/a,3507578.0,3511079.0,0.0,0.0,0.0,3508805.0,3508089.0,3510080.0,3508089.0,3508478.0,3510087.0,3511079.0,3501.0,511.0,389.0,992.0,1991.0,-3510087.0,0.0,0.0,0.0,1.0,0.0,0.0,0.0,-0.11769209273697762,-9.872289661348896,0.1488458819908829,-0.6888448957252552,3508786.0,3508853.0,67.0,428.2817466715885,9.79050047569787,10.788587266954936,3.0559263228341935,308.0,3.0477664734117598,1.0,-0.11769209273697762,-9.872289661348896,0.1488458819908829,-0.6888448957252552,3508786.0,3508853.0,67.0,428.2817466715885,9.79050047569787,10.788587266954936,3.0559263228341935,3.0477664734117598,-9.596769015582568,-0.4363597112791148,0.35
113,3587.934531,3.507842,2,14,2,2,1,2,1,2,-42.74038462,n/a,n/a,3511086.0,3514595.0,0.0,0.0,0.0,3512552.0,3511603.0,3513596.0,3511603.0,3511996.0,3513602.0,3514595.0,3509.0,517.0,393.0,993.0,1993.0,-3513602.0,0.0,0.0,0.0,1.0,0.0,0.0,0.0,-0.17999967124479208,9.404982822540306,-0.10730749631901051,-0.6819218314466118,3512530.0,3512601.0,71.0,415.4996256310879,9.602190950002031,11.327935721426735,0.05987777656236523,534.0,0.07217831712980399,1.0,-1.0246135132395775,-1.2599976987135328,-0.7269217492578078,-1.0696134310507737,3513384.0,3513408.0,24.0,42.44593761487919,0.41574427661884733,0.3829649933860274,2.1726548564895904,2.2794225989225714,9.903451736125403,0.10448049424992868,0.4625
114,3591.450692,3.4994768,2,15,2,2,2,1,3,2,-42.74038462,n/a,n/a,3514602.0,3518104.0,0.0,0.0,0.0,3516285.0,3515112.0,3517103.0,3515112.0,3515902.0,3517110.0,3518104.0,3502.0,510.0,790.0,994.0,1991.0,-3517110.0,0.0,0.0,0.0,1.0,0.0,0.0,0.0,-0.02769225711458158,11.073441313693943,0.08999983562239604,-0.22499958905598813,3516266.0,3516330.0,64.0,490.3891495616851,11.10560179344099,12.485041528525986,0.028367816792980085,364.0,0.039380296201605026,1.0,-0.031153789253905263,-0.3011532961210934,0.23538418547395523,0.024230724975261835,3517196.0,3517215.0,19.0,33.88158471801638,0.3427616046016503,0.3130151565875826,2.4778922722154526,-0.6678325892597954,9.789865543331763,0.22739872277925746,0.575
115,3594.958499,3.507848,2,16,2,2,2,1,2,1,-42.74038462,n/a,n/a,3518110.0,3521619.0,0.0,0.0,0.0,3519636.0,3518627.0,3520619.0,3518627.0,3519220.0,3520626.0,3521619.0,3509.0,517.0,593.0,993.0,1992.0,-3520626.0,0.0,0.0,0.0,1.0,0.0,0.0,0.0,0.0034615321393236813,10.208058278863218,-0.10730749631901051,-1.246151570156242,3519618.0,3519673.0,55.0,439.12976042540913,10.267948217037427,12.732779103732106,0.11114119418253275,398.0,0.09720700247389255,0.0,0.0,0.0,0.0,0.0,0.0,0.0,0.0,0.0,0.0,0.0,0.0,0.0,10.005679309639683,-0.006145911426468013,0.49583333333333335
116,3598.474643,3.5078036,2,17,2,1,2,1,5,2,-42.74038462,n/a,n/a,3521626.0,3525135.0,0.0,0.0,0.0,3523643.0,3522143.0,3524136.0,3522143.0,3523336.0,3524142.0,3525135.0,3509.0,517.0,1193.0,993.0,1993.0,-3524142.0,0.0,0.0,0.0,1.0,0.0,0.0,0.0,0.1107690284583342,-11.042287524440033,-0.30461482826041314,0.15230741413020657,3523628.0,3523701.0,73.0,438.2728181659402,11.162412302353845,12.18104946161682,-3.100647208382918,292.0,-3.083304073773019,1.0,0.1107690284583342,-11.042287524440033,-0.30461482826041314,0.15230741413020657,3523628.0,3523701.0,73.0,438.2728181659402,11.162412302353845,12.18104946161682,-3.100647208382918,-3.083304073773019,-10.664479227842806,0.7190716368965687,0.7416666666666667
117,3601.990822,3.5744943,2,18,2,2,1,1,4,2,-42.74038462,n/a,n/a,3525142.0,3528719.0,0.0,0.0,0.0,3527109.0,3525726.0,3527719.0,3525726.0,3526718.0,3527725.0,3528719.0,3577.0,584.0,992.0,994.0,1993.0,-3527725.0,0.0,0.0,0.0,1.0,0.0,0.0,0.0,-0.3807685353255184,12.77305359410148,-0.02769225711458158,-1.7203814732434801,3527087.0,3527134.0,47.0,467.35740578088854,13.262286130038158,13.20983298833002,0.12798086489480254,369.0,0.1258501018280918,1.0,12.769592061962161,11.744978548722578,-1.7065353446861853,-1.6373047018997275,3527136.0,3527157.0,21.0,104.52483370128525,1.0269497229240505,1.0975404357400125,-3.0741276290678887,-3.0594990902546573,10.494099938652345,-0.5346942941025755,0.6791666666666667
118,3605.573647,3.5078235,2,19,2,1,1,1,3,1,-42.74038462,n/a,n/a,3528725.0,3532235.0,0.0,0.0,0.0,3530442.0,3529242.0,3531234.0,3529242.0,3530035.0,3531241.0,3532235.0,3510.0,517.0,793.0,994.0,1992.0,-3531241.0,0.0,0.0,0.0,1.0,0.0,0.0,0.0,-0.2526918461705697,-9.813443614980406,-0.1488458819908829,-0.6611526386106736,3530421.0,3530489.0,68.0,445.4211657749718,9.574467744876408,10.79889571777357,3.0880594915540582,386.0,3.0587974792928194,1.0,-1.2565361665742092,-0.9588444025924433,-0.8480753741341092,-0.6161527207994736,3531200.0,3531221.0,21.0,38.77413902720012,0.37737051219239803,0.36048163688421747,-0.6618476739064131,0.7242500007481484,-9.755789685493667,-0.26427419133805374,0.5875
119,3609.089808,3.5078263,2,20,2,1,1,2,1,2,-42.74038462,n/a,n/a,3532241.0,3535751.0,0.0,0.0,0.0,3533741.0,3532758.0,3534751.0,3532759.0,3533151.0,3534758.0,3535751.0,3510.0,518.0,392.0,993.0,1993.0,-3534758.0,0.0,0.0,0.0,1.0,0.0,0.0,0.0,-0.13153822129426843,-11.021518331604096,-0.4430761138333289,-0.747690942093746,3533729.0,3533784.0,55.0,534.8144948919895,10.894239624523584,13.37608982946689,3.1136279176199277,578.0,3.084888343838256,1.0,-11.021518331604096,-11.45767138115878,-0.7338448135364551,-0.6749987671679644,3533786.0,3533812.0,26.0,39.52231679665171,0.4401049190920893,0.5116163238188813,-3.007481870997514,-2.8605048977198932,-10.028396548198408,0.0307295571323322,0.4875
120,3612.605984,3.507813,2,21,2,1,1,2,2,1,-42.74038462,n/a,n/a,3535757.0,3539266.0,0.0,0.0,0.0,3537217.0,3536274.0,3538267.0,3536274.0,3536868.0,3538274.0,3539266.0,3509.0,517.0,594.0,992.0,1993.0,-3538274.0,0.0,0.0,0.0,1.0,0.0,0.0,0.0,-0.34961474607161314,-11.0976720386692,-0.09346136776171972,-0.03807685353255263,3537203.0,3537267.0,64.0,466.1544227847722,10.748199989271532,11.588391233448595,-3.1364397201323935,335.0,-3.100957336386928,1.0,0.1903842676627592,0.3599993424895802,-0.15576894626953025,-0.11423056059765394,3538182.0,3538206.0,24.0,27.18888495998838,0.17462734921178194,0.2836344878571879,-0.24017100786018292,-0.41450687458478086,-10.096548263874594,0.10448049424992868,0.4625
121,3616.12213,3.5078221,2,22,2,2,1,1,1,1,-42.74038462,n/a,n/a,3539273.0,3542783.0,0.0,0.0,0.0,3540600.0,3539790.0,3541783.0,3539790.0,3540183.0,3541790.0,3542783.0,3510.0,517.0,393.0,993.0,1993.0,-3541790.0,0.0,0.0,0.0,1.0,0.0,0.0,0.0,-0.41538385671874734,9.865366597070249,0.09346136776171972,-0.02769225711458158,3540573.0,3540631.0,58.0,442.73418564715286,10.281464297166202,12.184518392561637,0.011783966306379325,390.0,0.03352921484587908,0.0,0.0,0.0,0.0,0.0,0.0,0.0,0.0,0.0,0.0,0.0,0.0,0.0,9.710355208376212,0.31344148274978606,0.39166666666666666
122,3619.638261,3.5078551,2,23,2,2,2,1,1,2,-42.74038462,n/a,n/a,3542790.0,3546299.0,0.0,0.0,0.0,3544149.0,3543306.0,3545299.0,3543306.0,3543699.0,3545306.0,3546299.0,3509.0,516.0,393.0,993.0,1993.0,-3545306.0,0.0,0.0,0.0,1.0,0.0,0.0,0.0,-0.28038410328515523,11.879978302156175,0.3080763603997368,-0.36692240676822757,3544134.0,3544208.0,74.0,502.97708415309864,12.179081950925083,13.6590132693961,0.05545120826802897,435.0,0.05933620570337123,0.0,0.0,0.0,0.0,0.0,0.0,0.0,0.0,0.0,0.0,0.0,0.0,0.0,10.232851695226964,-0.2519823684851217,0.4125
123,3623.154447,3.5078392,2,24,2,1,2,1,5,1,-42.74038462,n/a,n/a,3546306.0,3549815.0,0.0,0.0,0.0,3548289.0,3546822.0,3548816.0,3546822.0,3548016.0,3548822.0,3549815.0,3509.0,516.0,1194.0,993.0,1994.0,-3548822.0,0.0,0.0,0.0,1.0,0.0,0.0,0.0,-0.33230708537499865,-10.810364871105397,-0.07269217492578157,0.3253840210963513,3548261.0,3548333.0,72.0,493.95105451223446,10.485616797258276,11.568679151366096,-3.1036195054057982,245.0,-3.086509086079599,0.0,0.0,0.0,0.0,0.0,0.0,0.0,0.0,0.0,0.0,0.0,0.0,0.0,-10.607686131445986,0.6576125226319043,0.7208333333333333
124,3626.670606,3.5079413,2,25,2,2,1,1,2,1,-42.74038462,n/a,n/a,3549822.0,3553332.0,0.0,0.0,0.0,3551365.0,3550339.0,3552331.0,3550339.0,3550932.0,3552338.0,3553332.0,3510.0,517.0,593.0,994.0,1992.0,-3552338.0,0.0,0.0,0.0,1.0,0.0,0.0,0.0,-0.22499958905598813,10.921133899563731,0.0034615321393236813,-0.578075867266925,3551346.0,3551409.0,63.0,443.082123396984,11.161293719503945,12.394460411786554,0.052126649045646394,414.0,0.050850978676443996,1.0,15.324202780782455,14.74612691351553,-0.7096140885611933,-0.7096140885611933,3551539.0,3551561.0,22.0,124.07177243657269,0.578075867266925,0.7966789727929441,3.141592653589793,3.041491662171831,10.017037928919043,-0.018437734279400105,0.5041666666666667
125,3630.186783,3.5077836,2,26,2,2,2,2,3,2,-42.74038462,n/a,n/a,3553338.0,3556848.0,0.0,0.0,0.0,3555048.0,3553855.0,3555847.0,3553855.0,3554648.0,3555855.0,3556848.0,3510.0,517.0,793.0,993.0,1992.0,-3555855.0,0.0,0.0,0.0,1.0,0.0,0.0,0.0,-0.5919219958242157,10.713441971204357,-0.22153805691666445,0.2561533783098934,3555029.0,3555100.0,71.0,507.7179312646899,11.315451539124583,12.61668871841786,-0.04222840211300175,381.0,-0.045834397015427894,0.0,0.0,0.0,0.0,0.0,0.0,0.0,0.0,0.0,0.0,0.0,0.0,0.0,9.755789685493664,0.26427419133805374,0.5875
126,3633.702899,3.5078417,2,27,2,2,2,2,2,2,-42.74038462,n/a,n/a,3556854.0,3560363.0,0.0,0.0,0.0,3558454.0,3557371.0,3559364.0,3557371.0,3557964.0,3559371.0,3560363.0,3509.0,517.0,593.0,992.0,1993.0,-3559371.0,0.0,0.0,0.0,1.0,0.0,0.0,0.0,-0.6023065922421829,9.775366761447858,-0.10730749631901051,0.5988450601028592,3558434.0,3558501.0,67.0,511.5073427879133,10.401670811404744,11.750644892385619,-0.06794063380439619,470.0,-0.07134944102671315,1.0,0.27346103900650787,0.15923047840885393,0.8653830348307235,0.6161527207994736,3559415.0,3559454.0,39.0,53.05801012642763,0.2741612124399981,0.5762801288387308,2.0005586058915776,2.245537269018448,9.903451736125403,0.10448049424992868,0.5333333333333333
127,3637.227455,3.5077625,2,28,2,2,1,1,3,2,-42.74038462,n/a,n/a,3560380.0,3563889.0,0.0,0.0,0.0,3562120.0,3560897.0,3562888.0,3560897.0,3561687.0,3562895.0,3563889.0,3509.0,517.0,790.0,994.0,1991.0,-3562895.0,0.0,0.0,0.0,1.0,0.0,0.0,0.0,-0.4292299852760381,10.211519811002539,-0.3461532139322894,-0.9899981918463486,3562090.0,3562155.0,65.0,486.43285676075755,10.660210719427067,12.145529271007543,0.060433801462742055,403.0,0.07817085861804067,0.0,0.0,0.0,0.0,0.0,0.0,0.0,0.0,0.0,0.0,0.0,0.0,0.0,10.266927553065056,-0.2888578370439219,0.5958333333333333
128,3640.743546,3.5078084,2,29,2,2,2,1,3,2,-42.74038462,n/a,n/a,3563895.0,3567404.0,0.0,0.0,0.0,3565678.0,3564411.0,3566404.0,3564411.0,3565205.0,3566411.0,3567404.0,3509.0,516.0,794.0,993.0,1993.0,-3566411.0,0.0,0.0,0.0,1.0,0.0,0.0,0.0,-0.6057681243815065,10.564596089213476,-0.4292299852760381,0.04153838567187631,3565662.0,3565731.0,69.0,514.5876029095505,11.180279939404397,12.648858095897854,-0.042119481516547826,457.0,-0.04133497443725652,0.0,0.0,0.0,0.0,0.0,0.0,0.0,0.0,0.0,0.0,0.0,0.0,0.0,9.653562111979392,0.37490059701445044,0.625
129,3644.259839,3.5076722,2,30,2,1,1,2,5,2,-42.74038462,n/a,n/a,3567411.0,3570920.0,0.0,0.0,0.0,3569394.0,3567928.0,3569921.0,3567928.0,3569121.0,3569927.0,3570920.0,3509.0,517.0,1193.0,993.0,1993.0,-3569927.0,0.0,0.0,0.0,1.0,0.0,0.0,0.0,-0.3703839389075513,-9.868828129209573,-0.1869227355234355,-0.9726905311497341,3569378.0,3569438.0,60.0,395.31326824172896,9.530890465477276,10.348239764693147,3.059054648894056,257.0,3.039727226573536,1.0,-1.450381966376292,-1.3084591486640524,-0.10384596417968683,-0.031153789253905263,3570226.0,3570255.0,29.0,55.41155084987801,0.15945607069918027,0.33087974373637996,-0.47335604183491714,0.7335927066064438,-9.380955249274647,-0.6699043454848363,0.725
130,3647.775836,3.5078699,2,31,2,2,1,1,2,2,-42.74038462,n/a,n/a,3570927.0,3574436.0,0.0,0.0,0.0,3572544.0,3571444.0,3573437.0,3571444.0,3572037.0,3573443.0,3574437.0,3509.0,517.0,593.0,994.0,1993.0,-3573443.0,0.0,0.0,0.0,1.0,0.0,0.0,0.0,-0.623075785078121,10.135366103937432,-0.4292299852760381,-1.2565361665742092,3572524.0,3572601.0,77.0,452.81028901256377,10.790204233328428,12.40908627298571,0.07674728678684616,487.0,0.09106396839907745,1.0,-0.5711528029882775,-0.8965368240846289,0.08307677134374868,-0.14192281771223947,3573396.0,3573417.0,21.0,43.238371619027255,0.3956002733317993,0.38116168828035324,2.536601393359429,-2.543514824218092,10.119265502433324,-0.12906413995579286,0.5416666666666666
131,3651.292041,3.5078431,2,32,2,1,2,1,1,1,-42.74038462,n/a,n/a,3574443.0,3577953.0,0.0,0.0,0.0,3575720.0,3574960.0,3576953.0,3574960.0,3575353.0,3576960.0,3577953.0,3510.0,517.0,393.0,993.0,1993.0,-3576960.0,0.0,0.0,0.0,1.0,0.0,0.0,0.0,-0.782306263486975,-10.921133899563731,-0.08999983562239604,-0.4707683709479144,3575705.0,3575771.0,66.0,504.2945333427581,10.145975089244391,11.697242881380214,3.1040548152361387,352.0,3.0565591136211374,1.0,-1.2773053594101473,-1.131921009558588,0.39807619602213284,0.1349997534335921,3576596.0,3576639.0,43.0,47.43407826792168,0.30057582042939246,0.5770696963586829,1.0659349551357784,-1.0427218783685375,-9.653562111979388,-0.37490059701445044,0.37083333333333335
132,3654.808213,3.5078346,2,33,2,1,1,2,3,1,-42.74038462,n/a,n/a,3577959.0,3581469.0,0.0,0.0,0.0,3579676.0,3578476.0,3580468.0,3578477.0,3579269.0,3580476.0,3581469.0,3510.0,518.0,792.0,993.0,1992.0,-3580476.0,0.0,0.0,0.0,1.0,0.0,0.0,0.0,-0.38423006746484206,-10.55074996065618,-0.3115378925390605,-0.4880760316445289,3579660.0,3579716.0,56.0,426.998693534577,10.168052539853146,11.138724745089009,3.124229740789521,391.0,3.0762854710577625,1.0,-0.38423006746484206,-10.55074996065618,-0.3115378925390605,-0.4880760316445289,3579660.0,3579716.0,56.0,426.998693534577,10.168052539853146,11.138724745089009,3.124229740789521,3.0762854710577625,-9.744431066214302,-0.2765660141909858,0.5916666666666667
133,3658.324375,3.5080084,2,34,2,1,2,2,2,1,-42.74038462,n/a,n/a,3581476.0,3584985.0,0.0,0.0,0.0,3582968.0,3581992.0,3583985.0,3581992.0,3582585.0,3583992.0,3584986.0,3509.0,516.0,593.0,994.0,1993.0,-3583992.0,0.0,0.0,0.0,1.0,0.0,0.0,0.0,-0.11769209273697762,-10.484980850009046,-0.12807668915494866,-0.2976917639817697,3582950.0,3583018.0,68.0,535.8888276524572,10.368676166718119,11.773713494057288,3.125233512097081,365.0,3.0912965738061606,0.0,0.0,0.0,0.0,0.0,0.0,0.0,0.0,0.0,0.0,0.0,0.0,0.0,-9.948886213242858,-0.05531320283819638,0.4791666666666667
134,3661.840549,3.5078157,2,35,2,2,1,2,2,2,-42.74038462,n/a,n/a,3584992.0,3588501.0,0.0,0.0,0.0,3586402.0,3585508.0,3587501.0,3585508.0,3586102.0,3587508.0,3588501.0,3509.0,516.0,594.0,993.0,1993.0,-3587508.0,0.0,0.0,0.0,1.0,0.0,0.0,0.0,-0.18346120338411182,8.594984301938744,0.12807668915494866,-0.7269217492578078,3586374.0,3586435.0,61.0,448.28363302132215,8.819984570259255,10.707065038384481,0.09709123796183468,272.0,0.09226972043616155,1.0,14.514204260180895,13.87035928226684,-0.16615354268749735,-0.15230741413020657,3586623.0,3586644.0,21.0,59.7608792941364,0.6439938438068917,0.6620581787252671,-3.1200905916035633,3.089284392741377,9.823941401169852,0.19052325422045727,0.43333333333333335
135,3665.356756,3.5077672,2,36,2,1,1,2,4,2,-42.74038462,n/a,n/a,3588508.0,3592017.0,0.0,0.0,0.0,3590291.0,3589024.0,3591017.0,3589024.0,3590018.0,3591024.0,3592017.0,3509.0,516.0,994.0,993.0,1993.0,-3591024.0,0.0,0.0,0.0,1.0,0.0,0.0,0.0,-0.26653797472786445,-10.183827553887957,-0.06576911064713421,-0.758075538511713,3590275.0,3590341.0,66.0,477.1452069790664,9.941424484799951,10.877861305566142,3.0718976905078805,257.0,3.0523732724511543,1.0,-0.26653797472786445,-10.183827553887957,-0.06576911064713421,-0.758075538511713,3590275.0,3590341.0,66.0,477.1452069790664,9.941424484799951,10.877861305566142,3.0718976905078805,3.0523732724511543,-9.653562111979388,-0.37490059701445044,0.625
136,3668.872944,3.5077451,2,37,2,1,2,2,4,1,-42.74038462,n/a,n/a,3592024.0,3595533.0,0.0,0.0,0.0,3593883.0,3592541.0,3594534.0,3592541.0,3593533.0,3594541.0,3595533.0,3509.0,517.0,992.0,992.0,1993.0,-3594541.0,0.0,0.0,0.0,1.0,0.0,0.0,0.0,-0.5123067566197868,-10.377673353690035,-0.3461532139322894,0.06576911064713421,3593868.0,3593933.0,65.0,478.4106527931216,9.873962633921415,11.123632856473836,-3.0998625075391963,335.0,-3.088666123615982,0.0,0.0,0.0,0.0,0.0,0.0,0.0,0.0,0.0,0.0,0.0,0.0,0.0,-10.448665461534885,0.4855270026908432,0.6625
137,3672.389014,3.5078104,2,38,2,1,2,2,2,2,-42.74038462,n/a,n/a,3595540.0,3599050.0,0.0,0.0,0.0,3597050.0,3596057.0,3598050.0,3596057.0,3596650.0,3598056.0,3599050.0,3510.0,517.0,593.0,994.0,1993.0,-3598056.0,0.0,0.0,0.0,1.0,0.0,0.0,0.0,-0.65769110647135,-10.028058607618426,-0.33576861751432235,-0.08653830348307236,3597040.0,3597100.0,60.0,443.17225707279016,9.373681392920576,10.210903757038757,-3.1150012133654434,390.0,-3.097847250770464,1.0,-9.979597157667904,-33.26532385889301,-0.3253840210963513,18.726888873736858,3597544.0,3597599.0,55.0,13605.042135242908,30.086777335955144,41.50667660769741,-2.4558550476805525,-2.51358732676857,-9.982962071080953,-0.018437734279400105,0.49166666666666664
138,3675.905312,3.5078405,2,39,2,2,1,1,5,2,-42.74038462,n/a,n/a,3599057.0,3602566.0,0.0,0.0,0.0,3601066.0,3599573.0,3601566.0,3599573.0,3600766.0,3601573.0,3602566.0,3509.0,516.0,1193.0,993.0,1993.0,-3601573.0,0.0,0.0,0.0,1.0,0.0,0.0,0.0,-0.4603837745299434,10.197673682445243,-0.2699995068671842,-1.3638436628932196,3601050.0,3601115.0,65.0,512.0666410164376,10.71404143140471,12.621339069726085,0.1022726458338877,284.0,0.10523582473262678,0.0,0.0,0.0,0.0,0.0,0.0,0.0,0.0,0.0,0.0,0.0,0.0,0.0,10.653120608563444,-0.7067798140436327,0.7375
139,3679.421321,3.5078444,2,40,2,2,1,1,3,1,-42.74038462,n/a,n/a,3602572.0,3606082.0,0.0,0.0,0.0,3604282.0,3603089.0,3605082.0,3603089.0,3603882.0,3605089.0,3606082.0,3510.0,517.0,793.0,993.0,1993.0,-3605089.0,0.0,0.0,0.0,1.0,0.0,0.0,0.0,-0.21115346049869735,10.976518413792896,-0.18346120338411182,0.03807685353255263,3604260.0,3604330.0,70.0,529.6596641697366,11.18986510541917,14.104911401302868,-0.0197993925663928,378.0,-0.04296053213559313,1.0,10.973056881653575,11.194594938570244,0.02769225711458158,-0.02769225711458158,3604336.0,3604356.0,20.0,42.78957178850116,0.2283562021903793,0.37665541846432554,0.24497866312684743,0.2984989315861808,10.244210314506333,-0.26427419133805374,0.5875
140,3682.937494,3.5078294,2,41,2,2,2,2,1,2,-42.74038462,n/a,n/a,3606088.0,3609597.0,0.0,0.0,0.0,3607388.0,3606605.0,3608598.0,3606605.0,3606999.0,3608605.0,3609598.0,3509.0,517.0,394.0,993.0,1993.0,-3608605.0,0.0,0.0,0.0,1.0,0.0,0.0,0.0,-0.4084607924401,10.464211657173108,-0.20769192835937367,-0.6369219136354117,3607366.0,3607437.0,71.0,515.3903115077486,10.881141694548331,13.332968072527672,0.03945738365743557,367.0,0.04415008557012604,1.0,22.19188254519907,22.403036005697775,-1.394997452147125,-1.3880743878684814,3607790.0,3607823.0,33.0,45.94052928928655,0.2112669228714775,0.27873395130329703,-0.032775144404063865,0.251002686643036,10.323720649461876,-0.3503169513085823,0.37916666666666665
141,3686.453656,3.5078599,2,42,2,1,2,2,4,1,-42.74038462,n/a,n/a,3609605.0,3613114.0,0.0,0.0,0.0,3611431.0,3610121.0,3612114.0,3610121.0,3611115.0,3612121.0,3613114.0,3509.0,516.0,994.0,993.0,1993.0,-3612121.0,0.0,0.0,0.0,1.0,0.0,0.0,0.0,-0.6092296565208302,-10.09382771826556,-0.5088452244804671,-0.031153789253905263,3611412.0,3611473.0,61.0,475.4187532491159,9.496619898687149,10.260799896994852,-3.0912702111403307,297.0,-3.071703286640107,1.0,0.5192298208984342,0.28384563542447894,0.6819218314466118,0.28730716756379865,3612340.0,3612363.0,23.0,37.92796129809309,0.4594849809543104,0.4844166572844645,2.108631853488319,2.1112158270654766,-10.40323098441743,0.4363597112791148,0.6458333333333334
142,3689.969816,3.507813,2,43,2,2,1,2,2,1,-42.74038462,n/a,n/a,3613121.0,3616630.0,0.0,0.0,0.0,3614547.0,3613638.0,3615631.0,3613638.0,3614230.0,3615637.0,3616630.0,3509.0,517.0,592.0,993.0,1993.0,-3615637.0,0.0,0.0,0.0,1.0,0.0,0.0,0.0,-0.8930752919453052,9.872289661348896,-0.34961474607161314,-0.079615239204425,3614531.0,3614609.0,78.0,506.65612663436605,10.768750266921579,12.490518916388819,-0.02507512909971608,301.0,-0.03631237287208078,0.0,0.0,0.0,0.0,0.0,0.0,0.0,0.0,0.0,0.0,0.0,0.0,0.0,9.858017259007944,0.15364778566166098,0.44583333333333336
143,3693.485954,3.5078299,2,44,2,2,1,1,2,1,-42.74038462,n/a,n/a,3616637.0,3620146.0,0.0,0.0,0.0,3618130.0,3617154.0,3619147.0,3617154.0,3617747.0,3619153.0,3620147.0,3509.0,517.0,593.0,994.0,1993.0,-3619153.0,0.0,0.0,0.0,1.0,0.0,0.0,0.0,-0.4949990959231723,12.599976987135335,-0.4257684531367144,-0.27346103900650787,3618111.0,3618154.0,43.0,490.96911586527546,13.09586179540214,13.08589178595638,-0.011630456267138546,364.0,0.03545363977124621,1.0,16.449200726062397,19.41227223732279,-0.7684601349296841,-0.9657674668710867,3618396.0,3618447.0,51.0,269.9779330663753,2.969633473019994,3.6706508558853277,0.06649062636417727,0.08024359726977542,9.948886213242863,0.05531320283819638,0.4791666666666667
144,3697.002115,3.507849,2,45,2,2,2,1,4,1,-42.74038462,n/a,n/a,3620153.0,3623663.0,0.0,0.0,0.0,3622047.0,3620670.0,3622663.0,3620670.0,3621663.0,3622669.0,3623663.0,3510.0,517.0,993.0,994.0,1993.0,-3622669.0,0.0,0.0,0.0,1.0,0.0,0.0,0.0,-0.3773070031861947,11.679209438075448,-0.3599993424895802,-0.13153822129426843,3622031.0,3622069.0,38.0,482.68242357523025,12.058680822640182,12.025501152352177,-0.018946914191421534,368.0,0.024469632701766005,1.0,11.668824841657473,9.477674997466083,-0.1211536248763013,-0.0692306427864579,3622071.0,3622098.0,27.0,232.86290980787192,2.191764959061317,2.464204897605717,-3.117900405119369,3.0515686559129036,9.505900061347653,0.5346942941025755,0.6791666666666667
145,3700.518281,3.507843,2,46,2,1,2,2,2,1,-42.74038462,n/a,n/a,3623669.0,3627179.0,0.0,0.0,0.0,3625062.0,3624186.0,3626178.0,3624186.0,3624779.0,3626186.0,3627179.0,3510.0,517.0,593.0,993.0,1992.0,-3626186.0,0.0,0.0,0.0,1.0,0.0,0.0,0.0,-0.4430761138333289,-10.723826567622325,-0.04153838567187631,-0.22499958905598813,3625048.0,3625113.0,65.0,495.66197791736045,10.28238726688651,11.968258759969025,3.123749429631562,269.0,3.0851636324970655,1.0,-0.4430761138333289,-10.723826567622325,-0.04153838567187631,-0.22499958905598813,3625048.0,3625113.0,65.0,495.66197791736045,10.28238726688651,11.968258759969025,3.123749429631562,3.0851636324970655,-9.812582781890487,-0.20281507707338936,0.42916666666666664
146,3704.03447,3.5079045,2,47,2,2,1,2,3,1,-42.74038462,n/a,n/a,3627185.0,3630695.0,0.0,0.0,0.0,3628862.0,3627702.0,3629695.0,3627702.0,3628495.0,3629702.0,3630695.0,3510.0,517.0,793.0,993.0,1993.0,-3629702.0,0.0,0.0,0.0,1.0,0.0,0.0,0.0,-0.5261528851770815,11.845362980762946,-0.3911531317434855,-0.22153805691666445,3628841.0,3628922.0,81.0,549.1140058956476,12.372678533559915,14.378793266848655,-0.013709269784068851,346.0,0.030096882255267084,1.0,16.244970329842342,16.36958548685797,-0.3599993424895802,-0.4949990959231723,3629034.0,3629053.0,19.0,60.70579576241316,0.1837222653495229,0.3877225049092952,0.8253768505207165,2.7859567692890352,10.198775837388874,-0.21510689992632537,0.5708333333333333
147,3707.559031,3.5077434,2,48,2,1,2,1,3,2,-42.74038462,n/a,n/a,3630712.0,3634219.0,0.0,0.0,0.0,3632318.0,3631227.0,3633220.0,3631228.0,3632018.0,3633226.0,3634219.0,3507.0,516.0,790.0,993.0,1993.0,-3633226.0,0.0,0.0,0.0,1.0,0.0,0.0,0.0,-0.15923047840885393,-11.689594034493416,-0.19384579980208289,0.1903842676627592,3632297.0,3632339.0,42.0,482.4065202832108,11.536763691791,11.515777133184622,-3.108281653613226,279.0,-3.1088224342508517,1.0,-0.15923047840885393,-11.689594034493416,-0.19384579980208289,0.1903842676627592,3632297.0,3632339.0,42.0,482.4065202832108,11.536763691791,11.515777133184622,-3.108281653613226,-3.1088224342508517,-10.096548263874594,0.10448049424992868,0.5333333333333333
148,3711.075083,3.5078597,2,49,2,2,1,2,4,2,-42.74038462,n/a,n/a,3634226.0,3637735.0,0.0,0.0,0.0,3636042.0,3634743.0,3636736.0,3634743.0,3635735.0,3636742.0,3637735.0,3509.0,517.0,992.0,993.0,1993.0,-3636742.0,0.0,0.0,0.0,1.0,0.0,0.0,0.0,-0.28384563542447894,10.973056881653575,-0.1384612855729158,-1.5680740591132696,3636026.0,3636100.0,74.0,448.6573130227771,11.347318932737723,13.136325200458113,0.12632252766944527,291.0,0.1170009842877203,1.0,15.379587295011618,14.83958828127725,-1.3223052772213473,-1.4780742234908775,3636185.0,3636205.0,20.0,51.553075385483055,0.5620168142111145,0.5637623444637521,2.8607549289685887,2.8101336663590355,10.391872365138065,-0.42406788842618276,0.6416666666666667
149,3714.591271,3.507994,2,50,2,2,1,1,1,1,-42.74038462,n/a,n/a,3637742.0,3641252.0,0.0,0.0,0.0,3638969.0,3638259.0,3640252.0,3638259.0,3638652.0,3640259.0,3641253.0,3510.0,517.0,393.0,994.0,1993.0,-3640259.0,0.0,0.0,0.0,1.0,0.0,0.0,0.0,-0.3634608746289039,9.11421412283718,-0.0034615321393236813,-0.18346120338411182,3638949.0,3639025.0,76.0,549.0679374536392,9.479384117084926,11.580783270805474,0.018989681998054474,297.0,0.03916632020764059,1.0,15.424587212822814,18.678427423786335,0.079615239204425,0.29076869970312236,3639209.0,3639250.0,41.0,348.46949843934937,3.260684269039814,3.8582032874078394,-0.06480275356272343,-0.06823920542883066,9.585410396303203,0.44865153413204695,0.3458333333333333
150,3718.107574,3.5076878,2,51,2,2,2,2,5,1,-42.74038462,n/a,n/a,3641259.0,3644768.0,0.0,0.0,0.0,3643208.0,3641775.0,3643768.0,3641775.0,3642967.0,3643775.0,3644768.0,3509.0,516.0,1192.0,993.0,1993.0,-3643775.0,0.0,0.0,0.0,1.0,0.0,0.0,0.0,-0.3773070031861947,8.10690827029422,-0.12461515701562499,0.010384596417967108,3643190.0,3643254.0,64.0,517.0566875062832,8.485289254950917,10.809438209272722,-0.015910530012203945,223.0,0.03331032739082567,1.0,17.889198096020717,17.231506989549366,-1.0142289168216065,-0.9623059347317631,3643502.0,3643527.0,25.0,46.44132701895641,0.6597375141680294,0.657144321474679,-3.0628086926006493,-2.8531630950714,9.426389726392102,0.6207370540731041,0.7083333333333334
151,3721.623721,3.5077005,2,52,2,1,1,2,2,2,-42.74038462,n/a,n/a,3644775.0,3648284.0,0.0,0.0,0.0,3646184.0,3645291.0,3647284.0,3645291.0,3645884.0,3647291.0,3648284.0,3509.0,516.0,593.0,993.0,1993.0,-3647291.0,0.0,0.0,0.0,1.0,0.0,0.0,0.0,-0.15230741413020657,-11.405748399068937,0.05192298208984342,-0.3461532139322894,3646163.0,3646230.0,67.0,494.02348592272045,11.260479503970434,12.520844553928697,3.106233665756092,279.0,3.0937465516075675,0.0,0.0,0.0,0.0,0.0,0.0,0.0,0.0,0.0,0.0,0.0,0.0,0.0,-10.164699979550779,0.17823143136752517,0.4375
152,3725.139737,3.5078448,2,53,2,2,1,2,1,1,-42.74038462,n/a,n/a,3648290.0,3651800.0,0.0,0.0,0.0,3649600.0,3648807.0,3650800.0,3648807.0,3649200.0,3650807.0,3651800.0,3510.0,517.0,393.0,993.0,1993.0,-3650807.0,0.0,0.0,0.0,1.0,0.0,0.0,0.0,-0.4361530495546855,13.448052361269445,-0.28730716756379865,0.294230231842446,3649585.0,3649645.0,60.0,457.6304626288569,13.896378867779411,14.024908694489925,-0.04186034912998902,385.0,-0.05729199200048815,1.0,-0.04153838567187631,-0.024230724975261835,0.35653781035025656,0.5296144173164012,3650449.0,3650496.0,47.0,51.095883197745906,0.17393983729353799,0.6131212846336828,-1.4711276743037347,1.0894737909143115,9.698996589096843,0.3257333056027181,0.3875
153,3728.655898,3.6828223,2,54,2,2,2,1,4,2,-42.74038462,n/a,n/a,3651807.0,3655491.0,0.0,0.0,0.0,3653740.0,3652500.0,3654492.0,3652500.0,3653490.0,3654498.0,3655492.0,3684.0,693.0,990.0,994.0,1992.0,-3654498.0,0.0,0.0,0.0,1.0,0.0,0.0,0.0,-0.39807619602213284,9.42229048323692,-0.34961474607161314,-0.1384612855729158,3653714.0,3653790.0,76.0,522.1960224503607,9.822636484110673,12.023635747586237,-0.021498273576491984,224.0,0.01698656067004046,1.0,15.518048580584534,14.708050059982982,-1.0938441560260355,-0.9934597239856723,3653967.0,3653989.0,22.0,83.7511165654402,0.8161952202584686,0.8379482074935897,-3.018289736508623,-2.8825868544187663,9.698996589096843,0.3257333056027181,0.6083333333333333
154,3732.347049,3.5078421,2,55,2,1,2,2,5,2,-42.74038462,n/a,n/a,3655498.0,3659007.0,0.0,0.0,0.0,3657498.0,3656014.0,3658007.0,3656014.0,3657208.0,3658014.0,3659007.0,3509.0,516.0,1194.0,993.0,1993.0,-3658014.0,0.0,0.0,0.0,1.0,0.0,0.0,0.0,-0.5676912708489539,-10.194212150305924,-0.15230741413020657,0.49153756378385255,3657481.0,3657543.0,62.0,471.14753034941594,9.648027808739263,10.543422891698695,-3.0748096978075354,273.0,-3.0696302334585153,1.0,-6.1130657580442325,-33.26532385889301,1.5473048662773334,18.726888873736858,3658089.0,3658150.0,61.0,13766.545860880102,32.13072091697395,43.134985903441105,-2.577466198212048,-2.4439774266867555,-10.641761989284076,0.6944879911907006,0.7333333333333333
155,3735.8632,3.5078406,2,56,2,1,1,2,5,2,-42.74038462,n/a,n/a,3659014.0,3662523.0,0.0,0.0,0.0,3660964.0,3659531.0,3661524.0,3659531.0,3660724.0,3661530.0,3662523.0,3509.0,517.0,1193.0,993.0,1993.0,-3661530.0,0.0,0.0,0.0,1.0,0.0,0.0,0.0,-0.6646141707499973,-9.643828540153585,-0.4603837745299434,-0.6819218314466118,3660948.0,3661009.0,61.0,488.6652139583562,8.98194688262886,10.253946914131136,3.116925337228391,224.0,3.05438640344172,0.0,0.0,0.0,0.0,0.0,0.0,0.0,0.0,0.0,0.0,0.0,0.0,0.0,-9.426389726392102,-0.6207370540731041,0.7083333333333334
156,3739.379373,3.5078096,2,57,2,2,1,2,4,1,-42.74038462,n/a,n/a,3662530.0,3666039.0,0.0,0.0,0.0,3664363.0,3663047.0,3665040.0,3663047.0,3664039.0,3665046.0,3666040.0,3509.0,517.0,992.0,994.0,1993.0,-3665046.0,0.0,0.0,0.0,1.0,0.0,0.0,0.0,-0.5503836101523394,11.834978384344979,-0.5503836101523394,-0.09346136776171972,3664341.0,3664412.0,71.0,504.38956571027654,12.393787543375508,13.586803354150508,-0.036875395082697215,302.0,-0.0456199453530311,0.0,0.0,0.0,0.0,0.0,0.0,0.0,0.0,0.0,0.0,0.0,0.0,0.0,10.403230984417426,-0.4363597112791148,0.6458333333333334
157,3742.895519,3.5078239,2,58,2,2,2,2,2,1,-42.74038462,n/a,n/a,3666046.0,3669556.0,0.0,0.0,0.0,3667596.0,3666563.0,3668556.0,3666563.0,3667156.0,3668563.0,3669556.0,3510.0,517.0,593.0,993.0,1993.0,-3668563.0,0.0,0.0,0.0,1.0,0.0,0.0,0.0,-0.5123067566197868,8.390753905718698,-0.34961474607161314,-0.38423006746484206,3667577.0,3667640.0,63.0,463.4120540306527,8.903127954699638,10.826922765426076,0.0038880052921197693,421.0,0.02238193500243295,1.0,-0.5123067566197868,8.390753905718698,-0.34961474607161314,-0.38423006746484206,3667577.0,3667640.0,63.0,463.4120540306527,8.903127954699638,10.826922765426076,0.0038880052921197693,0.02238193500243295,9.971603451801585,0.0307295571323322,0.5083333333333333
158,3746.411679,3.5078278,2,59,2,2,2,1,4,1,-42.74038462,n/a,n/a,3669562.0,3673072.0,0.0,0.0,0.0,3671506.0,3670079.0,3672071.0,3670079.0,3671072.0,3672079.0,3673072.0,3510.0,517.0,993.0,993.0,1992.0,-3672079.0,0.0,0.0,0.0,1.0,0.0,0.0,0.0,-0.7442294099544223,9.875751193488217,-0.3115378925390605,-0.01384612855729079,3671479.0,3671541.0,62.0,482.9419735446248,10.624152126350623,12.513929416829678,-0.028023952309862127,407.0,-0.04787256171845436,0.0,0.0,0.0,0.0,0.0,0.0,0.0,0.0,0.0,0.0,0.0,0.0,0.0,9.449106964950833,0.5961534083672398,0.7
159,3749.927837,3.5078325,2,60,2,1,2,1,4,2,-42.74038462,n/a,n/a,3673078.0,3676588.0,0.0,0.0,0.0,3674871.0,3673595.0,3675588.0,3673595.0,3674588.0,3675595.0,3676588.0,3510.0,517.0,993.0,993.0,1993.0,-3675595.0,0.0,0.0,0.0,1.0,0.0,0.0,0.0,-0.4880760316445289,-10.910749303145765,-0.21807652477734077,0.2769225711458316,3674855.0,3674928.0,73.0,482.8585742928511,10.434421029910142,11.80850181237535,-3.0941357850456264,267.0,-3.085573814727074,1.0,-1.0211519811002538,-1.0973056881653591,-0.1730766069661447,-0.1765381391054684,3675637.0,3675657.0,20.0,53.45486876073466,0.07623233765607239,0.318799405116724,3.096169374168207,-2.4176554460751074,-10.357796507299975,0.3871924198673825,0.6291666666666667
160,3753.444001,3.5078437,2,61,2,2,2,1,5,2,-42.74038462,n/a,n/a,3676595.0,3680104.0,0.0,0.0,0.0,3678594.0,3677112.0,3679104.0,3677112.0,3678304.0,3679111.0,3680105.0,3509.0,517.0,1192.0,994.0,1992.0,-3679111.0,0.0,0.0,0.0,1.0,0.0,0.0,0.0,-0.782306263486975,8.470369144923124,-0.3461532139322894,0.328845553235675,3678569.0,3678629.0,60.0,446.8654916293845,9.277263904248668,11.059851411386372,-0.07282273597584522,265.0,-0.07110677351805514,1.0,0.5815373994062447,-1.1180748810012933,-0.2388457176132789,0.15923047840885393,3680034.0,3680053.0,19.0,179.40883577157967,1.7456077914444479,1.76483832209126,-2.911523900424448,-2.9080311917812223,9.369596629995282,0.6821961683377685,0.7291666666666666
161,3756.9602,3.5080177,2,62,2,1,1,2,1,1,-42.74038462,n/a,n/a,3680111.0,3683621.0,0.0,0.0,0.0,3681477.0,3680628.0,3682620.0,3680628.0,3681020.0,3682627.0,3683621.0,3510.0,517.0,392.0,994.0,1992.0,-3682627.0,0.0,0.0,0.0,1.0,0.0,0.0,0.0,-0.5953835279635394,-10.554211492795504,-0.1869227355234355,0.2699995068671842,3681456.0,3681530.0,74.0,526.8811248130511,9.969304507773373,11.554812569146273,-3.095743681260433,436.0,-3.063924684624048,1.0,-0.5953835279635394,-10.554211492795504,-0.1869227355234355,0.2699995068671842,3681456.0,3681530.0,74.0,526.8811248130511,9.969304507773373,11.554812569146273,-3.095743681260433,-3.063924684624048,-10.232851695226964,0.2519823684851217,0.4125
162,3760.476336,3.5078335,2,63,2,2,2,2,2,2,-42.74038462,n/a,n/a,3683627.0,3687136.0,0.0,0.0,0.0,3685043.0,3684144.0,3686137.0,3684144.0,3684736.0,3686143.0,3687136.0,3509.0,517.0,592.0,993.0,1993.0,-3686143.0,0.0,0.0,0.0,1.0,0.0,0.0,0.0,-0.5573066744309868,10.152673764634047,-0.5365374815950487,-0.4776914352265578,3685025.0,3685081.0,56.0,532.1323087776893,10.710142102807453,12.46651661205014,-0.005494450203216642,289.0,0.028325755193012517,1.0,-0.5573066744309868,10.152673764634047,-0.5365374815950487,-0.4776914352265578,3685025.0,3685081.0,56.0,532.1323087776893,10.710142102807453,12.46651661205014,-0.005494450203216642,0.028325755193012517,10.153341360271414,-0.16593960851459308,0.44166666666666665
163,3763.992511,3.5079605,2,64,2,1,2,1,2,1,-42.74038462,n/a,n/a,3687143.0,3690652.0,0.0,0.0,0.0,3688593.0,3687660.0,3689653.0,3687660.0,3688253.0,3689659.0,3690653.0,3509.0,517.0,593.0,994.0,1993.0,-3689659.0,0.0,0.0,0.0,1.0,0.0,0.0,0.0,-0.4880760316445289,-10.53690383209889,-0.08653830348307236,-0.2388457176132789,3688574.0,3688642.0,68.0,533.0871880779694,10.049981975684506,11.706267609667735,3.126437079652177,321.0,3.1007748521065825,0.0,0.0,0.0,0.0,0.0,0.0,0.0,0.0,0.0,0.0,0.0,0.0,0.0,-9.892093116846038,-0.11677231710286078,0.4583333333333333
164,3767.508666,3.5078511,2,65,2,2,2,1,4,1,-42.74038462,n/a,n/a,3690659.0,3694169.0,0.0,0.0,0.0,3692536.0,3691176.0,3693169.0,3691176.0,3692169.0,3693176.0,3694169.0,3510.0,517.0,993.0,993.0,1993.0,-3693176.0,0.0,0.0,0.0,1.0,0.0,0.0,0.0,-0.5399990137343723,8.98613743368223,-0.11769209273697762,0.16615354268749735,3692517.0,3692586.0,69.0,498.9945291903124,9.53036431410408,11.650678505661217,-0.02978769822244318,348.0,0.04725806548512031,1.0,9.259598472688742,12.568823197881427,0.10384596417968683,-0.7199986849791604,3692609.0,3692645.0,36.0,334.92497394489317,3.4102328788184337,4.52269806277046,0.2439939268622014,0.19019064099316638,9.528617299906383,0.5101106483967113,0.6708333333333333
165,3771.024956,3.5076948,2,66,2,1,1,1,1,1,-42.74038462,n/a,n/a,3694176.0,3697685.0,0.0,0.0,0.0,3695492.0,3694692.0,3696685.0,3694692.0,3695085.0,3696692.0,3697685.0,3509.0,516.0,393.0,993.0,1993.0,-3696692.0,0.0,0.0,0.0,1.0,0.0,0.0,0.0,-0.32192248895702763,-10.889980110309827,-0.017307660696614473,0.1349997534335921,3695472.0,3695544.0,72.0,582.7272285667374,10.569155095684422,12.487111003675428,-3.127181597577355,387.0,-3.0922295123726995,1.0,-2.5442261224023275,-1.4330743056796775,0.36692240676822757,0.4949990959231723,3696504.0,3696537.0,33.0,204.38760400579164,1.118508827909256,2.1358438721970514,-0.114758360176819,3.0425690582579943,-10.289644791623784,0.31344148274978606,0.39166666666666666
166,3774.540984,3.691143,2,67,2,1,2,2,3,2,-42.74038462,n/a,n/a,3697691.0,3701384.0,0.0,0.0,0.0,3699475.0,3698391.0,3700385.0,3698391.0,3699184.0,3700391.0,3701384.0,3693.0,700.0,793.0,993.0,1994.0,-3700391.0,0.0,0.0,0.0,1.0,0.0,0.0,0.0,-0.6473065100533828,-10.419211739361913,-0.10730749631901051,0.1384612855729158,3699458.0,3699530.0,72.0,571.7308893332663,9.774995350624984,11.425276469279185,-3.1164474055110336,274.0,-3.094614807329055,1.0,-0.7338448135364551,0.6646141707499973,0.33923014965364207,0.2976917639817697,3700565.0,3700590.0,25.0,112.7126105981364,1.3990757549953188,1.4071458116329563,0.029694239606907764,-0.08620557367577886,-10.096548263874594,0.10448049424992868,0.5333333333333333
167,3778.240455,3.6744503,2,68,2,2,1,1,1,1,-42.74038462,n/a,n/a,3701391.0,3705067.0,0.0,0.0,0.0,3702934.0,3702074.0,3704067.0,3702074.0,3702468.0,3704074.0,3705068.0,3676.0,683.0,394.0,994.0,1993.0,-3704074.0,0.0,0.0,0.0,1.0,0.0,0.0,0.0,-0.7857677956262986,10.32921190373952,-0.2007688640807263,0.28384563542447894,3702914.0,3702997.0,83.0,532.2101755521717,11.125539309644498,12.820708044302616,-0.04357252851838899,446.0,-0.045104523072570575,1.0,14.510742728041574,13.129591404451737,-0.017307660696614473,-0.03461532139322895,3703126.0,3703145.0,19.0,121.35126550503489,1.381259763322146,1.3830629526342615,3.1290619811561897,-3.089009591978851,9.789865543331763,0.22739872277925746,0.42083333333333334
168,3781.923283,3.5078044,2,69,2,1,1,2,3,1,-42.74038462,n/a,n/a,3705074.0,3708583.0,0.0,0.0,0.0,3706741.0,3705590.0,3707583.0,3705590.0,3706384.0,3707590.0,3708583.0,3509.0,516.0,794.0,993.0,1993.0,-3707590.0,0.0,0.0,0.0,1.0,0.0,0.0,0.0,-0.782306263486975,-9.7372899079153,-0.2699995068671842,-0.2976917639817697,3706724.0,3706791.0,67.0,490.4943405425839,8.955026461886245,10.28378030481937,3.1385002784451363,340.0,3.073546724555884,1.0,-11.15997961717701,-33.26532385889301,-0.38769159960416577,18.726888873736858,3707241.0,3707309.0,68.0,13982.397034052283,29.223508186331717,41.94719110215686,-2.4286238335349886,-2.525343414872713,-9.812582781890487,-0.20281507707338936,0.5666666666666667
169,3785.439417,3.5077987,2,70,2,1,1,2,4,2,-42.74038462,n/a,n/a,3708590.0,3712099.0,0.0,0.0,0.0,3710383.0,3709107.0,3711100.0,3709107.0,3710100.0,3711106.0,3712099.0,3509.0,517.0,993.0,993.0,1993.0,-3711106.0,0.0,0.0,0.0,1.0,0.0,0.0,0.0,-0.827306181298171,-9.758059100751238,-0.2976917639817697,-0.5503836101523394,3710363.0,3710432.0,69.0,321.9410988069718,8.934327108262858,9.647930316501055,3.1133056270387223,263.0,3.0697739414052823,1.0,-9.872289661348896,-9.951904900553322,-0.5296144173164012,-0.5849989315455684,3710460.0,3710482.0,22.0,22.88134130332474,0.09698469327671569,0.12248151023301357,2.5337906574758167,2.396173177315644,-9.642203492700023,-0.3871924198673825,0.6291666666666667
170,3788.955549,3.5578009,2,71,2,2,1,2,1,1,-42.74038462,n/a,n/a,3712106.0,3715665.0,0.0,0.0,0.0,3713466.0,3712673.0,3714666.0,3712673.0,3713066.0,3714672.0,3715665.0,3559.0,567.0,393.0,993.0,1993.0,-3714672.0,0.0,0.0,0.0,1.0,0.0,0.0,0.0,-0.6680757028893171,11.731132420165292,0.2769225711458316,0.49153756378385255,3713448.0,3713488.0,40.0,500.76964546702897,12.40106534431169,12.380112471750168,-0.017307037832543955,382.0,-0.028803220871197466,0.0,0.0,0.0,0.0,0.0,0.0,0.0,0.0,0.0,0.0,0.0,0.0,0.0,9.698996589096843,0.3257333056027181,0.3875
171,3792.52167,3.5078444,2,72,2,2,1,2,5,1,-42.74038462,n/a,n/a,3715672.0,3719182.0,0.0,0.0,0.0,3717705.0,3716189.0,3718182.0,3716189.0,3717381.0,3718188.0,3719182.0,3510.0,517.0,1192.0,994.0,1993.0,-3718188.0,0.0,0.0,0.0,1.0,0.0,0.0,0.0,-0.6265373172174447,10.869210917473888,-0.062307578507810525,-0.3115378925390605,3717680.0,3717756.0,76.0,486.7642603434055,11.498449600917551,12.829654163711623,0.021676820962694687,299.0,0.035622074044600806,1.0,14.192281771223866,14.299589267542874,-0.7373063456757749,-0.6957679600039025,3718066.0,3718097.0,31.0,31.52550263418912,0.11506666003008353,0.27170271156982184,-0.3693336576736163,0.5950696237055387,10.675837847122175,-0.7313634597495008,0.7458333333333333
172,3796.037832,3.5078295,2,73,2,2,2,1,4,1,-42.74038462,n/a,n/a,3719188.0,3722698.0,0.0,0.0,0.0,3721105.0,3719705.0,3721697.0,3719705.0,3720698.0,3721705.0,3722698.0,3510.0,517.0,993.0,993.0,1992.0,-3721705.0,0.0,0.0,0.0,1.0,0.0,0.0,0.0,-0.8792291633880144,8.491138337759057,-0.1211536248763013,0.6023065922421829,3721083.0,3721149.0,66.0,556.8959289774141,9.398254188534505,11.325015935465483,-0.07705437713797023,385.0,-0.06852001555869534,1.0,17.491121899998582,-33.26532385889301,0.7373063456757749,18.726888873736858,3721581.0,3721631.0,50.0,23850.834087696607,53.85017981037041,72.15626348973876,-2.8009771801055767,-2.7666450906979865,9.483182822788923,0.5592779398084397,0.6875
173,3799.554011,3.5078662,2,74,2,1,1,1,3,2,-42.74038462,n/a,n/a,3722704.0,3726214.0,0.0,0.0,0.0,3724321.0,3723221.0,3725214.0,3723221.0,3724014.0,3725221.0,3726214.0,3510.0,517.0,793.0,993.0,1993.0,-3725221.0,0.0,0.0,0.0,0.0,1.0,0.0,0.0,0.0,0.0,0.0,0.0,0.0,0.0,0.0,0.0,0.0,0.0,0.0,0.0,0.0,0.0,0.0,0.0,0.0,0.0,0.0,0.0,0.0,0.0,0.0,0.0,0.0,0.0,0.0,0.0,0.0
174,3803.070165,3.5078642,2,75,2,1,2,2,4,2,-42.74038462,n/a,n/a,3726220.0,3729730.0,0.0,0.0,0.0,3728087.0,3726737.0,3728730.0,3726737.0,3727731.0,3728737.0,3729730.0,3510.0,517.0,994.0,993.0,1993.0,-3728737.0,0.0,0.0,0.0,1.0,0.0,0.0,0.0,-0.7892293277656184,-9.834212807816344,-0.46730683880859075,0.6507680421927026,3728068.0,3728134.0,66.0,386.68798441364646,9.113825628895727,9.706154018864586,-3.018603842769304,337.0,-3.005293966885656,1.0,-10.938441560260346,-33.26532385889301,0.6299988493567683,18.726888873736858,3728358.0,3728398.0,40.0,12958.313873963367,28.73999133144449,38.87494162189011,-2.4604562528725817,-2.5389200888623216,-10.46002408081425,0.49781882554377527,0.6666666666666666
175,3806.58635,3.4995226,2,76,2,1,1,1,1,1,-42.74038462,n/a,n/a,3729737.0,3733238.0,0.0,0.0,0.0,3731087.0,3730246.0,3732238.0,3730246.0,3730637.0,3732245.0,3733238.0,3501.0,509.0,391.0,993.0,1992.0,-3732245.0,0.0,0.0,0.0,1.0,0.0,0.0,0.0,-0.4707683709479144,-11.651517180960862,0.031153789253905263,0.1903842676627592,3731061.0,3731143.0,82.0,623.3665820722593,11.181882591847415,13.22245877083051,-3.1273521302235787,424.0,-3.0913074263154026,1.0,-0.4707683709479144,-11.651517180960862,0.031153789253905263,0.1903842676627592,3731061.0,3731143.0,82.0,623.3665820722593,11.181882591847415,13.22245877083051,-3.1273521302235787,-3.0913074263154026,-10.24421031450633,0.26427419133805374,0.4083333333333333
176,3810.094192,3.5078221,2,77,2,1,1,2,4,1,-42.74038462,n/a,n/a,3733245.0,3736754.0,0.0,0.0,0.0,3735078.0,3733761.0,3735754.0,3733761.0,3734754.0,3735761.0,3736754.0,3509.0,516.0,993.0,993.0,1993.0,-3735761.0,0.0,0.0,0.0,1.0,0.0,0.0,0.0,-0.33230708537499865,-9.685366925825457,-0.27346103900650787,-0.48115296736588153,3735062.0,3735124.0,62.0,495.8727853573533,9.355365536212512,10.858473762091085,3.1193905288713752,308.0,3.062131282252075,1.0,-0.33230708537499865,-9.685366925825457,-0.27346103900650787,-0.48115296736588153,3735062.0,3735124.0,62.0,495.8727853573533,9.355365536212512,10.858473762091085,3.1193905288713752,3.062131282252075,-9.585410396303203,-0.44865153413204695,0.65
177,3813.610369,3.5328308,2,78,2,1,2,1,2,1,-42.74038462,n/a,n/a,3736761.0,3740295.0,0.0,0.0,0.0,3738403.0,3737304.0,3739296.0,3737304.0,3737894.0,3739302.0,3740296.0,3534.0,543.0,590.0,994.0,1992.0,-3739302.0,0.0,0.0,0.0,1.0,0.0,0.0,0.0,-0.33230708537499865,-11.679209438075445,-0.20423039622005,0.5399990137343723,3738376.0,3738460.0,84.0,392.37229828653085,11.371282707608673,12.2482786890664,-3.07609768976643,482.0,-3.03683405630366,0.0,0.0,0.0,0.0,0.0,0.0,0.0,0.0,0.0,0.0,0.0,0.0,0.0,-10.107906883153959,0.11677231710286078,0.5375
178,3817.151492,3.5079652,2,79,2,1,2,2,1,2,-42.74038462,n/a,n/a,3740302.0,3743812.0,0.0,0.0,0.0,3741678.0,3740818.0,3742811.0,3740818.0,3741212.0,3742818.0,3743812.0,3510.0,516.0,394.0,994.0,1993.0,-3742818.0,0.0,0.0,0.0,1.0,0.0,0.0,0.0,-0.031153789253905263,-9.83075127567702,0.12807668915494866,0.079615239204425,3741667.0,3741726.0,59.0,558.5189228183483,9.799717312659665,11.380970743085578,3.136647444873416,455.0,3.0770679045351406,0.0,0.0,0.0,0.0,0.0,0.0,0.0,0.0,0.0,0.0,0.0,0.0,0.0,-9.801224162611124,-0.21510689992632537,0.425
179,3820.667752,3.5077497,2,80,2,2,2,1,4,2,-42.74038462,n/a,n/a,3743818.0,3747327.0,0.0,0.0,0.0,3745744.0,3744335.0,3746327.0,3744335.0,3745328.0,3746334.0,3747327.0,3509.0,517.0,993.0,993.0,1992.0,-3746334.0,0.0,0.0,0.0,1.0,0.0,0.0,0.0,-0.35653781035025656,9.803059018562438,0.1626920105481776,0.5192298208984342,3745716.0,3745799.0,83.0,521.1934121037617,10.165851018791404,12.126932820697274,-0.035079300646836405,388.0,-0.0436864724890785,1.0,12.741899804847572,13.250745029328039,0.06576911064713421,0.1730766069661447,3745920.0,3745949.0,29.0,86.01363703535368,0.5200368845022739,0.5225193943473984,-0.20783904438543502,-0.5199678067485238,9.471824203509561,0.5715697626613757,0.6916666666666667
180,3824.183839,3.5078354,2,81,2,1,2,1,1,1,-42.74038462,n/a,n/a,3747334.0,3750843.0,0.0,0.0,0.0,3748693.0,3747851.0,3749844.0,3747851.0,3748244.0,3749850.0,3750844.0,3509.0,517.0,393.0,994.0,1993.0,-3749850.0,0.0,0.0,0.0,1.0,0.0,0.0,0.0,-0.29076869970312236,-10.689211246229096,-0.062307578507810525,-0.4257684531367144,3748671.0,3748742.0,71.0,572.3720704400399,10.404792703402967,12.032541643875229,3.1066534823436687,427.0,3.0693218572039123,0.0,0.0,0.0,0.0,0.0,0.0,0.0,0.0,0.0,0.0,0.0,0.0,0.0,-9.755789685493667,-0.26427419133805374,0.4083333333333333
181,3827.699971,3.4994986,2,82,2,2,2,2,5,1,-42.74038462,n/a,n/a,3750850.0,3754352.0,0.0,0.0,0.0,3752959.0,3751360.0,3753351.0,3751360.0,3752550.0,3753358.0,3754352.0,3502.0,510.0,1190.0,994.0,1991.0,-3753358.0,0.0,0.0,0.0,1.0,0.0,0.0,0.0,-0.4465376459726526,11.402286866929618,-0.2561533783098934,0.044999917811196055,3752941.0,3752983.0,42.0,487.8789109111023,11.852650996520497,11.850580430285087,-0.025410830731705063,391.0,-0.03827419638581362,1.0,14.476127406648345,18.2491974385103,-0.4465376459726526,-0.5711528029882775,3753160.0,3753194.0,34.0,301.3129573078987,3.7751273359573982,3.942581776017128,0.03301552179195244,0.04127706867954305,9.19921734080482,0.8665735111317616,0.7916666666666666
182,3831.207827,3.5079065,2,83,2,1,1,2,3,2,-42.74038462,n/a,n/a,3754358.0,3757868.0,0.0,0.0,0.0,3756001.0,3754875.0,3756867.0,3754875.0,3755668.0,3756874.0,3757868.0,3510.0,517.0,793.0,994.0,1992.0,-3756874.0,0.0,0.0,0.0,1.0,0.0,0.0,0.0,-0.33230708537499865,-11.03882599230071,0.2769225711458316,-0.1488458819908829,3755986.0,3756058.0,72.0,535.961801598426,10.714981375627497,12.748512709066091,3.1018463804691363,318.0,3.068215238963536,1.0,-33.26532385889301,1.0384596417968683,18.726888873736858,0.8584599705520762,3756633.0,3756710.0,77.0,15913.596485003884,38.67855108364806,48.8786510778288,0.4802180239976929,0.602400414256202,-9.846658639728583,-0.16593960851459308,0.5541666666666667
183,3834.723966,3.507829,2,84,2,1,2,1,3,2,-42.74038462,n/a,n/a,3757874.0,3761383.0,0.0,0.0,0.0,3759484.0,3758391.0,3760384.0,3758391.0,3759184.0,3760390.0,3761383.0,3509.0,517.0,793.0,993.0,1993.0,-3760390.0,0.0,0.0,0.0,1.0,0.0,0.0,0.0,-0.21807652477734077,-9.53305951169525,-0.11423056059765394,0.23538418547395523,3759469.0,3759528.0,59.0,531.4156496446703,9.321541638443762,10.738702625562025,-3.104077746805418,285.0,-3.095481445235885,0.0,0.0,0.0,0.0,0.0,0.0,0.0,0.0,0.0,0.0,0.0,0.0,0.0,-10.107906883153959,0.11677231710286078,0.5375
184,3838.240128,3.5078465,2,85,2,2,2,2,4,1,-42.74038462,n/a,n/a,3761390.0,3764900.0,0.0,0.0,0.0,3763257.0,3761907.0,3763900.0,3761907.0,3762900.0,3763907.0,3764900.0,3510.0,517.0,993.0,993.0,1993.0,-3763907.0,0.0,0.0,0.0,1.0,0.0,0.0,0.0,-0.33576861751432235,8.965368240846296,-0.10384596417968683,0.031153789253905263,3763235.0,3763303.0,68.0,473.1112359051065,9.30211652213525,11.376089312005167,-0.014513309152100487,335.0,-0.02951958079564253,1.0,-0.6680757028893171,-0.6611526386106736,0.5019221602018197,0.5469220780130157,3764003.0,3764027.0,24.0,35.75985903507968,0.045529346821809646,0.3060472096637808,-1.4181469983996775,-2.3801898837842113,9.551334538465111,0.4855270026908432,0.6625
185,3841.756355,3.5077939,2,86,2,2,1,2,4,1,-42.74038462,n/a,n/a,3764907.0,3768416.0,0.0,0.0,0.0,3766800.0,3765423.0,3767416.0,3765423.0,3766416.0,3767423.0,3768416.0,3509.0,516.0,993.0,993.0,1993.0,-3767423.0,0.0,0.0,0.0,1.0,0.0,0.0,0.0,-0.28730716756379865,12.143054744744711,-0.024230724975261835,-1.4538434985156157,3766777.0,3766874.0,97.0,529.8971467635788,12.51230154500921,14.425846212158092,0.1145066461293013,361.0,0.11277709716529201,0.0,0.0,0.0,0.0,0.0,0.0,0.0,0.0,0.0,0.0,0.0,0.0,0.0,10.482741319372975,-0.5224024712496435,0.675
186,3845.272483,3.5077884,2,87,2,1,1,2,2,2,-42.74038462,n/a,n/a,3768423.0,3771932.0,0.0,0.0,0.0,3769982.0,3768939.0,3770933.0,3768939.0,3769532.0,3770939.0,3771932.0,3509.0,516.0,593.0,993.0,1994.0,-3770939.0,0.0,0.0,0.0,1.0,0.0,0.0,0.0,-0.28730716756379865,-10.606134474885348,-0.2284611211953118,-0.1384612855729158,3769972.0,3770040.0,68.0,554.5304142116217,10.319219784883785,11.982023374409899,-3.132870969342025,440.0,3.1037385273878715,1.0,-0.28730716756379865,-10.606134474885348,-0.2284611211953118,-0.1384612855729158,3769972.0,3770040.0,68.0,554.5304142116217,10.319219784883785,11.982023374409899,-3.132870969342025,3.1037385273878715,-9.948886213242858,-0.05531320283819638,0.5166666666666667
187,3848.788604,3.5078288,2,88,2,1,1,2,3,1,-42.74038462,n/a,n/a,3771939.0,3775448.0,0.0,0.0,0.0,3773581.0,3772455.0,3774448.0,3772455.0,3773248.0,3774455.0,3775449.0,3509.0,516.0,793.0,994.0,1993.0,-3774455.0,0.0,0.0,0.0,1.0,0.0,0.0,0.0,-0.45346071025129997,-9.612674750899679,-0.12461515701562499,-0.38769159960416577,3773568.0,3773617.0,49.0,520.5998059158029,9.162991381478838,10.88712666818486,3.1128779481290243,320.0,3.0789160145203955,1.0,-0.7407678778150986,-0.9588444025924433,0.017307660696614473,-0.3426916817929658,3774195.0,3774214.0,19.0,34.56239641470052,0.4209001036491841,0.4058268156618839,2.11544711351992,2.0687815789282182,-9.835300020449218,-0.17823143136752517,0.5583333333333333
188,3852.304758,3.5078761,2,89,2,1,2,1,4,2,-42.74038462,n/a,n/a,3775455.0,3778965.0,0.0,0.0,0.0,3777272.0,3775972.0,3777964.0,3775972.0,3776965.0,3777971.0,3778965.0,3510.0,517.0,993.0,994.0,1992.0,-3777971.0,0.0,0.0,0.0,1.0,0.0,0.0,0.0,-0.2769225711458316,-9.903443450602802,-0.1211536248763013,0.33230708537499865,3777257.0,3777333.0,76.0,581.9950939153898,9.637195175898567,11.439106816752048,-3.0945220904169073,292.0,-3.08861197768569,1.0,-0.7407678778150986,-0.7338448135364551,-0.0553845142291671,-0.08653830348307236,3778476.0,3778496.0,20.0,31.27108957705228,0.0319137494488343,0.22566428648360085,1.3521273809210215,-2.5748634360662868,-10.391872365138065,0.42406788842618276,0.6416666666666667
189,3855.829347,3.6910532,2,90,2,1,1,1,1,2,-42.74038462,n/a,n/a,3778981.0,3782672.0,0.0,0.0,0.0,3780497.0,3779680.0,3781672.0,3779680.0,3780071.0,3781679.0,3782672.0,3691.0,699.0,391.0,993.0,1992.0,-3781679.0,0.0,0.0,0.0,1.0,0.0,0.0,0.0,-0.5019221602018197,-11.24305638852076,-0.08653830348307236,0.33230708537499865,3780478.0,3780544.0,66.0,523.8289947283538,10.749297464045377,12.271098234392763,-3.1026178788145797,407.0,-3.0834497281453035,1.0,-11.246517920660082,-11.530363556084563,0.328845553235675,0.4569222423906236,3780547.0,3780571.0,24.0,36.14406115728359,0.3114032483042197,0.4025659191547655,-2.7177250430600113,-2.6971734436886945,-10.26692755306506,0.2888578370439219,0.4
190,3859.528746,3.5078356,2,91,2,2,1,2,2,1,-42.74038462,n/a,n/a,3782679.0,3786188.0,0.0,0.0,0.0,3784238.0,3783195.0,3785189.0,3783195.0,3783788.0,3785195.0,3786188.0,3509.0,516.0,593.0,993.0,1994.0,-3785195.0,0.0,0.0,0.0,1.0,0.0,0.0,0.0,-0.5296144173164012,10.097289250404884,-0.2388457176132789,-0.3115378925390605,3784211.0,3784290.0,79.0,480.05771338658985,10.627152286258232,12.87917075582348,0.006840284193017486,423.0,0.029837874963627043,1.0,-1.280766891549471,-0.3703839389075513,0.5676912708489539,0.46384530666926704,3785112.0,3785140.0,28.0,106.85679880194802,0.916286584392366,0.9511405999892626,0.1135775299352007,0.18668933081425015,10.028396548198412,-0.0307295571323322,0.5083333333333333
191,3863.044919,3.5078672,2,92,2,1,1,1,4,2,-42.74038462,n/a,n/a,3786195.0,3789704.0,0.0,0.0,0.0,3787961.0,3786712.0,3788704.0,3786712.0,3787704.0,3788711.0,3789705.0,3509.0,517.0,992.0,994.0,1992.0,-3788711.0,0.0,0.0,0.0,1.0,0.0,0.0,0.0,-0.35653781035025656,-10.277288921649673,0.02769225711458158,-0.1107690284583342,3787946.0,3788011.0,65.0,536.8652344875969,9.92171729792535,11.314419040985326,3.127636825572415,242.0,3.0733150201942054,1.0,-10.277288921649673,-10.55074996065618,-0.1211536248763013,-0.062307578507810525,3788017.0,3788038.0,21.0,29.48517462268507,0.2797209270464428,0.32622989225912913,-2.929635016347168,0.3351725671367363,-9.676279350538117,-0.3503169513085823,0.6166666666666667
192,3866.561131,3.5077806,2,93,2,2,1,2,5,2,-42.74038462,n/a,n/a,3789711.0,3793221.0,0.0,0.0,0.0,3791688.0,3790228.0,3792220.0,3790228.0,3791421.0,3792227.0,3793221.0,3510.0,517.0,1193.0,994.0,1992.0,-3792227.0,0.0,0.0,0.0,1.0,0.0,0.0,0.0,-0.4430761138333289,10.183827553887957,-0.20769192835937367,-1.540381801998688,3791671.0,3791741.0,70.0,497.8653217419898,10.710142102807454,12.887087042041145,0.12475587646555528,250.0,0.12901929522084069,0.0,0.0,0.0,0.0,0.0,0.0,0.0,0.0,0.0,0.0,0.0,0.0,0.0,10.607686131445986,-0.6576125226319043,0.7208333333333333
193,3870.077286,3.5077932,2,94,2,1,1,1,4,2,-42.74038462,n/a,n/a,3793227.0,3796736.0,0.0,0.0,0.0,3795020.0,3793744.0,3795737.0,3793744.0,3794737.0,3795743.0,3796736.0,3509.0,517.0,993.0,993.0,1993.0,-3795743.0,0.0,0.0,0.0,1.0,0.0,0.0,0.0,-0.5296144173164012,-9.415367418958272,-0.1765381391054684,-0.24576878189192627,3795004.0,3795066.0,62.0,564.4777370817174,8.886022692300992,10.406735854331277,3.1338016152844395,267.0,3.0763520401447995,1.0,-2.118457669265613,-1.834612033841134,0.5296144173164012,0.4084607924401,3796456.0,3796480.0,24.0,39.205236874799766,0.308620390723286,0.311153040146883,0.40341903329980977,-0.5633162614919625,-9.642203492700023,-0.3871924198673825,0.6291666666666667
194,3873.593415,3.5162467,2,95,2,2,1,2,3,1,-42.74038462,n/a,n/a,3796743.0,3800261.0,0.0,0.0,0.0,3798369.0,3797270.0,3799261.0,3797270.0,3798060.0,3799268.0,3800262.0,3518.0,527.0,790.0,994.0,1991.0,-3799268.0,0.0,0.0,0.0,1.0,0.0,0.0,0.0,-0.6473065100533828,10.692672778368424,-0.044999917811196055,-0.38769159960416577,3798355.0,3798397.0,42.0,497.8155135983067,11.34515614042423,11.335991379785684,0.030210586002307426,295.0,0.033595665250790545,1.0,12.419977315890543,15.473048662773337,-0.1107690284583342,-0.0,3798567.0,3798590.0,23.0,235.48597323459734,3.0550801015394544,3.057403038438493,-0.03626527243766162,0.05323762861058442,10.119265502433324,-0.12906413995579286,0.5416666666666666
195,3877.117913,3.5078255,2,96,2,2,2,2,2,2,-42.74038462,n/a,n/a,3800268.0,3803777.0,0.0,0.0,0.0,3801744.0,3800784.0,3802777.0,3800784.0,3801378.0,3802784.0,3803777.0,3509.0,516.0,594.0,993.0,1993.0,-3802784.0,0.0,0.0,0.0,1.0,0.0,0.0,0.0,-0.8238446491588473,10.540365364238214,-0.0553845142291671,0.36692240676822757,3801722.0,3801789.0,67.0,513.0705439746163,11.372054008142781,12.404308533593895,-0.03714404138279861,344.0,-0.04997233125616052,0.0,0.0,0.0,0.0,0.0,0.0,0.0,0.0,0.0,0.0,0.0,0.0,0.0,10.073831025315863,-0.0798968485440645,0.4708333333333333
196,3880.634056,3.5079714,2,97,2,1,2,2,4,2,-42.74038462,n/a,n/a,3803784.0,3807294.0,0.0,0.0,0.0,3805527.0,3804301.0,3806294.0,3804301.0,3805294.0,3806300.0,3807294.0,3510.0,517.0,993.0,994.0,1993.0,-3806300.0,0.0,0.0,0.0,1.0,0.0,0.0,0.0,-0.7234602171184842,-10.585365282049409,0.15230741413020657,0.5746143351276013,3805502.0,3805571.0,69.0,498.31671064741676,9.870942946103606,10.971352190353313,-3.0987967566575025,208.0,-3.0775009790426595,1.0,-0.3461532139322894,-0.6299988493567683,-0.044999917811196055,0.031153789253905263,3806463.0,3806484.0,21.0,47.6336394296857,0.2938838747690718,0.37927083732148525,-2.8794728123243294,-0.4636476090008061,-10.278286172344425,0.30114965989685394,0.6
197,3884.150389,3.5076605,2,98,2,1,1,1,1,1,-42.74038462,n/a,n/a,3807301.0,3810809.0,0.0,0.0,0.0,3808626.0,3807817.0,3809810.0,3807817.0,3808210.0,3809816.0,3810810.0,3508.0,516.0,393.0,994.0,1993.0,-3809816.0,0.0,0.0,0.0,1.0,0.0,0.0,0.0,-0.8549984384127565,-10.907287771006441,-0.18346120338411182,0.4430761138333289,3808607.0,3808672.0,65.0,480.22269787661764,10.071795760242699,11.115714886798566,-3.0793453517923903,397.0,-3.0508481854876175,1.0,-3.554993507084614,-3.101532796833314,0.4742299030872381,0.4776914352265578,3809746.0,3809773.0,27.0,38.29041507952651,0.4534739220135651,0.45508287918362444,-0.007633439517486115,2.911373066312951,-10.278286172344425,0.30114965989685394,0.3958333333333333
198,3887.666459,3.5077761,2,99,2,2,2,1,2,1,-42.74038462,n/a,n/a,3810817.0,3814326.0,0.0,0.0,0.0,3812360.0,3811333.0,3813326.0,3811333.0,3811926.0,3813333.0,3814326.0,3509.0,516.0,593.0,993.0,1993.0,-3813333.0,0.0,0.0,0.0,1.0,0.0,0.0,0.0,-0.6957679600039025,12.347285140964766,-0.28384563542447894,-0.328845553235675,3812338.0,3812382.0,44.0,489.9294377495241,13.04313072798442,13.028366852443632,0.0034500924680715976,412.0,0.030559329962668188,0.0,0.0,0.0,0.0,0.0,0.0,0.0,0.0,0.0,0.0,0.0,0.0,0.0,9.982962071080953,0.018437734279400105,0.5041666666666667
199,3891.18255,3.5078148,2,100,2,2,1,1,3,1,-42.74038462,n/a,n/a,3814332.0,3817842.0,0.0,0.0,0.0,3816059.0,3814849.0,3816841.0,3814849.0,3815642.0,3816849.0,3817842.0,3510.0,517.0,793.0,993.0,1992.0,-3816849.0,0.0,0.0,0.0,1.0,0.0,0.0,0.0,-0.5607682065703105,9.11421412283718,0.29076869970312236,-0.3115378925390605,3816035.0,3816107.0,72.0,543.5622020305174,9.693712204589403,11.680851344651225,0.06217378839440985,393.0,0.07088519426164837,1.0,18.771888791548054,18.15573607074858,-0.5815373994062447,-0.5642297387096302,3816447.0,3816475.0,28.0,48.66021778123928,0.6163957579894456,0.7052356732525455,-3.113510150485354,-2.903756726132344,10.255568933785694,-0.2765660141909858,0.5916666666666667
