,onset,duration,run_number,trial_number,task,ext_mot_pos,ext_mot_ver_dir,staircase_num,fix_off_prct,trial_type,ext_mot_ori,direction_report,response_duration,trial_onset,trial_offset,button_press_onset,button_left,button_right,fix_break,motion_onset,motion_offset,fixation_onset,fixation_offset,response_onset,response_offset,trial_duration,fix_check_duration,fixation_duration,response_duration,motion_duration,reaction_time,miss_time_trial,blink_trial,no_saccade_trial,main_sac_trial,innacurate_sac_trial,early_sac_trial,late_sac_trial,sac_x_onset_trial,sac_x_offset_trial,sac_y_onset_trial,sac_y_offset_trial,sac_t_onset_trial,sac_t_offset_trial,sac_dur_trial,sac_vpeak_trial,sac_dist_trial,sac_amp_trial,sac_dist_ang_trial,sac_lat_trial,sac_amp_ang_trial,cor_sac_trial,cor_sac_x_onset_trial,cor_sac_x_offset_trial,cor_sac_y_onset_trial,cor_sac_y_offset_trial,cor_sac_t_onset_trial,cor_sac_t_offset_trial,cor_sac_dur_trial,cor_sac_vpeak_trial,cor_sac_dist_trial,cor_sac_amp_trial,cor_sac_dist_ang_trial,cor_sac_amp_ang_trial,gabor_sac_onset_x,gabor_sac_onset_y,sac_onset_gabor_path_prct
0,18001.1317,4.007547531,1,1,2,2,2,2,5,1,-11.82692308,n/a,n/a,2447816.0,2451823.0,0.0,0.0,0.0,2451298.0,2448822.0,2450821.0,2448822.0,2450022.0,2450832.0,2451824.0,4007.0,1006.0,1200.0,992.0,1999.0,-2450832.0,0.0,1.0,0.0,0.0,0.0,0.0,0.0,0.0,0.0,0.0,0.0,0.0,0.0,0.0,0.0,0.0,0.0,0.0,0.0,0.0,0.0,0.0,0.0,0.0,0.0,0.0,0.0,0.0,0.0,0.0,0.0,0.0,0.0,0.0,0.0,0.0
1,18005.14757,3.9994008,1,2,2,2,1,1,1,1,-11.82692308,n/a,n/a,2451830.0,2455830.0,0.0,0.0,0.0,2454206.0,2452840.0,2454831.0,2452840.0,2453229.0,2454837.0,2455830.0,4000.0,1010.0,389.0,993.0,1991.0,-2454837.0,0.0,0.0,0.0,0.0,0.0,0.0,1.0,0.1626920105481776,11.914593623549404,-1.121536413140617,-2.7034566008111813,2454193.0,2454259.0,66.0,573.1951848768119,11.857894543375755,12.254522415635224,0.13380541385178232,964.0,0.14113805662743314,0.0,0.0,0.0,0.0,0.0,0.0,0.0,0.0,0.0,0.0,0.0,0.0,0.0,0.0,0.0,0.0
2,18009.15534,3.6411376,1,3,2,2,1,2,1,1,-11.82692308,n/a,n/a,2455837.0,2459481.0,0.0,0.0,0.0,2457898.0,2456487.0,2458480.0,2456487.0,2456881.0,2458487.0,2459481.0,3644.0,650.0,394.0,994.0,1993.0,-2458487.0,0.0,0.0,0.0,0.0,0.0,0.0,1.0,0.48115296736588153,10.39151948224733,-0.872306099109371,-1.6234585733424367,2457878.0,2457934.0,56.0,555.9385379750124,9.938792406466188,10.719817346081506,0.07564997700601253,997.0,0.11326036046388346,0.0,0.0,0.0,0.0,0.0,0.0,0.0,0.0,0.0,0.0,0.0,0.0,0.0,0.0,0.0,0.0
3,18012.80478,3.7411999,1,4,2,2,1,2,3,1,-11.82692308,n/a,n/a,2459487.0,2463230.0,0.0,0.0,0.0,2461513.0,2460237.0,2462230.0,2460237.0,2461030.0,2462236.0,2463230.0,3743.0,750.0,793.0,994.0,1993.0,-2462236.0,0.0,0.0,0.0,1.0,0.0,0.0,0.0,0.3807685353255184,10.429596335779879,-0.48115296736588153,-0.8896137598059854,2461484.0,2461566.0,82.0,475.66512339212085,10.057125850964837,10.269798836454097,0.040625241722093725,454.0,0.06273418780813242,0.0,0.0,0.0,0.0,0.0,0.0,0.0,0.0,0.0,0.0,0.0,0.0,0.0,10.104621888916965,-0.4996237867209876,0.625
4,18016.56277,3.7492929,1,5,2,1,2,2,3,2,-11.82692308,n/a,n/a,2463248.0,2466996.0,0.0,0.0,0.0,2465203.0,2464003.0,2465996.0,2464004.0,2464796.0,2466003.0,2466999.0,3748.0,756.0,792.0,996.0,1993.0,-2466003.0,0.0,0.0,0.0,1.0,0.0,0.0,0.0,0.578075867266925,-8.757676312486923,-0.21115346049869735,-0.34961474607161314,2465187.0,2465256.0,69.0,358.5118972877964,9.336778903314634,9.514288551748962,3.126762446882369,391.0,-3.0982839899718817,0.0,0.0,0.0,0.0,0.0,0.0,0.0,0.0,0.0,0.0,0.0,0.0,0.0,-10.077180081987922,0.3685749246302354,0.5916666666666667
5,18020.32887,3.8076545,1,6,2,2,2,2,1,1,-11.82692308,n/a,n/a,2467013.0,2470821.0,0.0,0.0,0.0,2469062.0,2467829.0,2469821.0,2467829.0,2468219.0,2469828.0,2470821.0,3808.0,816.0,390.0,993.0,1992.0,-2469828.0,0.0,0.0,0.0,0.0,0.0,0.0,1.0,0.30461482826041314,9.740751440054629,0.08999983562239604,0.29076869970312236,2469044.0,2469122.0,78.0,531.9233568655638,9.438272209108373,10.303199678707909,-0.021273386024061026,825.0,-0.04839809902155907,0.0,0.0,0.0,0.0,0.0,0.0,0.0,0.0,0.0,0.0,0.0,0.0,0.0,0.0,0.0,0.0
6,18024.1532,3.6579131,1,7,2,1,2,1,4,2,-11.82692308,n/a,n/a,2470836.0,2474495.0,0.0,0.0,0.0,2472787.0,2471503.0,2473494.0,2471503.0,2472493.0,2473501.0,2474495.0,3659.0,667.0,990.0,994.0,1991.0,-2473501.0,0.0,0.0,0.0,1.0,0.0,0.0,0.0,0.2388457176132789,-10.495365446427018,-0.12807668915494866,-0.12807668915494866,2472765.0,2472831.0,66.0,450.1470825294833,10.734211164040296,11.047330552218455,3.141592653589793,272.0,-3.1246716739126814,0.0,0.0,0.0,0.0,0.0,0.0,0.0,0.0,0.0,0.0,0.0,0.0,0.0,-10.10805211478309,0.5160048944823287,0.6291666666666667
7,18027.81933,3.6577755,1,8,2,2,1,1,5,1,-11.82692308,n/a,n/a,2474501.0,2478161.0,0.0,0.0,0.0,2476701.0,2475168.0,2477161.0,2475168.0,2476361.0,2477168.0,2478161.0,3660.0,667.0,1193.0,993.0,1993.0,-2477168.0,0.0,0.0,0.0,1.0,0.0,0.0,0.0,-0.1869227355234355,9.612674750899679,-0.0034615321393236813,-1.8657658230950394,2476687.0,2476770.0,83.0,436.17289033700587,9.974983116177306,10.602036105677234,0.1877994479624953,326.0,0.1842047266023704,0.0,0.0,0.0,0.0,0.0,0.0,0.0,0.0,0.0,0.0,0.0,0.0,0.0,10.214389116633116,-1.023819235083989,0.7583333333333333
8,18031.48547,3.7661456,1,9,2,2,2,2,5,1,-11.82692308,n/a,n/a,2478167.0,2481935.0,0.0,0.0,0.0,2480351.0,2478944.0,2480936.0,2478944.0,2480134.0,2480942.0,2481935.0,3768.0,777.0,1190.0,993.0,1992.0,-2480942.0,0.0,0.0,0.0,1.0,0.0,0.0,0.0,0.5607682065703105,10.166519893191342,0.14538434985156315,1.2599976987135328,2480328.0,2480369.0,41.0,482.6107038930193,9.670203120022045,9.761709665084886,-0.11551941948668358,194.0,-0.1251466903700945,0.0,0.0,0.0,0.0,0.0,0.0,0.0,0.0,0.0,0.0,0.0,0.0,0.0,9.840494497224958,0.7617215109024883,0.6916666666666667
9,18035.26006,3.7326662,1,10,2,2,1,1,4,1,-11.82692308,n/a,n/a,2481942.0,2485676.0,0.0,0.0,0.0,2484251.0,2482685.0,2484676.0,2482685.0,2483675.0,2484683.0,2485676.0,3734.0,743.0,990.0,993.0,1991.0,-2484683.0,0.0,0.0,0.0,1.0,0.0,0.0,0.0,0.16961507482682103,9.363444436868429,-0.3011532961210934,-1.0384596417968683,2484231.0,2484281.0,50.0,477.3865028941902,9.22334640928726,9.700646605847323,0.08002452077098687,556.0,0.07751082761411554,0.0,0.0,0.0,0.0,0.0,0.0,0.0,0.0,0.0,0.0,0.0,0.0,0.0,10.228110020097638,-1.089343666129365,0.775
10,18039.00106,3.9994239,1,11,2,2,2,2,1,2,-11.82692308,n/a,n/a,2485683.0,2489683.0,0.0,0.0,0.0,2487883.0,2486693.0,2488684.0,2486693.0,2487083.0,2488691.0,2489684.0,4000.0,1010.0,390.0,993.0,1991.0,-2488691.0,0.0,0.0,0.0,1.0,0.0,0.0,0.0,0.15923047840885393,11.55459428105982,0.03461532139322895,0.39807619602213284,2487866.0,2487904.0,38.0,549.9328942545787,11.40115871313762,11.335069105006983,-0.03188469483790754,783.0,-0.039710165220797226,1.0,11.519978959666592,10.976518413792896,0.39807619602213284,0.41538385671874734,2487906.0,2487934.0,28.0,135.54230127652886,0.5437360757206797,1.1970346508000245,-3.109756280162679,-3.0140095497396215,9.926250143878205,0.3521938168688943,0.5875
11,18043.0088,3.5078465,1,12,2,1,1,1,1,1,-11.82692308,n/a,n/a,2489691.0,2493200.0,0.0,0.0,0.0,2490707.0,2490207.0,2492200.0,2490207.0,2490600.0,2492207.0,2493200.0,3509.0,516.0,393.0,993.0,1993.0,-2492207.0,0.0,0.0,0.0,1.0,0.0,0.0,0.0,-0.03461532139322895,-9.955366432692646,-0.15923047840885393,0.7684601349296841,2490686.0,2490741.0,55.0,395.78911175090343,9.964030935641711,10.51557745227808,-3.048353669132156,86.0,-3.0496214480729056,1.0,-0.03461532139322895,-9.955366432692646,-0.15923047840885393,0.7684601349296841,2490686.0,2490741.0,55.0,395.78911175090343,9.964030935641711,10.51557745227808,-3.048353669132156,-3.0496214480729056,-10.214389116633116,1.023819235083989,0.2375
12,18046.52511,3.6576829,1,13,2,2,2,2,3,2,-11.82692308,n/a,n/a,2493207.0,2496866.0,0.0,0.0,0.0,2494907.0,2493873.0,2495866.0,2493873.0,2494666.0,2495873.0,2496866.0,3659.0,666.0,793.0,993.0,1993.0,-2495873.0,0.0,0.0,0.0,1.0,0.0,0.0,0.0,-0.07269217492578157,11.391902270511642,-0.1349997534335921,0.1869227355234355,2494876.0,2494967.0,91.0,494.8635881122665,11.469113299957016,12.009816561435475,-0.0280723336301504,210.0,0.044978299867657015,1.0,-0.07269217492578157,11.391902270511642,-0.1349997534335921,0.1869227355234355,2494876.0,2494967.0,91.0,494.8635881122665,11.469113299957016,12.009816561435475,-0.0280723336301504,0.044978299867657015,9.998284887066932,0.008190553880672509,0.5
13,18050.19112,3.6994555,1,14,2,2,2,2,3,2,-11.82692308,n/a,n/a,2496873.0,2500574.0,0.0,0.0,0.0,2498299.0,2497583.0,2499574.0,2497583.0,2498374.0,2499581.0,2500574.0,3701.0,710.0,791.0,993.0,1991.0,-2499581.0,0.0,0.0,0.0,1.0,0.0,0.0,0.0,0.40153772816145655,7.95113932402469,-0.079615239204425,-0.6126911886601539,2498279.0,2498326.0,47.0,372.4169072939487,7.5683983922722255,7.642388813051132,0.07049281428771716,-95.0,0.07253374531169801,1.0,7.989216177557239,7.7365243313866685,-0.5988450601028592,-0.5399990137343723,2498328.0,2498354.0,26.0,81.23135840845529,0.25945332199509985,0.6615874525487387,-2.9127938082025753,-2.8877309753861984,10.121773018247614,-0.5815293255277049,0.35
14,18053.89905,3.5076854,1,15,2,1,2,1,1,1,-11.82692308,n/a,n/a,2500581.0,2504090.0,0.0,0.0,0.0,2501764.0,2501097.0,2503090.0,2501097.0,2501491.0,2503097.0,2504091.0,3509.0,516.0,394.0,994.0,1993.0,-2503097.0,0.0,0.0,0.0,1.0,0.0,0.0,0.0,-0.020769192835938154,-11.076902845833262,-0.13153822129426843,-0.418845388858071,2501743.0,2501811.0,68.0,463.4411416583559,11.059866037229995,11.236204239572015,3.1156122764097685,252.0,3.098449536962514,0.0,0.0,0.0,0.0,0.0,0.0,0.0,0.0,0.0,0.0,0.0,0.0,0.0,-9.857645626555607,-0.679815972095767,0.325
15,18057.4151,3.5078168,1,16,2,2,2,2,3,1,-11.82692308,n/a,n/a,2504097.0,2507606.0,0.0,0.0,0.0,2505707.0,2504613.0,2506606.0,2504614.0,2505407.0,2506613.0,2507606.0,3509.0,517.0,793.0,993.0,1993.0,-2506613.0,0.0,0.0,0.0,1.0,0.0,0.0,0.0,0.0553845142291671,9.882674257766864,-0.03461532139322895,0.328845553235675,2505689.0,2505728.0,39.0,498.6755920013554,9.834008720294445,9.845174917885721,-0.03696800404198575,282.0,-0.0390371604415106,1.0,9.882674257766864,9.806520550701759,0.33923014965364207,0.3080763603997368,2505730.0,2505754.0,24.0,80.46562914137242,0.08227967965806991,0.5540398192599502,2.753273935417343,-2.8435530696975384,9.967412854271766,0.15562052373276586,0.5375
16,18060.93125,3.6411429,1,17,2,1,2,1,2,1,-11.82692308,n/a,n/a,2507613.0,2511256.0,0.0,0.0,0.0,2509206.0,2508263.0,2510256.0,2508263.0,2508856.0,2510263.0,2511256.0,3643.0,650.0,593.0,993.0,1993.0,-2510263.0,0.0,0.0,0.0,1.0,0.0,0.0,0.0,0.5192298208984342,-8.297292537956979,0.006923064278647363,0.5123067566197868,2509188.0,2509239.0,51.0,421.38062307286947,8.83099536749294,9.365553750387013,-3.084332974308306,332.0,-3.0716808429345352,0.0,0.0,0.0,0.0,0.0,0.0,0.0,0.0,0.0,0.0,0.0,0.0,0.0,-9.970843080137893,-0.13923941597142084,0.4625
17,18064.58072,3.5078297,1,18,2,1,1,1,5,2,-11.82692308,n/a,n/a,2511262.0,2514771.0,0.0,0.0,0.0,2512162.0,2511779.0,2513772.0,2511779.0,2512972.0,2513779.0,2514771.0,3509.0,517.0,1193.0,992.0,1993.0,-2513779.0,0.0,0.0,0.0,0.0,0.0,1.0,0.0,0.33576861751432235,-11.14613348861972,-0.31846095681770786,0.9138444847812434,2512136.0,2512213.0,77.0,425.784478446888,11.54784190557871,11.98176236761624,-3.034676022073519,-836.0,-3.035657194160092,0.0,0.0,0.0,0.0,0.0,0.0,0.0,0.0,0.0,0.0,0.0,0.0,0.0,0.0,0.0,0.0
18,18068.09691,3.6328,1,19,2,1,1,1,5,1,-11.82692308,n/a,n/a,2514779.0,2518413.0,0.0,0.0,0.0,2517455.0,2515422.0,2517411.0,2515422.0,2516612.0,2517421.0,2518413.0,3634.0,643.0,1190.0,992.0,1989.0,-2517421.0,0.0,1.0,0.0,0.0,0.0,0.0,0.0,0.0,0.0,0.0,0.0,0.0,0.0,0.0,0.0,0.0,0.0,0.0,0.0,0.0,0.0,0.0,0.0,0.0,0.0,0.0,0.0,0.0,0.0,0.0,0.0,0.0,0.0,0.0,0.0,0.0
19,18071.73803,3.866114,1,20,2,2,2,1,4,1,-11.82692308,n/a,n/a,2518420.0,2522288.0,0.0,0.0,0.0,2520546.0,2519296.0,2521287.0,2519296.0,2520286.0,2521294.0,2522288.0,3868.0,876.0,990.0,994.0,1991.0,-2521294.0,0.0,0.0,0.0,1.0,0.0,0.0,0.0,-0.26653797472786445,9.481136529605411,-0.11769209273697762,0.6957679600039025,2520525.0,2520611.0,86.0,498.943833142256,9.781557928051859,10.38269124668543,-0.08325878559524975,239.0,-0.091142833133618,0.0,0.0,0.0,0.0,0.0,0.0,0.0,0.0,0.0,0.0,0.0,0.0,0.0,9.90566878868143,0.4504804634369565,0.6125
20,18075.61248,3.6828438,1,21,2,1,2,1,4,1,-11.82692308,n/a,n/a,2522294.0,2525979.0,0.0,0.0,0.0,2524437.0,2522987.0,2524978.0,2522987.0,2523977.0,2524985.0,2525979.0,3685.0,693.0,990.0,994.0,1991.0,-2524985.0,0.0,0.0,0.0,1.0,0.0,0.0,0.0,-0.020769192835938154,-9.84459740423431,-0.3115378925390605,0.9311521454778579,2524409.0,2524482.0,73.0,418.32734852441234,9.902114888126325,10.486051024792705,-3.015763437329945,432.0,-3.01482190810219,1.0,-0.020769192835938154,-9.84459740423431,-0.3115378925390605,0.9311521454778579,2524409.0,2524482.0,73.0,418.32734852441234,9.902114888126325,10.486051024792705,-3.015763437329945,-3.01482190810219,-10.17665663210569,0.8436270497092054,0.7125
21,18079.30362,3.7327918,1,22,2,1,2,2,3,1,-11.82692308,n/a,n/a,2525985.0,2529719.0,0.0,0.0,0.0,2528312.0,2526728.0,2528719.0,2526729.0,2527518.0,2528726.0,2529719.0,3734.0,744.0,789.0,993.0,1991.0,-2528726.0,0.0,0.0,0.0,1.0,0.0,0.0,0.0,-0.11769209273697762,-10.450365528615817,-0.2561533783098934,1.2738438272708255,2528279.0,2528381.0,102.0,525.1511743470751,10.44533540780769,13.16071788016752,-2.9945871464462264,761.0,-2.996422288254119,0.0,0.0,0.0,0.0,0.0,0.0,0.0,0.0,0.0,0.0,0.0,0.0,0.0,-10.228110020097635,1.089343666129365,0.775
22,18083.04472,3.7244928,1,23,2,1,2,1,2,2,-11.82692308,n/a,n/a,2529726.0,2533452.0,0.0,0.0,0.0,2531536.0,2530460.0,2532453.0,2530460.0,2531052.0,2532459.0,2533452.0,3726.0,734.0,592.0,993.0,1993.0,-2532459.0,0.0,0.0,0.0,1.0,0.0,0.0,0.0,-0.1765381391054684,-10.277288921649673,-0.024230724975261835,0.6749987671679644,2531518.0,2531586.0,68.0,454.0610897432072,10.124924111011905,10.31659291987625,-3.072477419910452,466.0,-3.0666993467953154,0.0,0.0,0.0,0.0,0.0,0.0,0.0,0.0,0.0,0.0,0.0,0.0,0.0,-10.025726693995972,0.12285830821007977,0.5291666666666667
23,18086.77753,3.6911574,1,24,2,1,1,1,2,2,-11.82692308,n/a,n/a,2533459.0,2537151.0,0.0,0.0,0.0,2535052.0,2534159.0,2536152.0,2534159.0,2534752.0,2536159.0,2537152.0,3692.0,700.0,593.0,993.0,1993.0,-2536159.0,0.0,0.0,0.0,1.0,0.0,0.0,0.0,-0.17999967124479208,-10.42613480364056,0.1384612855729158,0.1349997534335921,2535028.0,2535104.0,76.0,474.2425362479423,10.246135717114017,10.835224293821192,3.141254815764808,276.0,-3.1141147518412,0.0,0.0,0.0,0.0,0.0,0.0,0.0,0.0,0.0,0.0,0.0,0.0,0.0,-10.053168500925011,0.2539071703008281,0.43333333333333335
24,18090.47702,3.6911339,1,25,2,1,1,1,2,1,-11.82692308,n/a,n/a,2537158.0,2540852.0,0.0,0.0,0.0,2538658.0,2537858.0,2539851.0,2537859.0,2538452.0,2539858.0,2540852.0,3694.0,701.0,593.0,994.0,1993.0,-2539858.0,0.0,0.0,0.0,1.0,0.0,0.0,0.0,0.0692306427864579,-10.969595349514252,-0.09346136776171972,0.21807652477734077,2538642.0,2538710.0,68.0,469.66307372706297,11.043221230545978,11.421379716048339,-3.113378129616262,190.0,-3.11128053393026,1.0,-10.997287606628838,-10.78613414613014,0.22499958905598813,0.15923047840885393,2538712.0,2538731.0,19.0,24.319846629822905,0.2211591277697801,0.2301333200601758,0.3019511618302449,-0.3693336576736199,-10.08747075958631,0.4177182479142665,0.39166666666666666
25,18094.17648,3.508055256,1,26,2,1,1,1,3,2,-11.82692308,n/a,n/a,2540858.0,2544368.0,0.0,0.0,0.0,2542374.0,2541375.0,2543367.0,2541375.0,2542168.0,2543374.0,2544368.0,3510.0,517.0,793.0,994.0,1992.0,-2543374.0,0.0,0.0,0.0,1.0,0.0,0.0,0.0,0.4223069209973947,-12.118824019769454,-0.10038443204036315,-0.328845553235675,2542361.0,2542403.0,42.0,494.9775785502029,12.543211700252748,12.496821392566867,3.1233777210488993,193.0,3.1066844453426907,1.0,-12.129208616187421,-11.429979124044198,-0.328845553235675,-0.1488458819908829,2542405.0,2542433.0,28.0,199.27958986533602,0.7220261521102278,1.8140344042331158,-0.2519552941186393,0.18616848667709432,-10.005145338799192,0.024571661642017528,0.49166666666666664
26,18097.6928,3.7159656,1,27,2,1,1,1,5,1,-11.82692308,n/a,n/a,2544374.0,2548092.0,0.0,0.0,0.0,2546534.0,2545101.0,2547092.0,2545101.0,2546291.0,2547099.0,2548092.0,3718.0,727.0,1190.0,993.0,1991.0,-2547099.0,0.0,0.0,0.0,1.0,0.0,0.0,0.0,-0.24923031403124998,-9.449982740351501,-0.079615239204425,-0.7511524742330696,2546517.0,2546594.0,77.0,479.99530951687615,9.225226689272622,9.557947792321414,3.0687346366599653,226.0,3.0556543523919477,0.0,0.0,0.0,0.0,0.0,0.0,0.0,0.0,0.0,0.0,0.0,0.0,0.0,-9.826773593760437,-0.8272459419478644,0.7083333333333334
27,18101.4171,3.6578128,1,28,2,2,2,2,5,2,-11.82692308,n/a,n/a,2548098.0,2551757.0,0.0,0.0,0.0,2549215.0,2548765.0,2550758.0,2548765.0,2549958.0,2550765.0,2551758.0,3659.0,667.0,1193.0,993.0,1993.0,-2550765.0,0.0,0.0,0.0,0.0,0.0,1.0,0.0,-0.03461532139322895,10.699595842647064,0.1349997534335921,-0.5676912708489539,2549196.0,2549264.0,68.0,486.08273968335584,10.757186620572057,11.233315543962826,0.065369482899522,-762.0,-0.0752593191580365,0.0,0.0,0.0,0.0,0.0,0.0,0.0,0.0,0.0,0.0,0.0,0.0,0.0,0.0,0.0,0.0
28,18105.08337,3.5076952,1,29,2,1,2,1,3,2,-11.82692308,n/a,n/a,2551765.0,2555274.0,0.0,0.0,0.0,2553391.0,2552281.0,2554274.0,2552281.0,2553075.0,2554281.0,2555274.0,3509.0,516.0,794.0,993.0,1993.0,-2554281.0,0.0,0.0,0.0,1.0,0.0,0.0,0.0,-0.020769192835938154,-9.958827964831968,-0.006923064278647363,0.0692306427864579,2553374.0,2553440.0,66.0,445.23917428407816,9.938350544368365,10.235323835009124,-3.133929968320254,299.0,-3.1172402292110726,0.0,0.0,0.0,0.0,0.0,0.0,0.0,0.0,0.0,0.0,0.0,0.0,0.0,-10.039447597460493,0.1883827392554559,0.5458333333333333
29,18108.5994,3.6746512,1,30,2,1,1,2,4,1,-11.82692308,n/a,n/a,2555281.0,2558957.0,0.0,0.0,0.0,2556740.0,2555964.0,2557957.0,2555964.0,2556957.0,2557964.0,2558957.0,3676.0,683.0,993.0,993.0,1993.0,-2557964.0,0.0,0.0,0.0,0.0,0.0,1.0,0.0,-0.062307578507810525,-10.910749303145765,-0.2526918461705697,0.33923014965364207,2556716.0,2556786.0,70.0,431.7597466331087,10.86457820175299,11.33742828763626,-3.087083844572909,-241.0,-0.06660878280988106,0.0,0.0,0.0,0.0,0.0,0.0,0.0,0.0,0.0,0.0,0.0,0.0,0.0,0.0,0.0,0.0
30,18112.28235,3.707671,1,31,2,2,1,1,2,1,-11.82692308,n/a,n/a,2558964.0,2562673.0,0.0,0.0,0.0,2560547.0,2559680.0,2561673.0,2559680.0,2560273.0,2561680.0,2562673.0,3709.0,716.0,593.0,993.0,1993.0,-2561680.0,0.0,0.0,0.0,1.0,0.0,0.0,0.0,0.45346071025129997,10.685749714089777,-0.21115346049869735,-0.6473065100533828,2560528.0,2560596.0,68.0,460.4882303897392,10.241580334143245,10.569533743236077,0.04259938195843522,255.0,0.06489071507359845,0.0,0.0,0.0,0.0,0.0,0.0,0.0,0.0,0.0,0.0,0.0,0.0,0.0,9.939971047342729,0.28666938582351814,0.425
31,18115.99836,3.7244713,1,32,2,1,2,2,4,1,-11.82692308,n/a,n/a,2562680.0,2566406.0,0.0,0.0,0.0,2564673.0,2563413.0,2565405.0,2563413.0,2564406.0,2565413.0,2566406.0,3726.0,733.0,993.0,993.0,1992.0,-2565413.0,0.0,0.0,0.0,1.0,0.0,0.0,0.0,0.31499942467838415,-10.99036454235019,-0.09692289990103947,0.5053836923411433,2564650.0,2564719.0,69.0,449.4404002533929,11.3213968951736,11.652589733502932,-3.088366794612862,244.0,-3.0854185507076455,1.0,-10.983441478071542,-10.730749631900972,0.5157682887591105,0.4949990959231723,2564721.0,2564744.0,23.0,47.89842764542405,0.25354393799132185,0.31575928448388446,0.08200744552618922,-0.22104706267501928,-10.0977614371847,0.4668615711982976,0.6166666666666667
32,18119.73114,3.6661673,1,33,2,1,2,2,5,2,-11.82692308,n/a,n/a,2566412.0,2570080.0,0.0,0.0,0.0,2568512.0,2567089.0,2569081.0,2567089.0,2568279.0,2569087.0,2570080.0,3668.0,677.0,1190.0,993.0,1992.0,-2569087.0,0.0,0.0,0.0,1.0,0.0,0.0,0.0,0.12461515701562499,-10.211519811002539,-0.3115378925390605,0.3946146638828092,2568492.0,2568606.0,114.0,445.6766505109011,10.360228641783394,12.031796252059728,-3.073379827563919,213.0,-3.070182700386053,0.0,0.0,0.0,0.0,0.0,0.0,0.0,0.0,0.0,0.0,0.0,0.0,0.0,-10.166365954507297,0.7944837264251744,0.7
33,18123.40564,3.7327915,1,34,2,1,1,2,5,2,-11.82692308,n/a,n/a,2570087.0,2573821.0,0.0,0.0,0.0,2572520.0,2570830.0,2572821.0,2570830.0,2572020.0,2572828.0,2573822.0,3734.0,743.0,1190.0,994.0,1991.0,-2572828.0,0.0,0.0,0.0,1.0,0.0,0.0,0.0,0.044999917811196055,-9.501905722441345,-0.15923047840885393,-2.5303799938450364,2572503.0,2572586.0,83.0,449.06811305630447,9.836958743861796,10.271562798737234,2.8981502186646884,483.0,0.2555226568660335,0.0,0.0,0.0,0.0,0.0,0.0,0.0,0.0,0.0,0.0,0.0,0.0,0.0,-9.720436591910413,-1.3350602825495206,0.8375
34,18127.14676,3.7994595,1,35,2,2,1,2,4,2,-11.82692308,n/a,n/a,2573828.0,2577629.0,0.0,0.0,0.0,2575971.0,2574638.0,2576629.0,2574638.0,2575628.0,2576636.0,2577629.0,3801.0,810.0,990.0,993.0,1991.0,-2576636.0,0.0,0.0,0.0,1.0,0.0,0.0,0.0,-0.07269217492578157,8.061908352483025,-0.06576911064713421,-0.43269151741536177,2575950.0,2576022.0,72.0,425.2478888244434,8.142871593799585,8.260292809331792,0.04507582933325391,322.0,0.044015178055486145,0.0,0.0,0.0,0.0,0.0,0.0,0.0,0.0,0.0,0.0,0.0,0.0,0.0,10.128633469979867,-0.6142915410503949,0.6541666666666667
35,18130.95454,3.7911372,1,36,2,1,2,2,4,1,-11.82692308,n/a,n/a,2577636.0,2581428.0,0.0,0.0,0.0,2579946.0,2578436.0,2580428.0,2578436.0,2579429.0,2580435.0,2581429.0,3792.0,800.0,993.0,994.0,1992.0,-2580435.0,0.0,0.0,0.0,1.0,0.0,0.0,0.0,0.14538434985156315,-11.464594445437427,0.06576911064713421,0.827306181298171,2579927.0,2579969.0,42.0,488.6488668358536,11.634927861273388,11.606132699450377,-3.076093161483135,498.0,-3.0609777946887413,1.0,-11.464594445437427,-11.170364213594981,0.8238446491588473,0.9761520632890558,2579971.0,2580000.0,29.0,145.52279100981823,0.33131401680141814,1.0481642779979807,-0.4776653823627524,-0.19610022378679498,-10.204098439034727,0.9746759117999577,0.7458333333333333
36,18134.75415,3.7159924,1,37,2,1,2,1,2,2,-11.82692308,n/a,n/a,2581436.0,2585152.0,0.0,0.0,0.0,2583102.0,2582162.0,2584153.0,2582162.0,2582752.0,2584160.0,2585153.0,3716.0,726.0,590.0,993.0,1991.0,-2584160.0,0.0,0.0,0.0,1.0,0.0,0.0,0.0,0.048461449950519736,-8.279984877260365,-0.294230231842446,-0.11423056059765394,2583088.0,2583161.0,73.0,432.7468983854357,8.330391233722501,8.49576632896272,-3.119983382698486,336.0,3.108583856531336,1.0,-8.723060991093694,-8.522292127012967,0.3011532961210934,0.3080763603997368,2584306.0,2584326.0,20.0,37.14320585967748,0.20088819179650996,0.308620390723286,-0.03446910099949654,0.40341903329980977,-9.970843080137893,-0.13923941597142084,0.4625
37,18138.47848,3.5078309,1,38,2,1,2,1,4,1,-11.82692308,n/a,n/a,2585160.0,2588669.0,0.0,0.0,0.0,2586943.0,2585676.0,2587669.0,2585676.0,2586670.0,2587676.0,2588669.0,3509.0,516.0,994.0,993.0,1993.0,-2587676.0,0.0,0.0,0.0,1.0,0.0,0.0,0.0,0.15923047840885393,-10.086904653986913,0.006923064278647363,0.10730749631901051,2586924.0,2587013.0,89.0,465.60002117848256,10.246626868658334,10.85973552828463,-3.1317956697456144,254.0,-3.113220167265969,0.0,0.0,0.0,0.0,0.0,0.0,0.0,0.0,0.0,0.0,0.0,0.0,0.0,-10.10462188891696,0.4996237867209876,0.625
38,18141.99484,3.7409283,1,39,2,2,1,1,3,2,-11.82692308,n/a,n/a,2588676.0,2592418.0,0.0,0.0,0.0,2590419.0,2589426.0,2591419.0,2589426.0,2590219.0,2591426.0,2592418.0,3742.0,750.0,793.0,992.0,1993.0,-2591426.0,0.0,0.0,0.0,1.0,0.0,0.0,0.0,-0.04153838567187631,10.124981507519466,-0.017307660696614473,-0.4880760316445289,2590405.0,2590465.0,60.0,531.9333684098019,10.177413698859857,12.125890860793849,0.04627270006670784,186.0,0.06341599617492098,1.0,10.124981507519466,10.36036569299342,-0.4846144995052052,-0.6092296565208302,2590467.0,2590494.0,27.0,96.84388432041902,0.26633560056677785,0.769332818686637,0.4868992318112744,0.27335532352343445,9.991424435334677,0.04095276940335861,0.4875
39,18145.7441,3.6911316,1,40,2,1,2,1,2,1,-11.82692308,n/a,n/a,2592425.0,2596118.0,0.0,0.0,0.0,2593935.0,2593125.0,2595118.0,2593125.0,2593718.0,2595125.0,2596118.0,3693.0,700.0,593.0,993.0,1993.0,-2595125.0,0.0,0.0,0.0,1.0,0.0,0.0,0.0,-0.12807668915494866,-11.080364377972586,-0.11769209273697762,0.017307660696614473,2593921.0,2593962.0,41.0,443.7490540993612,10.95311967213239,10.954064807269685,-3.1292671083836754,203.0,-3.123579431459776,1.0,-11.076902845833262,-10.529980767820247,0.020769192835938154,0.079615239204425,2593964.0,2594002.0,38.0,152.16858362809143,0.550078736719824,1.339572686939541,-0.10718259999367633,0.12435499454676034,-9.919389692145945,-0.3849560323915804,0.4
40,18149.44371,3.5076857,1,41,2,1,2,2,2,2,-11.82692308,n/a,n/a,2596125.0,2599634.0,0.0,0.0,0.0,2597518.0,2596641.0,2598634.0,2596641.0,2597235.0,2598641.0,2599635.0,3509.0,516.0,594.0,994.0,1993.0,-2598641.0,0.0,0.0,0.0,1.0,0.0,0.0,0.0,-0.16615354268749735,-10.225365939559829,-0.16615354268749735,-0.2423072497526026,2597489.0,2597563.0,74.0,474.17304969889165,10.059500655225873,10.13240126051149,3.1340222545126593,254.0,3.103320752361885,0.0,0.0,0.0,0.0,0.0,0.0,0.0,0.0,0.0,0.0,0.0,0.0,0.0,-9.939971047342725,-0.28666938582351814,0.425
41,18152.95974,3.9994095,1,42,2,1,2,2,4,1,-11.82692308,n/a,n/a,2599641.0,2603642.0,0.0,0.0,0.0,2601891.0,2600651.0,2602642.0,2600651.0,2601641.0,2602649.0,2603642.0,4001.0,1010.0,990.0,993.0,1991.0,-2602649.0,0.0,1.0,0.0,0.0,0.0,0.0,0.0,0.0,0.0,0.0,0.0,0.0,0.0,0.0,0.0,0.0,0.0,0.0,0.0,0.0,0.0,0.0,0.0,0.0,0.0,0.0,0.0,0.0,0.0,0.0,0.0,0.0,0.0,0.0,0.0,0.0
42,18156.96748,3.7327994,1,43,2,2,1,2,3,2,-11.82692308,n/a,n/a,2603648.0,2607383.0,0.0,0.0,0.0,2605458.0,2604391.0,2606383.0,2604391.0,2605182.0,2606390.0,2607383.0,3735.0,743.0,791.0,993.0,1992.0,-2606390.0,0.0,0.0,0.0,1.0,0.0,0.0,0.0,0.18346120338411182,11.509594363248624,0.010384596417967108,-0.7615370706510368,2605434.0,2605481.0,47.0,466.43351723062074,11.35240747220928,11.34840228602327,0.06804880281714408,252.0,0.07174210563589517,1.0,11.509594363248624,10.388057950108003,-0.7511524742330696,-1.0280750453789012,2605483.0,2605505.0,22.0,82.27967965806837,1.1552186097922539,1.1345432320704665,2.899520959018675,2.872932260152105,10.018866242263716,-0.09009609268738973,0.5208333333333334
43,18160.7086,3.9744661,1,44,2,1,1,1,4,1,-11.82692308,n/a,n/a,2607390.0,2611366.0,0.0,0.0,0.0,2609156.0,2608373.0,2610365.0,2608373.0,2609366.0,2610373.0,2611366.0,3976.0,983.0,993.0,993.0,1992.0,-2610373.0,0.0,1.0,0.0,0.0,0.0,0.0,0.0,0.0,0.0,0.0,0.0,0.0,0.0,0.0,0.0,0.0,0.0,0.0,0.0,0.0,0.0,0.0,0.0,0.0,0.0,0.0,0.0,0.0,0.0,0.0,0.0,0.0,0.0,0.0,0.0,0.0
44,18164.6914,3.766127,1,45,2,2,2,1,2,1,-11.82692308,n/a,n/a,2611372.0,2615140.0,0.0,0.0,0.0,2612289.0,2612148.0,2614141.0,2612149.0,2612740.0,2614147.0,2615140.0,3768.0,777.0,591.0,993.0,1993.0,-2614147.0,0.0,1.0,0.0,0.0,0.0,0.0,0.0,0.0,0.0,0.0,0.0,0.0,0.0,0.0,0.0,0.0,0.0,0.0,0.0,0.0,0.0,0.0,0.0,0.0,0.0,0.0,0.0,0.0,0.0,0.0,0.0,0.0,0.0,0.0,0.0,0.0
45,18168.46586,3.7244691,1,46,2,1,1,2,5,1,-11.82692308,n/a,n/a,2615147.0,2618873.0,0.0,0.0,0.0,2617323.0,2615880.0,2617873.0,2615880.0,2617073.0,2617880.0,2618874.0,3726.0,733.0,1193.0,994.0,1993.0,-2617880.0,0.0,0.0,0.0,1.0,0.0,0.0,0.0,0.4569222423906236,-10.824210999662693,-0.09692289990103947,-1.1076902845833263,2617301.0,2617370.0,69.0,454.3838733892092,11.326324113802228,11.76455870272636,3.0522332277350133,228.0,3.0339897509659197,1.0,-10.824210999662693,-10.443442464337174,-1.1076902845833263,-1.211536248763013,2617372.0,2617393.0,21.0,85.2303445413448,0.3946753878446809,0.5423459802021464,0.2662520491509254,0.24497866312686065,-9.823343367894308,-0.8436270497092054,0.7125
46,18172.19879,3.6076886,1,47,2,2,1,1,5,2,-11.82692308,n/a,n/a,2618880.0,2622489.0,0.0,0.0,0.0,2620896.0,2619496.0,2621489.0,2619496.0,2620689.0,2621496.0,2622490.0,3609.0,616.0,1193.0,994.0,1993.0,-2621496.0,0.0,0.0,0.0,1.0,0.0,0.0,0.0,0.2526918461705697,9.98652022194655,-0.006923064278647363,-2.419610965386702,2620873.0,2620983.0,110.0,553.6317602298961,10.028383606405114,11.078637802946353,0.2429694569565235,184.0,0.22754826243349616,1.0,9.249213876270776,9.408444354679625,-1.4226897092617103,-1.3084591486640524,2621191.0,2621219.0,28.0,46.904860387766206,0.19596674776289583,0.3234264174138652,-0.6223028711872267,-0.8308214428190093,10.156075276908906,-0.7453404031411432,0.6875
47,18175.8148,3.7246024,1,48,2,2,2,2,2,1,-11.82692308,n/a,n/a,2622496.0,2626222.0,0.0,0.0,0.0,2624056.0,2623229.0,2625222.0,2623229.0,2623822.0,2625229.0,2626222.0,3726.0,733.0,593.0,993.0,1993.0,-2625229.0,0.0,0.0,0.0,1.0,0.0,0.0,0.0,-0.1211536248763013,10.152673764634047,-0.44999917811197626,-0.1765381391054684,2624035.0,2624121.0,86.0,500.5692118894132,10.27746613564392,11.293176323274533,-0.0266109674320905,213.0,0.05796385772776517,0.0,0.0,0.0,0.0,0.0,0.0,0.0,0.0,0.0,0.0,0.0,0.0,0.0,10.077180081987919,-0.3685749246302354,0.4041666666666667
48,18179.54774,3.5410331,1,49,2,1,2,2,1,2,-11.82692308,n/a,n/a,2626229.0,2629771.0,0.0,0.0,0.0,2627471.0,2626779.0,2628771.0,2626779.0,2627172.0,2628778.0,2629771.0,3542.0,550.0,393.0,993.0,1992.0,-2628778.0,0.0,0.0,0.0,1.0,0.0,0.0,0.0,0.05192298208984342,-9.512290318859312,-0.2284611211953118,-0.623075785078121,2627457.0,2627510.0,53.0,437.30917692771004,9.572350641248162,10.277821137381272,3.100356541815943,285.0,3.0886909628032013,0.0,0.0,0.0,0.0,0.0,0.0,0.0,0.0,0.0,0.0,0.0,0.0,0.0,-9.867936304153998,-0.630672648811736,0.3375
49,18183.09713,3.9245348,1,50,2,1,1,1,2,1,-11.82692308,n/a,n/a,2629778.0,2633704.0,0.0,0.0,0.0,2631071.0,2630711.0,2632704.0,2630711.0,2631304.0,2632711.0,2633704.0,3926.0,933.0,593.0,993.0,1993.0,-2632711.0,0.0,1.0,0.0,0.0,0.0,0.0,0.0,0.0,0.0,0.0,0.0,0.0,0.0,0.0,0.0,0.0,0.0,0.0,0.0,0.0,0.0,0.0,0.0,0.0,0.0,0.0,0.0,0.0,0.0,0.0,0.0,0.0,0.0,0.0,0.0,0.0
50,18187.02989,3.9327533,1,51,2,2,1,2,3,1,-11.82692308,n/a,n/a,2633711.0,2637645.0,0.0,0.0,0.0,2635044.0,2634654.0,2636646.0,2634654.0,2635445.0,2636652.0,2637645.0,3934.0,943.0,791.0,993.0,1992.0,-2636652.0,0.0,1.0,0.0,0.0,0.0,0.0,0.0,0.0,0.0,0.0,0.0,0.0,0.0,0.0,0.0,0.0,0.0,0.0,0.0,0.0,0.0,0.0,0.0,0.0,0.0,0.0,0.0,0.0,0.0,0.0,0.0,0.0,0.0,0.0,0.0,0.0
51,18190.97096,3.5079308,1,52,2,2,1,1,2,1,-11.82692308,n/a,n/a,2637652.0,2641161.0,0.0,0.0,0.0,2638312.0,2638168.0,2640161.0,2638168.0,2638762.0,2640168.0,2641162.0,3509.0,516.0,594.0,994.0,1993.0,-2640168.0,0.0,1.0,0.0,0.0,0.0,0.0,0.0,0.0,0.0,0.0,0.0,0.0,0.0,0.0,0.0,0.0,0.0,0.0,0.0,0.0,0.0,0.0,0.0,0.0,0.0,0.0,0.0,0.0,0.0,0.0,0.0,0.0,0.0,0.0,0.0,0.0
52,18194.48719,3.774423,1,53,2,1,2,1,4,1,-11.82692308,n/a,n/a,2641168.0,2644944.0,0.0,0.0,0.0,2643178.0,2641952.0,2643944.0,2641952.0,2642945.0,2643951.0,2644944.0,3776.0,784.0,993.0,993.0,1992.0,-2643951.0,0.0,0.0,0.0,1.0,0.0,0.0,0.0,0.9899981918463486,-10.211519811002539,-0.10384596417968683,0.4430761138333289,2643153.0,2643234.0,81.0,443.5149732140411,11.214861984329803,11.938347111229705,-3.0928056867842235,208.0,-3.0832795196689617,0.0,0.0,0.0,0.0,0.0,0.0,0.0,0.0,0.0,0.0,0.0,0.0,0.0,-10.084040533720179,0.4013371401529215,0.6
53,18198.26994,3.7494452,1,54,2,1,2,2,1,1,-11.82692308,n/a,n/a,2644951.0,2648702.0,0.0,0.0,0.0,2646267.0,2645710.0,2647702.0,2645710.0,2646101.0,2647709.0,2648702.0,3751.0,759.0,391.0,993.0,1992.0,-2647709.0,0.0,0.0,0.0,1.0,0.0,0.0,0.0,-0.4742299030872381,-11.149595020759044,-0.044999917811196055,-0.2423072497526026,2646252.0,2646316.0,64.0,437.9153589730206,10.677188327403513,10.98154745413072,3.1231122674408045,151.0,3.111327536296966,0.0,0.0,0.0,0.0,0.0,0.0,0.0,0.0,0.0,0.0,0.0,0.0,0.0,-9.813052690295919,-0.8927703729932366,0.2708333333333333
54,18202.02772,3.6994656,1,55,2,1,2,2,5,2,-11.82692308,n/a,n/a,2648708.0,2652410.0,0.0,0.0,0.0,2649475.0,2649418.0,2651409.0,2649418.0,2650610.0,2651416.0,2652410.0,3702.0,710.0,1192.0,994.0,1991.0,-2651416.0,0.0,1.0,0.0,0.0,0.0,0.0,0.0,0.0,0.0,0.0,0.0,0.0,0.0,0.0,0.0,0.0,0.0,0.0,0.0,0.0,0.0,0.0,0.0,0.0,0.0,0.0,0.0,0.0,0.0,0.0,0.0,0.0,0.0,0.0,0.0,0.0
55,18205.73563,3.5077237,1,56,2,2,1,2,3,2,-11.82692308,n/a,n/a,2652416.0,2655925.0,0.0,0.0,0.0,2653483.0,2652933.0,2654926.0,2652933.0,2653726.0,2654933.0,2655925.0,3509.0,517.0,793.0,992.0,1993.0,-2654933.0,0.0,0.0,0.0,0.0,0.0,1.0,0.0,0.1765381391054684,9.868828129209568,-0.328845553235675,0.09692289990103947,2653454.0,2653541.0,87.0,524.8107152199626,9.701637182865507,10.603116502310476,-0.04390034749461431,-272.0,-0.07286585675053057,0.0,0.0,0.0,0.0,0.0,0.0,0.0,0.0,0.0,0.0,0.0,0.0,0.0,0.0,0.0,0.0
56,18209.25167,3.5078508,1,57,2,2,1,1,5,1,-11.82692308,n/a,n/a,2655932.0,2659442.0,0.0,0.0,0.0,2657858.0,2656449.0,2658442.0,2656449.0,2657642.0,2658449.0,2659442.0,3510.0,517.0,1193.0,993.0,1993.0,-2658449.0,0.0,0.0,0.0,1.0,0.0,0.0,0.0,0.031153789253905263,10.30151964662493,-0.46730683880859075,-1.1873055237877512,2657841.0,2657918.0,77.0,544.2604212340855,10.295572492611774,10.861717534808195,0.06998997405139162,199.0,0.06601698940613164,0.0,0.0,0.0,0.0,0.0,0.0,0.0,0.0,0.0,0.0,0.0,0.0,0.0,10.162935728641166,-0.7781026186638332,0.6958333333333333
57,18212.76786,3.6828912,1,58,2,2,2,2,5,2,-11.82692308,n/a,n/a,2659449.0,2663133.0,0.0,0.0,0.0,2661592.0,2660141.0,2662133.0,2660141.0,2661332.0,2662140.0,2663133.0,3684.0,692.0,1191.0,993.0,1992.0,-2662140.0,0.0,0.0,0.0,1.0,0.0,0.0,0.0,0.19384579980208289,10.277288921649676,-0.0553845142291671,1.0384596417968683,2661574.0,2661631.0,57.0,509.8845196728219,10.142599283675159,10.895639114234301,-0.10805669185355436,242.0,-0.10886793774499726,0.0,0.0,0.0,0.0,0.0,0.0,0.0,0.0,0.0,0.0,0.0,0.0,0.0,9.81991314202818,0.8600081574705505,0.7166666666666667
58,18216.45901,3.8161281,1,59,2,2,2,2,1,2,-11.82692308,n/a,n/a,2663140.0,2666957.0,0.0,0.0,0.0,2664573.0,2663966.0,2665957.0,2663967.0,2664356.0,2665965.0,2666957.0,3817.0,827.0,389.0,992.0,1991.0,-2665965.0,0.0,0.0,0.0,1.0,0.0,0.0,0.0,0.33923014965364207,10.709980439065038,0.10384596417968683,-0.16961507482682103,2664557.0,2664637.0,80.0,553.9127462152964,10.37435504044377,10.907885915268873,0.026362382556093897,201.0,-0.037137569479215767,0.0,0.0,0.0,0.0,0.0,0.0,0.0,0.0,0.0,0.0,0.0,0.0,0.0,10.1663659545073,-0.7944837264251744,0.29583333333333334
59,18220.28348,3.5078085,1,60,2,2,2,1,5,1,-11.82692308,n/a,n/a,2666964.0,2670473.0,0.0,0.0,0.0,2668197.0,2667481.0,2669474.0,2667481.0,2668674.0,2669480.0,2670473.0,3509.0,517.0,1193.0,993.0,1993.0,-2669480.0,0.0,0.0,0.0,0.0,0.0,1.0,0.0,-0.21807652477734077,8.653830348307237,0.079615239204425,-0.33230708537499865,2668176.0,2668226.0,50.0,492.0522581609788,8.88146449444979,9.124977562688818,0.046396644303096805,-498.0,-0.04857550655271182,0.0,0.0,0.0,0.0,0.0,0.0,0.0,0.0,0.0,0.0,0.0,0.0,0.0,0.0,0.0,0.0
60,18223.79963,3.6828217,1,61,2,2,1,2,2,2,-11.82692308,n/a,n/a,2670480.0,2674165.0,0.0,0.0,0.0,2671790.0,2671174.0,2673165.0,2671174.0,2671763.0,2673172.0,2674165.0,3685.0,694.0,589.0,993.0,1991.0,-2673172.0,0.0,0.0,0.0,1.0,0.0,0.0,0.0,-0.03807685353255263,8.54998438412755,-0.1626920105481776,0.19730733194140657,2671769.0,2671832.0,63.0,398.2024299571208,8.595603256804777,8.940623564756098,-0.04189405441517611,6.0,-3.0869746755739342,0.0,0.0,0.0,0.0,0.0,0.0,0.0,0.0,0.0,0.0,0.0,0.0,0.0,9.833634045492696,0.7944837264251744,0.29583333333333334
61,18227.49091,3.9992953,1,62,2,2,2,2,4,1,-11.82692308,n/a,n/a,2674172.0,2678173.0,0.0,0.0,0.0,2676447.0,2675181.0,2677172.0,2675181.0,2676171.0,2677179.0,2678173.0,4001.0,1009.0,990.0,994.0,1991.0,-2677179.0,0.0,1.0,0.0,0.0,0.0,0.0,0.0,0.0,0.0,0.0,0.0,0.0,0.0,0.0,0.0,0.0,0.0,0.0,0.0,0.0,0.0,0.0,0.0,0.0,0.0,0.0,0.0,0.0,0.0,0.0,0.0,0.0,0.0,0.0,0.0,0.0
62,18231.49867,3.64935,1,63,2,1,1,1,3,2,-11.82692308,n/a,n/a,2678179.0,2681830.0,0.0,0.0,0.0,2681129.0,2678839.0,2680829.0,2678839.0,2679629.0,2680838.0,2681830.0,3651.0,660.0,790.0,992.0,1990.0,-2680838.0,0.0,0.0,0.0,0.0,0.0,0.0,1.0,-0.46730683880859075,-9.941520304135354,-0.6611526386106736,-3.523839717830705,2681109.0,2681170.0,61.0,451.93178495629996,9.897257099828835,10.403150385956945,2.848159378485729,1480.0,2.857625520186424,0.0,0.0,0.0,0.0,0.0,0.0,0.0,0.0,0.0,0.0,0.0,0.0,0.0,0.0,0.0,0.0
63,18235.15635,3.841086,1,64,2,2,2,1,2,2,-11.82692308,n/a,n/a,2681837.0,2685680.0,0.0,0.0,0.0,2683230.0,2682687.0,2684679.0,2682687.0,2683280.0,2684686.0,2685680.0,3843.0,850.0,593.0,994.0,1992.0,-2684686.0,0.0,0.0,0.0,1.0,0.0,0.0,0.0,0.20423039622005,8.89613759805984,-0.11769209273697762,-0.44999917811197626,2683217.0,2683291.0,74.0,436.9596892209034,8.69825722799601,8.84001100536977,0.03821316908366964,-63.0,0.05445591130127908,1.0,10.876133981752536,10.900364706727798,-0.8480753741341092,-0.8169215848802038,2683926.0,2683947.0,21.0,38.13362928191966,0.03946753878446844,0.24947058239326153,-0.909753157944166,-0.5070985043923247,10.190377535570205,-0.9091514807545816,0.26666666666666666
64,18239.0058,3.5077907,1,65,2,2,1,1,2,2,-11.82692308,n/a,n/a,2685686.0,2689195.0,0.0,0.0,0.0,2687179.0,2686203.0,2688196.0,2686203.0,2686796.0,2688203.0,2689195.0,3509.0,517.0,593.0,992.0,1993.0,-2688203.0,0.0,0.0,0.0,1.0,0.0,0.0,0.0,0.05192298208984342,8.819983890994733,-0.12807668915494866,-0.6334603814960881,2687160.0,2687240.0,80.0,499.2805985032604,8.78261377829803,9.037951703653146,0.057575458971083696,364.0,0.06170208412303158,0.0,0.0,0.0,0.0,0.0,0.0,0.0,0.0,0.0,0.0,0.0,0.0,0.0,9.984563983602417,0.07371498492604865,0.4791666666666667
65,18242.52193,3.5078928,1,66,2,1,2,2,2,2,-11.82692308,n/a,n/a,2689202.0,2692711.0,0.0,0.0,0.0,2690636.0,2689719.0,2691712.0,2689719.0,2690313.0,2691719.0,2692712.0,3509.0,517.0,594.0,993.0,1993.0,-2691719.0,0.0,0.0,0.0,1.0,0.0,0.0,0.0,-0.03461532139322895,-10.339596500157487,-0.28730716756379865,-0.2319226533346355,2690621.0,2690707.0,86.0,455.3526788363743,10.305130010781136,10.569772374919262,-3.1362181672122937,308.0,3.1235795349491577,0.0,0.0,0.0,0.0,0.0,0.0,0.0,0.0,0.0,0.0,0.0,0.0,0.0,-9.960552402539506,-0.18838273925545196,0.45
66,18246.03811,3.8411364,1,67,2,2,1,2,1,1,-11.82692308,n/a,n/a,2692719.0,2696562.0,0.0,0.0,0.0,2694268.0,2693569.0,2695561.0,2693569.0,2693962.0,2695568.0,2696562.0,3843.0,850.0,393.0,994.0,1992.0,-2695568.0,0.0,0.0,0.0,1.0,0.0,0.0,0.0,0.758075538511713,9.044983480050721,0.19730733194140657,-0.12807668915494866,2694258.0,2694312.0,54.0,414.8105454574274,8.293293555200316,8.59383618992983,0.039244668837926565,296.0,0.03666232346843388,1.0,9.038060415772074,10.99382607448951,-0.12807668915494866,0.21461499263802103,2694314.0,2694356.0,42.0,107.08083054032718,1.9855621119946203,2.230741946825112,-0.1734603232129042,0.19678691719831795,9.874796755886257,0.5979104332890499,0.3458333333333333
67,18249.88758,3.6994282,1,68,2,2,1,1,2,2,-11.82692308,n/a,n/a,2696568.0,2700269.0,0.0,0.0,0.0,2698461.0,2697278.0,2699269.0,2697278.0,2697868.0,2699276.0,2700269.0,3701.0,710.0,590.0,993.0,1991.0,-2699276.0,0.0,0.0,0.0,1.0,0.0,0.0,0.0,-0.36692240676822757,10.356904160854102,-0.41538385671874734,-2.184226779912747,2698442.0,2698517.0,75.0,493.0280558483533,10.868728607310793,11.676844399688036,0.16347319859080284,574.0,0.16227330154835112,0.0,0.0,0.0,0.0,0.0,0.0,0.0,0.0,0.0,0.0,0.0,0.0,0.0,10.070319630255664,-0.33581270910754923,0.5833333333333334
68,18253.59534,3.6745117,1,69,2,1,1,2,2,2,-11.82692308,n/a,n/a,2700276.0,2703952.0,0.0,0.0,0.0,2701892.0,2700959.0,2702951.0,2700959.0,2701552.0,2702959.0,2703952.0,3676.0,683.0,593.0,993.0,1992.0,-2702959.0,0.0,0.0,0.0,1.0,0.0,0.0,0.0,-0.294230231842446,-10.142289168216081,-0.7303832813971315,-1.0107673846822867,2701869.0,2701943.0,74.0,403.2701449345296,9.852049535993189,10.150791758288404,3.113129340938141,317.0,3.100659898335647,0.0,0.0,0.0,0.0,0.0,0.0,0.0,0.0,0.0,0.0,0.0,0.0,0.0,-10.036017371594362,0.17200163149411088,0.45416666666666666
69,18257.27818,3.791131,1,70,2,1,1,1,2,2,-11.82692308,n/a,n/a,2703959.0,2707751.0,0.0,0.0,0.0,2705818.0,2704759.0,2706752.0,2704759.0,2705351.0,2706758.0,2707751.0,3792.0,800.0,592.0,993.0,1993.0,-2706758.0,0.0,0.0,0.0,1.0,0.0,0.0,0.0,-0.6023065922421829,-11.59959419887102,-0.4949990959231723,-1.2530746344348893,2705802.0,2705857.0,55.0,447.90146715802655,11.023384835203842,11.400650560830252,3.0727685718461792,451.0,3.047634081339107,1.0,-10.225365939559829,-10.668442053393163,-0.22499958905598813,-0.20769192835937367,2707191.0,2707215.0,24.0,78.09785565281179,0.4434140252274816,0.6288375952590289,-3.1025500036346263,-2.9701092192836915,-9.981133757736286,-0.09009609268738973,0.5208333333333334
70,18261.07764,3.633058669,1,71,2,1,2,1,3,1,-11.82692308,n/a,n/a,2707758.0,2711392.0,0.0,0.0,0.0,2709491.0,2708401.0,2710393.0,2708401.0,2709191.0,2710399.0,2711393.0,3634.0,643.0,790.0,994.0,1992.0,-2710399.0,0.0,0.0,0.0,1.0,0.0,0.0,0.0,-0.30461482826041314,-10.43998093219785,-0.36692240676822757,0.079615239204425,2709475.0,2709528.0,53.0,473.9546974023596,10.145197973924152,11.279867093580162,-3.097563749281262,284.0,3.1013809262774212,0.0,0.0,0.0,0.0,0.0,0.0,0.0,0.0,0.0,0.0,0.0,0.0,0.0,-10.03258714572823,0.15562052373276586,0.5375
71,18264.71898,3.9909253,1,72,2,2,1,1,4,1,-11.82692308,n/a,n/a,2711399.0,2715391.0,0.0,0.0,0.0,2713582.0,2712399.0,2714392.0,2712399.0,2713392.0,2714399.0,2715392.0,3992.0,1000.0,993.0,993.0,1993.0,-2714399.0,0.0,1.0,0.0,0.0,0.0,0.0,0.0,0.0,0.0,0.0,0.0,0.0,0.0,0.0,0.0,0.0,0.0,0.0,0.0,0.0,0.0,0.0,0.0,0.0,0.0,0.0,0.0,0.0,0.0,0.0,0.0,0.0,0.0,0.0,0.0,0.0
72,18268.71824,3.5078454,1,73,2,2,1,1,2,2,-11.82692308,n/a,n/a,2715399.0,2718908.0,0.0,0.0,0.0,2716758.0,2715915.0,2717908.0,2715915.0,2716508.0,2717915.0,2718908.0,3509.0,516.0,593.0,993.0,1993.0,-2717915.0,0.0,0.0,0.0,1.0,0.0,0.0,0.0,0.08307677134374868,9.3288291154752,-0.5988450601028592,-0.9346136776171815,2716738.0,2716790.0,52.0,470.07109395793,9.251847219529715,9.446389925300506,0.03630003401982494,230.0,0.053892717655049445,0.0,0.0,0.0,0.0,0.0,0.0,0.0,0.0,0.0,0.0,0.0,0.0,0.0,9.929680369744332,0.33581270910754923,0.4125
73,18272.23441,3.5079913,1,74,2,2,1,1,3,2,-11.82692308,n/a,n/a,2718915.0,2722424.0,0.0,0.0,0.0,2720524.0,2719431.0,2721425.0,2719431.0,2720224.0,2721431.0,2722424.0,3509.0,516.0,793.0,993.0,1994.0,-2721431.0,0.0,0.0,0.0,1.0,0.0,0.0,0.0,-0.2388457176132789,10.052289332593688,-0.623075785078121,-1.291151487967438,2720504.0,2720584.0,80.0,576.4848391416599,10.312797184391314,10.662241053753904,0.06482662762454804,280.0,0.07734458611018291,1.0,3.468455203601542,3.433839882208313,-0.9796135954283776,-0.9796135954283776,2722205.0,2722225.0,20.0,90.6961055500706,0.03461532139322895,0.29372074188124747,3.141592653589793,-2.356194490192345,10.03258714572823,-0.15562052373276586,0.5375
74,18275.75071,3.6410146,1,75,2,1,2,1,2,2,-11.82692308,n/a,n/a,2722431.0,2726073.0,0.0,0.0,0.0,2723514.0,2723081.0,2725074.0,2723081.0,2723673.0,2725080.0,2726073.0,3642.0,650.0,592.0,993.0,1993.0,-2725080.0,0.0,0.0,0.0,0.0,0.0,1.0,0.0,0.010384596417967108,-9.366905969007753,-0.1349997534335921,-1.0349981096575447,2723487.0,2723573.0,86.0,420.3260018516588,9.420380851623147,9.85934776797689,3.045909354770129,-186.0,3.048771294866409,0.0,0.0,0.0,0.0,0.0,0.0,0.0,0.0,0.0,0.0,0.0,0.0,0.0,0.0,0.0,0.0
75,18279.40004,3.9827815,1,76,2,2,2,2,4,2,-11.82692308,n/a,n/a,2726080.0,2730064.0,0.0,0.0,0.0,2728306.0,2727074.0,2729065.0,2727074.0,2728063.0,2729072.0,2730065.0,3984.0,994.0,989.0,993.0,1991.0,-2729072.0,0.0,1.0,0.0,0.0,0.0,0.0,0.0,0.0,0.0,0.0,0.0,0.0,0.0,0.0,0.0,0.0,0.0,0.0,0.0,0.0,0.0,0.0,0.0,0.0,0.0,0.0,0.0,0.0,0.0,0.0,0.0,0.0,0.0,0.0,0.0,0.0
76,18283.39115,3.5161653,1,77,2,1,2,1,5,1,-11.82692308,n/a,n/a,2730071.0,2733589.0,0.0,0.0,0.0,2732064.0,2730598.0,2732589.0,2730598.0,2731788.0,2732596.0,2733589.0,3518.0,527.0,1190.0,993.0,1991.0,-2732596.0,0.0,0.0,0.0,1.0,0.0,0.0,0.0,-0.1765381391054684,-10.201135214584571,-0.3426916817929658,0.8065369884622328,2732045.0,2732127.0,82.0,479.06418157193775,10.09025634274178,10.603868533516106,-3.0274500699568643,257.0,-3.0234731533979526,0.0,0.0,0.0,0.0,0.0,0.0,0.0,0.0,0.0,0.0,0.0,0.0,0.0,-10.186947309704077,0.8927703729932366,0.725
77,18286.91568,3.7744284,1,78,2,1,2,2,2,2,-11.82692308,n/a,n/a,2733596.0,2737372.0,0.0,0.0,0.0,2735589.0,2734379.0,2736372.0,2734379.0,2734972.0,2736379.0,2737372.0,3776.0,783.0,593.0,993.0,1993.0,-2736379.0,0.0,0.0,0.0,1.0,0.0,0.0,0.0,0.03807685353255263,-9.668059265128843,-0.2007688640807263,0.8861522276666618,2735571.0,2735630.0,59.0,370.13493402150834,9.766804790394279,10.698249108782374,-3.030074375877231,599.0,-3.037867358830998,1.0,-9.678443861546814,-10.266904325231705,0.872306099109371,0.8653830348307235,2735632.0,2735652.0,20.0,82.74357171065392,0.5885011861833793,0.711511174018817,3.129828490440032,-3.068552088286674,-10.080610307854053,0.3849560323915804,0.5958333333333333
78,18290.71517,3.5077771,1,79,2,2,1,1,4,2,-11.82692308,n/a,n/a,2737397.0,2740905.0,0.0,0.0,0.0,2739130.0,2737914.0,2739905.0,2737914.0,2738904.0,2739912.0,2740905.0,3508.0,517.0,990.0,993.0,1991.0,-2739912.0,0.0,0.0,0.0,1.0,0.0,0.0,0.0,-0.08999983562239604,9.796135954283791,-0.20423039622005,-0.8896137598059854,2739113.0,2739170.0,57.0,480.7643911361878,9.909865347800867,10.737376977724264,0.069216979552192,209.0,0.06678260878883455,1.0,9.782289825726496,9.758059100751243,-0.8965368240846289,-0.9069214205025999,2739176.0,2739195.0,19.0,32.49254336338268,0.026362243371733998,0.2291942094182636,2.7367008673045334,-2.7049654937762426,10.084040533720179,-0.4013371401529215,0.6
79,18294.23142,3.5076907,1,80,2,2,2,1,4,2,-11.82692308,n/a,n/a,2740912.0,2744420.0,0.0,0.0,0.0,2743054.0,2741428.0,2743421.0,2741428.0,2742421.0,2743428.0,2744421.0,3508.0,516.0,993.0,993.0,1993.0,-2743428.0,0.0,0.0,0.0,1.0,0.0,0.0,0.0,-0.294230231842446,9.664597732989522,-0.373845471046871,1.0799980274687426,2743026.0,2743105.0,79.0,576.9638485510524,10.064388473786938,10.605800630614521,-0.14496139639150132,605.0,-0.14443570597024685,0.0,0.0,0.0,0.0,0.0,0.0,0.0,0.0,0.0,0.0,0.0,0.0,0.0,9.751308624705581,1.1876303126974272,0.8
80,18297.74757,3.7243935,1,81,2,2,1,1,1,1,-11.82692308,n/a,n/a,2744428.0,2748154.0,0.0,0.0,0.0,2745961.0,2745161.0,2747154.0,2745161.0,2745554.0,2747160.0,2748154.0,3726.0,733.0,393.0,994.0,1993.0,-2747160.0,0.0,0.0,0.0,1.0,0.0,0.0,0.0,-0.328845553235675,10.498826978566337,-0.5123067566197868,-1.2184593130416603,2745937.0,2746024.0,87.0,537.2928418006641,10.850674812604096,11.187991568778191,0.06512516333438619,383.0,0.0662594519372704,0.0,0.0,0.0,0.0,0.0,0.0,0.0,0.0,0.0,0.0,0.0,0.0,0.0,9.909099014547555,0.4340993556756115,0.3875
81,18301.48032,3.507741,1,82,2,2,1,1,5,1,-11.82692308,n/a,n/a,2748161.0,2751670.0,0.0,0.0,0.0,2749003.0,2748677.0,2750670.0,2748677.0,2749870.0,2750677.0,2751670.0,3509.0,516.0,1193.0,993.0,1993.0,-2750677.0,0.0,0.0,0.0,0.0,0.0,1.0,0.0,-0.0553845142291671,8.04460069178641,-0.4846144995052052,0.14538434985156315,2748990.0,2749034.0,44.0,390.2897741133133,8.124448220517012,8.033648598816189,-0.07762150873739364,-880.0,-0.11313152141573429,0.0,0.0,0.0,0.0,0.0,0.0,0.0,0.0,0.0,0.0,0.0,0.0,0.0,0.0,0.0,0.0
82,18304.99638,3.6411721,1,83,2,1,1,1,4,1,-11.82692308,n/a,n/a,2751676.0,2755319.0,0.0,0.0,0.0,2753543.0,2752326.0,2754320.0,2752326.0,2753319.0,2754326.0,2755319.0,3643.0,650.0,993.0,993.0,1994.0,-2754326.0,0.0,0.0,0.0,1.0,0.0,0.0,0.0,-0.26307644258854074,-10.135366103937432,-0.26653797472786445,-0.294230231842446,2753528.0,2753598.0,70.0,480.6702274646011,9.87232850034278,11.60715370098328,3.138787611858389,209.0,3.105499710235453,1.0,-10.145750700355403,-10.58190374991009,-0.28038410328515523,-0.2769225711458316,2753600.0,2753625.0,25.0,112.59442910809015,0.4361667855770353,0.8514243286808866,-3.1336563122823256,2.9617391537973154,-9.915959466279817,-0.4013371401529215,0.6
83,18308.64588,3.4995026,1,84,2,1,1,2,3,1,-11.82692308,n/a,n/a,2755326.0,2758827.0,0.0,0.0,0.0,2756992.0,2755836.0,2757827.0,2755836.0,2756626.0,2757834.0,2758827.0,3501.0,510.0,790.0,993.0,1991.0,-2757834.0,0.0,0.0,0.0,1.0,0.0,0.0,0.0,0.33230708537499865,-9.664597732989522,-0.0034615321393236813,-0.6715372350286407,2756973.0,2757012.0,39.0,447.8880910200241,10.019203116627132,9.992744840456195,3.0748636183516567,347.0,3.0729506644999587,1.0,0.33230708537499865,-9.664597732989522,-0.0034615321393236813,-0.6715372350286407,2756973.0,2757012.0,39.0,447.8880910200241,10.019203116627132,9.992744840456195,3.0748636183516567,3.0729506644999587,-9.943401273208856,-0.27028827806217315,0.5666666666666667
84,18312.15372,3.6161758,1,85,2,2,2,2,5,1,-11.82692308,n/a,n/a,2758834.0,2762452.0,0.0,0.0,0.0,2760860.0,2759460.0,2761452.0,2759460.0,2760650.0,2761459.0,2762452.0,3618.0,626.0,1190.0,993.0,1992.0,-2761459.0,0.0,0.0,0.0,1.0,0.0,0.0,0.0,0.3634608746289039,9.619597815178327,-0.26307644258854074,0.6853833635859315,2760842.0,2760896.0,54.0,551.3590985217644,9.30460354158801,9.716373349127279,-0.10211182524158391,192.0,-0.11317511655319143,0.0,0.0,0.0,0.0,0.0,0.0,0.0,0.0,0.0,0.0,0.0,0.0,0.0,9.840494497224958,0.7617215109024883,0.6916666666666667
85,18315.77823,3.8494371,1,86,2,1,1,2,4,1,-11.82692308,n/a,n/a,2762458.0,2766309.0,0.0,0.0,0.0,2764518.0,2763318.0,2765309.0,2763318.0,2764308.0,2765316.0,2766309.0,3851.0,860.0,990.0,993.0,1991.0,-2765316.0,0.0,0.0,0.0,1.0,0.0,0.0,0.0,-0.10038443204036315,-9.723443779358009,-0.33576861751432235,-0.6403834457747355,2764487.0,2764565.0,78.0,464.21255441498505,9.62787938206507,9.888835804119566,3.1099485438362082,179.0,-3.0974727399304816,1.0,-1.2634592308528565,-1.2288439094596275,-0.3253840210963513,-0.4846144995052052,2765910.0,2765929.0,19.0,33.44655362166543,0.16294958032922036,0.18886774088078212,1.3567356432310762,1.1153452555439862,-9.929680369744336,-0.33581270910754923,0.5833333333333334
86,18319.63596,3.5078777,1,87,2,2,1,1,5,1,-11.82692308,n/a,n/a,2766316.0,2769825.0,0.0,0.0,0.0,2768199.0,2766833.0,2768826.0,2766833.0,2768026.0,2768832.0,2769825.0,3509.0,517.0,1193.0,993.0,1993.0,-2768832.0,0.0,0.0,0.0,1.0,0.0,0.0,0.0,0.4880760316445289,9.363444436868429,0.044999917811196055,-0.588460463684892,2768184.0,2768280.0,96.0,405.7091070105187,8.897945627130557,9.227811042895235,0.07125203087642484,158.0,0.07659926914133547,0.0,0.0,0.0,0.0,0.0,0.0,0.0,0.0,0.0,0.0,0.0,0.0,0.0,10.145784599310517,-0.6961970798571121,0.675
87,18323.15237,3.6910867,1,88,2,1,2,2,2,2,-11.82692308,n/a,n/a,2769833.0,2773525.0,0.0,0.0,0.0,2771399.0,2770532.0,2772525.0,2770532.0,2771126.0,2772532.0,2773526.0,3692.0,699.0,594.0,994.0,1993.0,-2772532.0,0.0,0.0,0.0,1.0,0.0,0.0,0.0,-0.3634608746289039,-10.388057950108006,-0.4049992603007802,-0.1488458819908829,2771380.0,2771460.0,80.0,493.28486126020243,10.027869219277031,10.595302617815264,-3.1160457265487107,254.0,3.106628157553237,1.0,0.328845553235675,0.44999917811197626,0.418845388858071,0.2699995068671842,2772509.0,2772532.0,23.0,39.04360018768473,0.1919200286742177,0.23233560296649014,0.8876048815047096,0.9869259311327778,-9.939971047342725,-0.28666938582351814,0.425
88,18326.85179,3.5078322,1,89,2,1,1,1,1,1,-11.82692308,n/a,n/a,2773532.0,2777042.0,0.0,0.0,0.0,2774848.0,2774048.0,2776041.0,2774048.0,2774442.0,2776048.0,2777042.0,3510.0,516.0,394.0,994.0,1993.0,-2776048.0,0.0,0.0,0.0,1.0,0.0,0.0,0.0,0.19384579980208289,-10.70651890692571,-0.4949990959231723,-1.2565361665742092,2774823.0,2774908.0,85.0,388.00225753821354,10.926934128549172,11.69767464176559,3.0718425386942965,381.0,3.0672492090112153,1.0,0.19384579980208289,-10.70651890692571,-0.4949990959231723,-1.2565361665742092,2774823.0,2774908.0,85.0,388.00225753821354,10.926934128549172,11.69767464176559,3.0718425386942965,3.0672492090112153,-10.090900985452441,0.4340993556756115,0.3875
89,18330.36782,3.508037526,1,90,2,1,1,1,5,1,-11.82692308,n/a,n/a,2777048.0,2780557.0,0.0,0.0,0.0,2779074.0,2777564.0,2779557.0,2777564.0,2778758.0,2779564.0,2780557.0,3509.0,516.0,1194.0,993.0,1993.0,-2779564.0,0.0,0.0,0.0,1.0,0.0,0.0,0.0,0.15230741413020657,-9.976135625528583,-0.4569222423906236,-1.4399973699583248,2779059.0,2779155.0,96.0,437.31031858653176,10.1760402472698,11.742190526515325,3.0448349054141186,301.0,3.0500787044636852,0.0,0.0,0.0,0.0,0.0,0.0,0.0,0.0,0.0,0.0,0.0,0.0,0.0,-9.79590156096527,-0.9746759117999577,0.7458333333333333
90,18333.884,3.8327659,1,91,2,2,2,1,3,1,-11.82692308,n/a,n/a,2780564.0,2784398.0,0.0,0.0,0.0,2782523.0,2781406.0,2783399.0,2781407.0,2782197.0,2783405.0,2784398.0,3834.0,843.0,790.0,993.0,1993.0,-2783405.0,0.0,0.0,0.0,1.0,0.0,0.0,0.0,-0.2561533783098934,9.602290154481713,-0.16615354268749735,0.1765381391054684,2782502.0,2782555.0,53.0,417.7190353569791,9.864397927801306,9.878308489357705,-0.03474724492577409,305.0,-0.0687359420169562,0.0,0.0,0.0,0.0,0.0,0.0,0.0,0.0,0.0,0.0,0.0,0.0,0.0,9.957122176673378,0.20476384701679698,0.55
91,18337.72517,3.6577254,1,92,2,2,1,1,1,1,-11.82692308,n/a,n/a,2784405.0,2788064.0,0.0,0.0,0.0,2785771.0,2785072.0,2787065.0,2785072.0,2785465.0,2787072.0,2788065.0,3659.0,667.0,393.0,993.0,1993.0,-2787072.0,0.0,0.0,0.0,1.0,0.0,0.0,0.0,-0.18346120338411182,11.315748563446546,-0.16961507482682103,0.12461515701562499,2785756.0,2785822.0,66.0,582.5055706453546,11.502973384777677,11.564237540863125,-0.02558141409086982,291.0,-0.04761157870268324,0.0,0.0,0.0,0.0,0.0,0.0,0.0,0.0,0.0,0.0,0.0,0.0,0.0,9.87136653002013,0.6142915410503949,0.3416666666666667
92,18341.39139,3.5077008,1,93,2,2,2,2,5,1,-11.82692308,n/a,n/a,2788071.0,2791581.0,0.0,0.0,0.0,2790037.0,2788588.0,2790581.0,2788588.0,2789780.0,2790587.0,2791581.0,3510.0,517.0,1192.0,994.0,1993.0,-2790587.0,0.0,0.0,0.0,1.0,0.0,0.0,0.0,-0.39807619602213284,10.429596335779879,-0.2699995068671842,0.9034598883632762,2790010.0,2790064.0,54.0,486.84869968586656,10.891074300003394,10.878811326901927,-0.10795461991282367,230.0,-0.10935710595013605,1.0,-0.39807619602213284,10.429596335779879,-0.2699995068671842,0.9034598883632762,2790010.0,2790064.0,54.0,486.84869968586656,10.891074300003394,10.878811326901927,-0.10795461991282367,-0.10935710595013605,9.823343367894308,0.8436270497092054,0.7125
93,18344.90742,3.9077483,1,94,2,2,2,2,5,2,-11.82692308,n/a,n/a,2791587.0,2795497.0,0.0,0.0,0.0,2793953.0,2792504.0,2794497.0,2792504.0,2793697.0,2794504.0,2795497.0,3910.0,917.0,1193.0,993.0,1993.0,-2794504.0,0.0,0.0,0.0,1.0,0.0,0.0,0.0,-0.48115296736588153,10.439980932197846,-0.7719216670690039,0.7061525564218697,2793938.0,2793997.0,59.0,530.7936578660556,11.020701840733565,11.870365433733083,-0.13452334318686998,241.0,0.13719567056901405,1.0,10.439980932197846,10.768826485433522,0.7373063456757749,0.7442294099544223,2793999.0,2794019.0,20.0,74.70861758246797,0.32891841952357037,0.5617182547531967,-0.021049522137051215,0.23003209313823286,9.81991314202818,0.8600081574705505,0.7166666666666667
94,18348.82375,3.665921,1,95,2,2,2,1,4,2,-11.82692308,n/a,n/a,2795503.0,2799171.0,0.0,0.0,0.0,2796363.0,2796179.0,2798171.0,2796179.0,2797171.0,2798178.0,2799171.0,3668.0,676.0,992.0,993.0,1992.0,-2798178.0,0.0,0.0,0.0,1.0,0.0,0.0,0.0,-0.28038410328515523,11.873055237877528,-0.07615370706510526,-1.2011516523450458,2797681.0,2797734.0,53.0,534.0796231436905,12.205396683279282,12.373985375190923,0.09230318670238191,510.0,0.09076119405887277,0.0,0.0,0.0,0.0,0.0,0.0,0.0,0.0,0.0,0.0,0.0,0.0,0.0,9.792471335099142,0.9910570195613008,0.75
95,18352.498,3.6078043,1,96,2,2,1,1,4,1,-11.82692308,n/a,n/a,2799178.0,2802787.0,0.0,0.0,0.0,2801037.0,2799794.0,2801788.0,2799794.0,2800787.0,2801794.0,2802787.0,3609.0,616.0,993.0,993.0,1994.0,-2801794.0,0.0,0.0,0.0,1.0,0.0,0.0,0.0,-0.1730766069661447,11.5511327489205,-0.28384563542447894,-0.9346136776171815,2801021.0,2801082.0,61.0,499.8572400064961,11.742256344732015,11.855118420704008,0.05544944876539499,234.0,0.07950400253520269,0.0,0.0,0.0,0.0,0.0,0.0,0.0,0.0,0.0,0.0,0.0,0.0,0.0,10.094331211318568,-0.4504804634369565,0.6125
96,18356.11421,3.5077726,1,97,2,1,1,1,1,2,-11.82692308,n/a,n/a,2802794.0,2806303.0,0.0,0.0,0.0,2803311.0,2803311.0,2805304.0,2803311.0,2803704.0,2805310.0,2806304.0,3509.0,517.0,393.0,994.0,1993.0,-2805310.0,0.0,1.0,0.0,0.0,0.0,0.0,0.0,0.0,0.0,0.0,0.0,0.0,0.0,0.0,0.0,0.0,0.0,0.0,0.0,0.0,0.0,0.0,0.0,0.0,0.0,0.0,0.0,0.0,0.0,0.0,0.0,0.0,0.0,0.0,0.0,0.0
97,18359.63032,3.5078387,1,98,2,2,1,1,1,2,-11.82692308,n/a,n/a,2806310.0,2809820.0,0.0,0.0,0.0,2807403.0,2806827.0,2808819.0,2806827.0,2807220.0,2808826.0,2809820.0,3510.0,517.0,393.0,994.0,1992.0,-2808826.0,0.0,0.0,0.0,1.0,0.0,0.0,0.0,0.0,8.311138666514266,-0.4430761138333289,-0.4292299852760381,2807383.0,2807449.0,66.0,418.8648575372405,8.311150200141048,9.297554829068538,-0.001665970970173563,163.0,0.02680921771088095,1.0,-0.6992294921432263,-0.747690942093746,-0.17999967124479208,-0.24576878189192627,2809100.0,2809122.0,22.0,58.49431711383342,0.0816950919371642,0.3333511164913295,2.205823062185208,2.8789835755727458,9.81991314202818,0.8600081574705505,0.2791666666666667
98,18363.14649,3.5078521,1,99,2,2,1,1,1,1,-11.82692308,n/a,n/a,2809826.0,2813336.0,0.0,0.0,0.0,2811459.0,2810343.0,2812336.0,2810343.0,2810736.0,2812343.0,2813336.0,3510.0,517.0,393.0,993.0,1993.0,-2812343.0,0.0,0.0,0.0,1.0,0.0,0.0,0.0,-0.16615354268749735,9.938058771996026,-0.5019221602018197,-1.076536495329421,2811441.0,2811541.0,100.0,453.33481220556195,10.120537937003958,10.97474602300692,0.056807603685877915,705.0,0.09888404354442408,1.0,-2.6549951508606617,-2.682687407975243,-0.5226913530377578,-0.5261528851770815,2813255.0,2813276.0,21.0,39.740673799780204,0.027907764311238998,0.14604220094817366,3.017237659042997,1.0222469243443622,10.042877823326618,-0.20476384701679698,0.55
99,18366.66267,3.6911483,1,100,2,2,1,2,1,1,-11.82692308,n/a,n/a,2813342.0,2817035.0,0.0,0.0,0.0,2814759.0,2814042.0,2816035.0,2814042.0,2814436.0,2816042.0,2817035.0,3693.0,700.0,394.0,993.0,1993.0,-2816042.0,0.0,0.0,0.0,1.0,0.0,0.0,0.0,-0.0692306427864579,10.55074996065618,-0.1765381391054684,-0.5226913530377578,2814736.0,2814803.0,67.0,507.901782255594,10.625620455531692,11.317402438668791,0.032582988632159804,300.0,0.06764647305657197,1.0,10.554211492795508,10.613057539163991,-0.5226913530377578,-0.6403834457747355,2814805.0,2814824.0,19.0,46.50220552443404,0.131583759887043,0.2713496788248846,1.1071487177941306,0.5207283914070711,9.874796755886257,0.5979104332890499,0.3458333333333333
100,18673.06068,3.9327965,2,1,2,1,1,2,4,2,-11.82692308,n/a,n/a,3119740.0,3123673.0,0.0,0.0,0.0,3121115.0,3120672.0,3122673.0,3120672.0,3121673.0,3122680.0,3123673.0,3933.0,932.0,1001.0,993.0,2001.0,-3122680.0,0.0,1.0,0.0,0.0,0.0,0.0,0.0,0.0,0.0,0.0,0.0,0.0,0.0,0.0,0.0,0.0,0.0,0.0,0.0,0.0,0.0,0.0,0.0,0.0,0.0,0.0,0.0,0.0,0.0,0.0,0.0,0.0,0.0,0.0,0.0,0.0
101,18677.00181,3.5078295,2,2,2,2,2,2,3,2,-11.82692308,n/a,n/a,3123679.0,3127189.0,0.0,0.0,0.0,3125629.0,3124196.0,3126189.0,3124197.0,3124989.0,3126196.0,3127189.0,3510.0,518.0,792.0,993.0,1993.0,-3126196.0,0.0,0.0,0.0,1.0,0.0,0.0,0.0,-0.031153789253905263,9.695751522243423,-0.29076869970312236,0.9726905311497341,3125611.0,3125682.0,71.0,442.66313666907445,9.808619483233217,9.976811814477148,-0.1291700153348156,622.0,-0.13748098910120987,1.0,-0.031153789253905263,9.695751522243423,-0.29076869970312236,0.9726905311497341,3125611.0,3125682.0,71.0,442.66313666907445,9.808619483233217,9.976811814477148,-0.1291700153348156,-0.13748098910120987,9.826773593760443,0.8272459419478644,0.7083333333333334
102,18680.51797,3.5078137,2,3,2,1,1,1,5,2,-11.82692308,n/a,n/a,3127195.0,3130705.0,0.0,0.0,0.0,3129112.0,3127712.0,3129705.0,3127712.0,3128905.0,3129712.0,3130705.0,3510.0,517.0,1193.0,993.0,1993.0,-3129712.0,0.0,0.0,0.0,1.0,0.0,0.0,0.0,-0.024230724975261835,-10.28421198592832,-0.36692240676822757,-1.0176904489609302,3129088.0,3129162.0,74.0,391.1909957368593,10.280598937797702,10.606317491650485,3.0782497070846735,183.0,3.0690760557844916,0.0,0.0,0.0,0.0,0.0,0.0,0.0,0.0,0.0,0.0,0.0,0.0,0.0,-9.843924723091089,-0.7453404031411432,0.6875
103,18684.03411,3.9994434,2,4,2,2,1,2,5,2,-11.82692308,n/a,n/a,3130712.0,3134712.0,0.0,0.0,0.0,3133505.0,3131722.0,3133713.0,3131722.0,3132911.0,3133720.0,3134712.0,4000.0,1010.0,1189.0,992.0,1991.0,-3133720.0,0.0,1.0,0.0,0.0,0.0,0.0,0.0,0.0,0.0,0.0,0.0,0.0,0.0,0.0,0.0,0.0,0.0,0.0,0.0,0.0,0.0,0.0,0.0,0.0,0.0,0.0,0.0,0.0,0.0,0.0,0.0,0.0,0.0,0.0,0.0,0.0
104,18688.04187,3.6579142,2,5,2,2,1,2,3,2,-11.82692308,n/a,n/a,3134719.0,3138380.0,0.0,0.0,0.0,3136521.0,3135386.0,3137379.0,3135387.0,3136178.0,3137387.0,3138383.0,3661.0,668.0,791.0,996.0,1993.0,-3137387.0,0.0,0.0,0.0,1.0,0.0,0.0,0.0,0.1384612855729158,8.57767664124213,-0.1211536248763013,-1.0557673024934828,3136500.0,3136574.0,74.0,465.9591000692949,8.49081024082815,8.575291093163214,0.1102970555132581,322.0,3.0303559290706135,0.0,0.0,0.0,0.0,0.0,0.0,0.0,0.0,0.0,0.0,0.0,0.0,0.0,10.04973827505888,-0.23752606253948702,0.5583333333333333
105,18691.71639,3.5078292,2,6,2,1,1,2,1,2,-11.82692308,n/a,n/a,3138395.0,3141904.0,0.0,0.0,0.0,3139685.0,3138912.0,3140903.0,3138912.0,3139302.0,3140910.0,3141904.0,3509.0,517.0,390.0,994.0,1991.0,-3140910.0,0.0,0.0,0.0,1.0,0.0,0.0,0.0,0.09692289990103947,-11.72074782374732,0.08653830348307236,-0.13153822129426843,3139666.0,3139729.0,63.0,424.2452497026003,11.8196826820027,12.225500838459597,3.1231413207390726,364.0,-3.1200723287092,0.0,0.0,0.0,0.0,0.0,0.0,0.0,0.0,0.0,0.0,0.0,0.0,0.0,-10.101191663050828,0.4832426789596426,0.375
106,18695.23267,3.5076937,2,7,2,2,1,2,1,1,-11.82692308,n/a,n/a,3141910.0,3145419.0,0.0,0.0,0.0,3143203.0,3142427.0,3144420.0,3142427.0,3142819.0,3144426.0,3145419.0,3509.0,517.0,392.0,993.0,1993.0,-3144426.0,0.0,0.0,0.0,1.0,0.0,0.0,0.0,0.020769192835938154,10.076520057568942,-0.14192281771223947,-0.328845553235675,3143187.0,3143253.0,66.0,473.08485350208946,10.057488034426594,10.128398676111454,0.018586499694770865,368.0,0.02597706123153125,1.0,0.020769192835938154,10.076520057568942,-0.14192281771223947,-0.328845553235675,3143187.0,3143253.0,66.0,473.08485350208946,10.057488034426594,10.128398676111454,0.018586499694770865,0.02597706123153125,9.902238562815295,0.4668615711982976,0.37916666666666665
107,18698.7487,3.5078422,2,8,2,2,2,1,3,2,-11.82692308,n/a,n/a,3145426.0,3148935.0,0.0,0.0,0.0,3146952.0,3145943.0,3147936.0,3145943.0,3146735.0,3147943.0,3148936.0,3509.0,517.0,792.0,993.0,1993.0,-3147943.0,0.0,0.0,0.0,1.0,0.0,0.0,0.0,-0.28384563542447894,10.841518660359307,-0.062307578507810525,0.18346120338411182,3146927.0,3147007.0,80.0,510.08259790709957,11.128078585634329,11.367918719854844,-0.022087260084247697,192.0,-0.04325249581738621,1.0,-0.28384563542447894,10.841518660359307,-0.062307578507810525,0.18346120338411182,3146927.0,3147007.0,80.0,510.08259790709957,11.128078585634329,11.367918719854844,-0.022087260084247697,-0.04325249581738621,10.005145338799192,-0.024571661642017528,0.49166666666666664
108,18702.26496,3.5077298,2,9,2,2,2,2,1,2,-11.82692308,n/a,n/a,3148943.0,3152452.0,0.0,0.0,0.0,3150125.0,3149459.0,3151452.0,3149459.0,3149852.0,3151459.0,3152452.0,3509.0,516.0,393.0,993.0,1993.0,-3151459.0,0.0,0.0,0.0,1.0,0.0,0.0,0.0,-0.45346071025129997,10.793057210408783,0.08999983562239604,-0.29076869970312236,3150108.0,3150164.0,56.0,533.8711216692096,11.252961833100755,11.46535372074751,0.03384364391428187,256.0,0.04409349297136938,1.0,10.810364871105397,11.0215183316041,-0.294230231842446,-0.28730716756379865,3150168.0,3150187.0,19.0,41.55440819346162,0.21126692287147766,0.27220939400336497,-0.03277514440408248,0.127509558215239,10.142354373444391,-0.679815972095767,0.325
109,18705.78103,3.5078371,2,10,2,2,1,1,2,2,-11.82692308,n/a,n/a,3152458.0,3155968.0,0.0,0.0,0.0,3154152.0,3152975.0,3154968.0,3152975.0,3153568.0,3154975.0,3155968.0,3510.0,517.0,593.0,993.0,1993.0,-3154975.0,0.0,0.0,0.0,1.0,0.0,0.0,0.0,0.22499958905598813,8.633061155471301,-0.27346103900650787,-1.0869210917473882,3154120.0,3154189.0,69.0,301.6728514189566,8.447320081661138,8.662229487756479,0.09644746077808793,552.0,0.08682488429396454,1.0,8.636522687610622,8.878829937363225,-1.0834595596080643,-1.484997287769521,3154191.0,3154230.0,39.0,117.20749868361527,0.46898331571574475,1.12187824076609,1.0278451863633047,0.4194774617553633,10.060028952657268,-0.28666938582351814,0.5708333333333333
110,18709.29733,3.5327081,2,11,2,2,1,2,2,2,-11.82692308,n/a,n/a,3155975.0,3159509.0,0.0,0.0,0.0,3157317.0,3156518.0,3158509.0,3156518.0,3157108.0,3158516.0,3159509.0,3534.0,543.0,590.0,993.0,1991.0,-3158516.0,0.0,0.0,0.0,1.0,0.0,0.0,0.0,-0.33230708537499865,9.505367254580666,-0.0,-0.6819218314466118,3157298.0,3157383.0,85.0,424.6651651437611,9.861280535672108,9.97841802988837,0.06920668008033451,190.0,0.07291398836611333,0.0,0.0,0.0,0.0,0.0,0.0,0.0,0.0,0.0,0.0,0.0,0.0,0.0,9.912529240413683,0.4177182479142665,0.39166666666666666
111,18712.83836,3.5078284,2,12,2,2,1,1,4,1,-11.82692308,n/a,n/a,3159516.0,3163025.0,0.0,0.0,0.0,3161208.0,3160032.0,3162025.0,3160032.0,3161025.0,3162032.0,3163026.0,3509.0,516.0,993.0,994.0,1993.0,-3162032.0,0.0,0.0,0.0,1.0,0.0,0.0,0.0,-0.3115378925390605,10.547288428516861,-0.017307660696614473,-0.792690859904942,3161176.0,3161277.0,101.0,431.5473143378175,10.886474552235512,11.58222912170402,0.07128481062372465,151.0,0.06909295911075118,1.0,-0.3115378925390605,10.547288428516861,-0.017307660696614473,-0.792690859904942,3161176.0,3161277.0,101.0,431.5473143378175,10.886474552235512,11.58222912170402,0.07128481062372465,0.06909295911075118,10.060028952657268,-0.28666938582351814,0.5708333333333333
112,18716.35452,3.6495981,2,13,2,2,2,1,5,2,-11.82692308,n/a,n/a,3163032.0,3166683.0,0.0,0.0,0.0,3164775.0,3163691.0,3165683.0,3163691.0,3164883.0,3165690.0,3166683.0,3651.0,659.0,1192.0,993.0,1992.0,-3165690.0,0.0,0.0,0.0,0.0,0.0,1.0,0.0,0.4119223245794236,9.560751768809835,0.16615354268749735,0.10730749631901051,3164756.0,3164834.0,78.0,441.9090892569026,9.149018693651826,9.373689062607227,0.006431996052252936,-127.0,0.03804519581283886,0.0,0.0,0.0,0.0,0.0,0.0,0.0,0.0,0.0,0.0,0.0,0.0,0.0,0.0,0.0,0.0
113,18720.01231,3.5078504,2,14,2,2,1,1,2,2,-11.82692308,n/a,n/a,3166690.0,3170199.0,0.0,0.0,0.0,3168349.0,3167206.0,3169199.0,3167206.0,3167799.0,3169206.0,3170199.0,3509.0,516.0,593.0,993.0,1993.0,-3169206.0,0.0,0.0,0.0,1.0,0.0,0.0,0.0,-0.5192298208984342,9.287290729803324,0.010384596417967108,-1.0038443204036394,3168331.0,3168385.0,54.0,364.2187826617424,9.8588288151815,9.856250661103184,0.10305752258407572,532.0,0.11050208620771845,1.0,9.287290729803324,9.256136940549423,-0.9934597239856723,-1.0661518989114498,3168390.0,3168410.0,20.0,28.846101161023643,0.07908673011521182,0.21101154673812467,1.9756881130799409,2.425849063920903,10.053168500925015,-0.2539071703008281,0.5625
114,18723.52849,3.5079194,2,15,2,1,1,1,1,2,-11.82692308,n/a,n/a,3170206.0,3173715.0,0.0,0.0,0.0,3171422.0,3170722.0,3172715.0,3170722.0,3171116.0,3172722.0,3173716.0,3509.0,516.0,394.0,994.0,1993.0,-3172722.0,0.0,0.0,0.0,1.0,0.0,0.0,0.0,0.048461449950519736,-10.69267277836842,-0.26653797472786445,0.04153838567187631,3171401.0,3171464.0,63.0,361.4645533426964,10.745551430922559,10.841163328041127,-3.112918594073376,285.0,-3.106782439695143,0.0,0.0,0.0,0.0,0.0,0.0,0.0,0.0,0.0,0.0,0.0,0.0,0.0,-10.132063695845998,0.630672648811736,0.3375
115,18727.04464,3.5078551,2,16,2,1,2,1,5,2,-11.82692308,n/a,n/a,3173722.0,3177232.0,0.0,0.0,0.0,3175222.0,3174239.0,3176231.0,3174239.0,3175432.0,3176238.0,3177232.0,3510.0,517.0,1193.0,994.0,1992.0,-3176238.0,0.0,0.0,0.0,0.0,0.0,1.0,0.0,0.062307578507810525,-6.833064443023392,-0.08653830348307236,-0.07269217492578157,3175197.0,3175261.0,64.0,294.25794541878065,6.895385923252689,7.538450909792008,-3.139584624160197,-235.0,3.101173502539621,0.0,0.0,0.0,0.0,0.0,0.0,0.0,0.0,0.0,0.0,0.0,0.0,0.0,0.0,0.0,0.0
116,18730.56093,3.5077111,2,17,2,1,1,2,2,2,-11.82692308,n/a,n/a,3177238.0,3180747.0,0.0,0.0,0.0,3178864.0,3177755.0,3179747.0,3177755.0,3178348.0,3179754.0,3180747.0,3509.0,517.0,593.0,993.0,1992.0,-3179754.0,0.0,0.0,0.0,1.0,0.0,0.0,0.0,0.03461532139322895,-9.557290236670513,-0.26653797472786445,-0.5676912708489539,3178840.0,3178920.0,80.0,335.1996392458277,9.596631989535634,9.650416992135115,3.1102063561400226,492.0,3.104638916739994,0.0,0.0,0.0,0.0,0.0,0.0,0.0,0.0,0.0,0.0,0.0,0.0,0.0,-9.963982628405637,-0.17200163149411088,0.5416666666666666
117,18734.07697,3.5078417,2,18,2,1,2,1,5,1,-11.82692308,n/a,n/a,3180754.0,3184263.0,0.0,0.0,0.0,3182697.0,3181271.0,3183264.0,3181271.0,3182464.0,3183270.0,3184263.0,3509.0,517.0,1193.0,993.0,1993.0,-3183270.0,0.0,0.0,0.0,1.0,0.0,0.0,0.0,-0.23538418547395523,-10.533442299959566,0.017307660696614473,1.2530746344348873,3182678.0,3182755.0,77.0,450.12379080813946,10.371939111984084,10.72843406371303,-3.022163727571455,214.0,-3.0242011675692555,0.0,0.0,0.0,0.0,0.0,0.0,0.0,0.0,0.0,0.0,0.0,0.0,0.0,-10.169796180373428,0.8108648341865193,0.7041666666666667
118,18737.59314,3.5078357,2,19,2,1,2,1,3,1,-11.82692308,n/a,n/a,3184270.0,3187780.0,0.0,0.0,0.0,3185880.0,3184787.0,3186780.0,3184787.0,3185580.0,3186787.0,3187780.0,3510.0,517.0,793.0,993.0,1993.0,-3186787.0,0.0,0.0,0.0,1.0,0.0,0.0,0.0,0.22499958905598813,-10.730749631900972,-0.0034615321393236813,0.65769110647135,3185857.0,3185930.0,73.0,427.9758290168213,10.975680562226694,11.17517092252984,-3.081318201031807,277.0,-3.0786714767150265,1.0,-1.291151487967438,-1.2565361665742092,0.15230741413020657,0.15576894626953025,3187615.0,3187635.0,20.0,25.07454706343163,0.03478796745870767,0.10062287520773915,-0.09966865249118453,-0.8584387287005583,-10.029156919862103,0.13923941597142084,0.5333333333333333
119,18741.1093,3.4995072,2,20,2,2,2,2,3,1,-11.82692308,n/a,n/a,3187786.0,3191288.0,0.0,0.0,0.0,3189536.0,3188296.0,3190287.0,3188296.0,3189086.0,3190295.0,3191288.0,3502.0,510.0,790.0,993.0,1991.0,-3190295.0,0.0,0.0,0.0,1.0,0.0,0.0,0.0,-0.1869227355234355,7.888831745516879,-0.024230724975261835,0.6057681243815065,3189514.0,3189564.0,50.0,366.76725813988656,8.100290673070539,8.197998532954907,-0.07785346798414709,428.0,-0.11000441887923483,1.0,-0.1869227355234355,7.888831745516879,-0.024230724975261835,0.6057681243815065,3189514.0,3189564.0,50.0,366.76725813988656,8.100290673070539,8.197998532954907,-0.07785346798414709,-0.11000441887923483,9.909099014547555,0.4340993556756115,0.6083333333333333
120,18744.61715,3.6328172,2,21,2,1,1,2,3,1,-11.82692308,n/a,n/a,3191294.0,3194929.0,0.0,0.0,0.0,3193021.0,3191937.0,3193928.0,3191938.0,3192727.0,3193936.0,3194929.0,3635.0,644.0,789.0,993.0,1991.0,-3193936.0,0.0,0.0,0.0,1.0,0.0,0.0,0.0,-0.1869227355234355,-8.006523838253853,-0.03461532139322895,-1.9453810622994683,3193004.0,3193083.0,79.0,371.1093235940167,8.04967000084126,8.067234142486472,2.901933089234445,277.0,2.8931797236022962,0.0,0.0,0.0,0.0,0.0,0.0,0.0,0.0,0.0,0.0,0.0,0.0,0.0,-9.970843080137893,-0.13923941597142084,0.5333333333333333
121,18748.2583,3.507836,2,22,2,1,2,1,2,1,-11.82692308,n/a,n/a,3194935.0,3198444.0,0.0,0.0,0.0,3196261.0,3195452.0,3197445.0,3195452.0,3196046.0,3197452.0,3198445.0,3509.0,517.0,594.0,993.0,1993.0,-3197452.0,0.0,0.0,0.0,1.0,0.0,0.0,0.0,-0.2319226533346355,-9.287290729803324,-0.1384612855729158,0.1869227355234355,3196243.0,3196307.0,64.0,349.8664638297902,9.06121215740549,9.178829316914678,-3.1056753848778254,197.0,-3.1061358215744233,0.0,0.0,0.0,0.0,0.0,0.0,0.0,0.0,0.0,0.0,0.0,0.0,0.0,-9.915959466279817,-0.4013371401529254,0.3958333333333333
122,18751.77457,3.5079024,2,23,2,2,1,2,5,2,-11.82692308,n/a,n/a,3198452.0,3201962.0,0.0,0.0,0.0,3200395.0,3198968.0,3200961.0,3198968.0,3200162.0,3200968.0,3201962.0,3510.0,516.0,1194.0,994.0,1993.0,-3200968.0,0.0,0.0,0.0,1.0,0.0,0.0,0.0,0.24923031403124998,12.395746590915282,-0.4223069209973947,-0.8134600527408802,3200364.0,3200475.0,111.0,745.7923901932625,12.152812778821268,15.973116939308385,0.032191781968792285,202.0,-0.12405931947541095,0.0,0.0,0.0,0.0,0.0,0.0,0.0,0.0,0.0,0.0,0.0,0.0,0.0,10.1663659545073,-0.7944837264251744,0.7
123,18755.29064,3.7244629,2,24,2,1,1,2,4,1,-11.82692308,n/a,n/a,3201968.0,3205694.0,0.0,0.0,0.0,3203927.0,3202701.0,3204693.0,3202701.0,3203694.0,3204701.0,3205694.0,3726.0,733.0,993.0,993.0,1992.0,-3204701.0,0.0,0.0,0.0,1.0,0.0,0.0,0.0,0.20423039622005,-10.311904243042902,0.079615239204425,-0.8134600527408802,3203905.0,3203994.0,89.0,368.763304254282,10.553988403830532,10.725943167211272,3.0568716441846053,211.0,3.054994102715014,0.0,0.0,0.0,0.0,0.0,0.0,0.0,0.0,0.0,0.0,0.0,0.0,0.0,-9.915959466279817,-0.4013371401529215,0.6
124,18759.02343,3.5078483,2,25,2,1,1,2,5,1,-11.82692308,n/a,n/a,3205700.0,3209210.0,0.0,0.0,0.0,3207650.0,3206217.0,3208210.0,3206217.0,3207410.0,3208217.0,3209210.0,3510.0,517.0,1193.0,993.0,1993.0,-3208217.0,0.0,0.0,0.0,1.0,0.0,0.0,0.0,-0.46730683880859075,-8.726522523233017,0.05884604636849078,-1.765381391054676,3207621.0,3207718.0,97.0,263.66914428242166,8.458276979698049,8.566472426695748,2.9242109939366125,211.0,2.9269997720985694,0.0,0.0,0.0,0.0,0.0,0.0,0.0,0.0,0.0,0.0,0.0,0.0,0.0,-9.8336340454927,-0.7944837264251744,0.7
125,18762.53961,3.5078178,2,26,2,1,2,2,4,2,-11.82692308,n/a,n/a,3209217.0,3212726.0,0.0,0.0,0.0,3210976.0,3209733.0,3211726.0,3209733.0,3210726.0,3211733.0,3212727.0,3509.0,516.0,993.0,994.0,1993.0,-3211733.0,0.0,0.0,0.0,1.0,0.0,0.0,0.0,0.079615239204425,-8.037677627507762,0.31499942467838415,1.0869210917473882,3210958.0,3211023.0,65.0,306.2912654049402,8.153913572271119,8.251924533749897,-3.046781817826291,232.0,-3.033575904344845,0.0,0.0,0.0,0.0,0.0,0.0,0.0,0.0,0.0,0.0,0.0,0.0,0.0,-10.094331211318572,0.4504804634369565,0.6125
126,18766.05576,3.5078426,2,27,2,1,1,2,4,1,-11.82692308,n/a,n/a,3212733.0,3216242.0,0.0,0.0,0.0,3214393.0,3213249.0,3215242.0,3213249.0,3214243.0,3215249.0,3216242.0,3509.0,516.0,994.0,993.0,1993.0,-3215249.0,0.0,0.0,0.0,1.0,0.0,0.0,0.0,-0.3703839389075513,-8.494599869898382,-0.5538451422916632,-1.4192281771223867,3214377.0,3214441.0,64.0,372.13259360221684,8.170175780871428,8.657479418441232,3.035473837601201,134.0,3.0318185123700276,0.0,0.0,0.0,0.0,0.0,0.0,0.0,0.0,0.0,0.0,0.0,0.0,0.0,-9.946831499074985,-0.2539071703008281,0.5625
127,18769.57205,3.5077093,2,28,2,1,2,1,5,1,-11.82692308,n/a,n/a,3216249.0,3219758.0,0.0,0.0,0.0,3218159.0,3216766.0,3218759.0,3216766.0,3217959.0,3218765.0,3219758.0,3509.0,517.0,1193.0,993.0,1993.0,-3218765.0,0.0,0.0,0.0,1.0,0.0,0.0,0.0,0.294230231842446,-10.374211821550716,-0.1384612855729158,1.0280750453788992,3218136.0,3218225.0,89.0,381.39127669325507,10.732029764123759,11.056851079400095,-3.032680755665983,177.0,-3.0236060103531526,0.0,0.0,0.0,0.0,0.0,0.0,0.0,0.0,0.0,0.0,0.0,0.0,0.0,-10.152645051042779,0.7289592953797982,0.6833333333333333
128,18773.08809,3.5080124,2,29,2,2,1,2,2,2,-11.82692308,n/a,n/a,3219765.0,3223274.0,0.0,0.0,0.0,3221232.0,3220282.0,3222275.0,3220282.0,3220875.0,3222281.0,3223274.0,3509.0,517.0,593.0,993.0,1993.0,-3222281.0,0.0,0.0,0.0,1.0,0.0,0.0,0.0,0.28730716756379865,10.031520139757747,-0.010384596417967108,-1.3673051950325432,3221212.0,3221301.0,89.0,399.89644575384466,9.838237644945224,10.40311640820941,0.13836420370028554,337.0,0.20405168707896842,1.0,0.28730716756379865,10.031520139757747,-0.010384596417967108,-1.3673051950325432,3221212.0,3221301.0,89.0,399.89644575384466,9.838237644945224,10.40311640820941,0.13836420370028554,0.20405168707896842,9.974273306004028,0.12285830821007977,0.4666666666666667
129,18776.60425,3.5078471,2,30,2,1,1,1,3,2,-11.82692308,n/a,n/a,3223281.0,3226791.0,0.0,0.0,0.0,3225175.0,3223798.0,3225791.0,3223798.0,3224591.0,3225797.0,3226791.0,3510.0,517.0,793.0,994.0,1993.0,-3225797.0,0.0,0.0,0.0,1.0,0.0,0.0,0.0,-0.2976917639817697,-10.429596335779879,0.10384596417968683,-0.9623059347317631,3225157.0,3225241.0,84.0,277.9740585263585,10.187844233378126,10.424334927389998,3.0367512836941315,566.0,3.0337957106443136,0.0,0.0,0.0,0.0,0.0,0.0,0.0,0.0,0.0,0.0,0.0,0.0,0.0,-9.850785174823349,-0.7125781876184571,0.6791666666666667
130,18780.12048,3.5160974,2,31,2,1,1,2,4,2,-11.82692308,n/a,n/a,3226797.0,3230315.0,0.0,0.0,0.0,3228514.0,3227323.0,3229315.0,3227324.0,3228314.0,3229322.0,3230315.0,3518.0,527.0,990.0,993.0,1992.0,-3229322.0,0.0,0.0,0.0,1.0,0.0,0.0,0.0,-0.04153838567187631,-9.854982000652281,0.031153789253905263,-0.5053836923411433,3228493.0,3228547.0,54.0,396.4163841704039,9.82809992081664,9.850584496790894,3.0869733119350906,179.0,3.0839304933834892,1.0,1.0280750453789012,0.7649986027903605,0.010384596417967108,0.16615354268749735,3229806.0,3229834.0,28.0,66.40871197830742,0.30573383729473186,0.5464946966190697,-2.606998330148799,-2.6892760043935193,-9.929680369744336,-0.33581270910754923,0.5833333333333334
131,18783.64503,3.5077047,2,32,2,2,2,2,4,2,-11.82692308,n/a,n/a,3230322.0,3233831.0,0.0,0.0,0.0,3231815.0,3230838.0,3232832.0,3230838.0,3231831.0,3232838.0,3233831.0,3509.0,516.0,993.0,993.0,1994.0,-3232838.0,0.0,0.0,0.0,1.0,0.0,0.0,0.0,0.006923064278647363,7.743447395665316,0.2769225711458316,0.5919219958242157,3231787.0,3231834.0,47.0,412.6605918380164,7.742934415819732,7.720853351727408,-0.040693406652808295,-44.0,-0.04709262499332403,1.0,7.708832074272087,7.674216752878858,0.5711528029882775,0.5815373994062447,3231839.0,3231869.0,30.0,37.53098368482533,0.036139456524975425,0.23864496471577445,-2.8501358591119677,2.7233683240105657,10.018866242263716,-0.09009609268738973,0.475
132,18787.16106,3.5911676,2,33,2,1,2,1,1,2,-11.82692308,n/a,n/a,3233838.0,3237431.0,0.0,0.0,0.0,3235198.0,3234438.0,3236431.0,3234438.0,3234831.0,3236438.0,3237431.0,3593.0,600.0,393.0,993.0,1993.0,-3236438.0,0.0,0.0,0.0,1.0,0.0,0.0,0.0,0.5088452244804671,-10.263442793092382,-0.07615370706510526,-0.21461499263802103,3235172.0,3235258.0,86.0,385.1221349196702,10.773177834842702,10.818746111362262,3.128739890930527,341.0,-3.102227792829984,0.0,0.0,0.0,0.0,0.0,0.0,0.0,0.0,0.0,0.0,0.0,0.0,0.0,-9.891947885216906,-0.5160048944823287,0.36666666666666664
133,18790.76056,3.5078487,2,34,2,2,1,1,1,1,-11.82692308,n/a,n/a,3237437.0,3240947.0,0.0,0.0,0.0,3238414.0,3237954.0,3239947.0,3237954.0,3238347.0,3239954.0,3240947.0,3510.0,517.0,393.0,993.0,1993.0,-3239954.0,0.0,0.0,0.0,1.0,0.0,0.0,0.0,0.14192281771223947,8.934214451592387,0.07615370706510526,0.3080763603997368,3238397.0,3238434.0,37.0,481.22075438730553,8.795349924382123,8.788590831492717,-0.026371837413940315,50.0,0.03900267836576407,1.0,-1.2876899558281183,-1.2149977809023367,-0.4742299030872381,-0.4707683709479144,3239813.0,3239832.0,19.0,79.04042270799071,0.07277454568866779,0.46370320709139173,-0.047583103276993687,0.1197253979930509,9.771889979902358,1.089343666129365,0.22083333333333333
134,18794.28509,3.5078132,2,35,2,1,2,1,3,2,-11.82692308,n/a,n/a,3240964.0,3244471.0,0.0,0.0,0.0,3242496.0,3241479.0,3243472.0,3241480.0,3242270.0,3243478.0,3244471.0,3507.0,516.0,790.0,993.0,1993.0,-3243478.0,0.0,0.0,0.0,1.0,0.0,0.0,0.0,0.294230231842446,-9.456905804630148,-0.09346136776171972,0.1488458819908829,3242476.0,3242546.0,70.0,424.36762090165894,9.754146134084579,9.753575515515474,-3.1167486360229457,206.0,-3.1068055564658796,0.0,0.0,0.0,0.0,0.0,0.0,0.0,0.0,0.0,0.0,0.0,0.0,0.0,-10.001715112933061,0.008190553880672509,0.5
135,18797.80129,3.5077767,2,36,2,2,2,1,1,2,-11.82692308,n/a,n/a,3244478.0,3247987.0,0.0,0.0,0.0,3245721.0,3244995.0,3246988.0,3244995.0,3245388.0,3246994.0,3247988.0,3509.0,517.0,393.0,994.0,1993.0,-3246994.0,0.0,0.0,0.0,1.0,0.0,0.0,0.0,0.2319226533346355,11.08728744225123,0.10384596417968683,0.044999917811196055,3245699.0,3245747.0,48.0,515.9044347127787,10.855524287551633,11.022719039519297,0.005420865267937757,311.0,0.01476023452875568,1.0,-0.3773070031861947,-0.006923064278647363,-0.3599993424895802,-0.05192298208984342,3247160.0,3247205.0,45.0,96.55303276302955,0.4817627071887345,0.9938878003673473,-0.6938183132547645,0.4543020866933176,10.121773018247614,-0.5815293255277049,0.35
136,18801.3174,3.5078203,2,37,2,1,2,2,2,2,-11.82692308,n/a,n/a,3247994.0,3251504.0,0.0,0.0,0.0,3248937.0,3248511.0,3250504.0,3248511.0,3249104.0,3250510.0,3251504.0,3510.0,517.0,593.0,994.0,1993.0,-3250510.0,0.0,0.0,0.0,0.0,0.0,1.0,0.0,0.03807685353255263,-11.201518002848887,-0.0,-0.38769159960416577,3248920.0,3248963.0,43.0,431.93239134619097,11.246279265250342,11.235615575451595,3.1071129453243085,-184.0,3.0996807332295053,0.0,0.0,0.0,0.0,0.0,0.0,0.0,0.0,0.0,0.0,0.0,0.0,0.0,0.0,0.0,0.0
137,18804.83357,3.5078201,2,38,2,1,2,2,3,1,-11.82692308,n/a,n/a,3251510.0,3255020.0,0.0,0.0,0.0,3253053.0,3252027.0,3254020.0,3252027.0,3252820.0,3254027.0,3255020.0,3510.0,517.0,793.0,993.0,1993.0,-3254027.0,0.0,0.0,0.0,1.0,0.0,0.0,0.0,0.3911531317434855,-9.612674750899679,-0.04153838567187631,0.5226913530377578,3253037.0,3253082.0,45.0,436.73035263587894,10.019726917615728,10.016663250237121,-3.085250962065546,217.0,-3.0845414438583685,1.0,-9.616136283039,-9.83075127567702,0.5192298208984342,0.6403834457747355,3253085.0,3253112.0,27.0,47.63363942968573,0.24645039234232383,0.4159603786571533,-2.6276729725912626,-2.819842099193154,-10.005145338799192,0.024571661642017528,0.5041666666666667
138,18808.34972,3.7911137,2,39,2,2,1,2,2,2,-11.82692308,n/a,n/a,3255026.0,3258819.0,0.0,0.0,0.0,3256636.0,3255826.0,3257820.0,3255826.0,3256419.0,3257826.0,3258819.0,3793.0,800.0,593.0,993.0,1994.0,-3257826.0,0.0,1.0,0.0,0.0,0.0,0.0,0.0,0.0,0.0,0.0,0.0,0.0,0.0,0.0,0.0,0.0,0.0,0.0,0.0,0.0,0.0,0.0,0.0,0.0,0.0,0.0,0.0,0.0,0.0,0.0,0.0,0.0,0.0,0.0,0.0,0.0
139,18812.14917,3.7661324,2,40,2,2,2,1,1,1,-11.82692308,n/a,n/a,3258826.0,3262593.0,0.0,0.0,0.0,3260235.0,3259603.0,3261594.0,3259603.0,3259992.0,3261600.0,3262593.0,3767.0,777.0,389.0,993.0,1991.0,-3261600.0,0.0,0.0,0.0,1.0,0.0,0.0,0.0,0.6126911886601539,10.616519071303319,-0.22499958905598813,-0.12807668915494866,3260216.0,3260286.0,70.0,489.22171163195475,10.004297394323803,10.242863111246281,-0.009688278180737918,224.0,0.026700887454248468,0.0,0.0,0.0,0.0,0.0,0.0,0.0,0.0,0.0,0.0,0.0,0.0,0.0,10.156075276908906,-0.7453404031411432,0.30833333333333335
140,18815.92365,3.5078442,2,41,2,1,2,2,2,2,-11.82692308,n/a,n/a,3262600.0,3266110.0,0.0,0.0,0.0,3263334.0,3263117.0,3265110.0,3263117.0,3263710.0,3265117.0,3266110.0,3510.0,517.0,593.0,993.0,1993.0,-3265117.0,0.0,0.0,0.0,0.0,0.0,1.0,0.0,-0.1626920105481776,-9.141906379951765,-0.01384612855729079,-0.6923064278645789,3263318.0,3263367.0,49.0,283.8602926177717,9.004809774195122,9.007210602977393,3.0661769735293216,-392.0,3.0627280368697307,0.0,0.0,0.0,0.0,0.0,0.0,0.0,0.0,0.0,0.0,0.0,0.0,0.0,0.0,0.0,0.0
141,18819.43982,3.5078279,2,42,2,2,2,1,2,2,-11.82692308,n/a,n/a,3266116.0,3269626.0,0.0,0.0,0.0,3267550.0,3266633.0,3268626.0,3266633.0,3267226.0,3268633.0,3269626.0,3510.0,517.0,593.0,993.0,1993.0,-3268633.0,0.0,0.0,0.0,1.0,0.0,0.0,0.0,-0.33230708537499865,10.073058525429623,0.13153822129426843,-0.35653781035025656,3267535.0,3267578.0,43.0,544.2286200336545,10.416806214343305,10.423399811542888,0.046871832118062964,309.0,0.04617725650859056,1.0,10.07998158970827,10.111135378962171,-0.3599993424895802,-0.34961474607161314,3267581.0,3267603.0,22.0,34.624935425184816,0.03283897726240196,0.30033654018414674,-0.3217505543966422,-0.4533386958545722,10.039447597460493,-0.18838273925545196,0.45
142,18822.95611,3.5077152,2,43,2,1,2,1,5,2,-11.82692308,n/a,n/a,3269633.0,3273142.0,0.0,0.0,0.0,3271116.0,3270149.0,3272142.0,3270149.0,3271342.0,3272149.0,3273142.0,3509.0,516.0,1193.0,993.0,1993.0,-3272149.0,0.0,0.0,0.0,0.0,0.0,1.0,0.0,-0.20769192835937367,-10.090366186126237,-0.3807685353255184,0.10384596417968683,3271096.0,3271176.0,80.0,468.60595657816845,9.89454909019398,10.67057637650696,-3.0925951240990437,-246.0,-3.081217630460405,0.0,0.0,0.0,0.0,0.0,0.0,0.0,0.0,0.0,0.0,0.0,0.0,0.0,0.0,0.0,0.0
143,18826.47215,3.5079475,2,44,2,1,1,2,4,1,-11.82692308,n/a,n/a,3273149.0,3276659.0,0.0,0.0,0.0,3274941.0,3273665.0,3275658.0,3273665.0,3274658.0,3275665.0,3276659.0,3510.0,516.0,993.0,994.0,1993.0,-3275665.0,0.0,0.0,0.0,1.0,0.0,0.0,0.0,0.3634608746289039,-9.841135872094988,0.19730733194140657,-1.0869210917473882,3274921.0,3275002.0,81.0,412.17636665758556,10.285088108881617,10.377927942907665,3.0164027604684978,263.0,3.0071014733034986,1.0,1.3326898736393142,0.9103829526419196,-0.02769225711458158,0.079615239204425,3276624.0,3276656.0,32.0,86.30915435945396,0.43572701808420533,0.6856630262982074,-2.8927604449906537,2.854971411364345,-9.891947885216906,-0.5160048944823287,0.6291666666666667
144,18829.98833,3.5077933,2,45,2,2,1,2,1,1,-11.82692308,n/a,n/a,3276665.0,3280174.0,0.0,0.0,0.0,3277898.0,3277182.0,3279174.0,3277182.0,3277575.0,3279181.0,3280174.0,3509.0,517.0,393.0,993.0,1992.0,-3279181.0,0.0,0.0,0.0,1.0,0.0,0.0,0.0,0.30461482826041314,8.678061073282498,0.12461515701562499,-0.5676912708489539,3277877.0,3277981.0,104.0,270.98206144478354,8.402017032138001,9.10105527139982,0.08249117039522715,302.0,0.21970029864357568,1.0,9.214598554877547,9.252675408410095,0.26307644258854074,0.3530762782109368,3278708.0,3278729.0,21.0,35.90847207661337,0.0977231660712928,0.2517178951252295,-1.1705556697609554,-2.1206495094714812,9.874796755886257,0.5979104332890499,0.3458333333333333
145,18833.50447,3.5078463,2,46,2,1,1,2,5,2,-11.82692308,n/a,n/a,3280181.0,3283690.0,0.0,0.0,0.0,3282157.0,3280698.0,3282691.0,3280698.0,3281891.0,3282697.0,3283690.0,3509.0,517.0,1193.0,993.0,1993.0,-3282697.0,0.0,0.0,0.0,1.0,0.0,0.0,0.0,0.24576878189192627,-10.111135378962175,-0.12461515701562499,-1.4365358378190012,3282138.0,3282196.0,58.0,410.295813165372,10.439664729761997,10.40367385960149,3.015592585470487,247.0,3.003742254856638,1.0,0.24576878189192627,-10.111135378962175,-0.12461515701562499,-1.4365358378190012,3282138.0,3282196.0,58.0,410.295813165372,10.439664729761997,10.40367385960149,3.015592585470487,3.003742254856638,-9.81648291616205,-0.8763892652318955,0.7208333333333333
146,18837.02063,3.5078284,2,47,2,2,2,2,2,1,-11.82692308,n/a,n/a,3283697.0,3287206.0,0.0,0.0,0.0,3284807.0,3284214.0,3286207.0,3284214.0,3284807.0,3286214.0,3287206.0,3509.0,517.0,593.0,992.0,1993.0,-3286214.0,0.0,0.0,0.0,1.0,0.0,0.0,0.0,-0.062307578507810525,10.543826896377533,0.28384563542447894,-0.6680757028893171,3284792.0,3284870.0,78.0,546.7662625285024,10.648767193139708,10.825602939798273,0.08951211996585909,-15.0,0.09928685168247883,0.0,0.0,0.0,0.0,0.0,0.0,0.0,0.0,0.0,0.0,0.0,0.0,0.0,10.173226406239555,-0.8272459419478644,0.2875
147,18840.53679,3.507853,2,48,2,2,1,2,3,2,-11.82692308,n/a,n/a,3287213.0,3290723.0,0.0,0.0,0.0,3288356.0,3287730.0,3289723.0,3287731.0,3288523.0,3289730.0,3290723.0,3510.0,518.0,792.0,993.0,1993.0,-3289730.0,0.0,0.0,0.0,0.0,0.0,1.0,0.0,0.41538385671874734,10.100750782544205,0.3011532961210934,0.1384612855729158,3288337.0,3288403.0,66.0,436.748643027612,9.686733256272204,9.87385402370451,0.0167961330208072,-186.0,-0.031907792114585574,0.0,0.0,0.0,0.0,0.0,0.0,0.0,0.0,0.0,0.0,0.0,0.0,0.0,0.0,0.0,0.0
148,18844.05297,3.7244698,2,49,2,2,1,1,1,1,-11.82692308,n/a,n/a,3290729.0,3294456.0,0.0,0.0,0.0,3292113.0,3291463.0,3293455.0,3291463.0,3291856.0,3293462.0,3294456.0,3727.0,734.0,393.0,994.0,1992.0,-3293462.0,0.0,0.0,0.0,1.0,0.0,0.0,0.0,0.4465376459726526,10.090366186126237,0.2284611211953118,-0.08999983562239604,3292093.0,3292146.0,53.0,469.6336627457843,9.64908525679497,9.770702876818516,0.03301025872408386,237.0,0.057424376385911684,1.0,-2.1773037156340997,-33.26532385889301,0.05192298208984342,18.726888873736858,3293623.0,3293691.0,68.0,16968.82940739205,36.26595300666799,51.66705239105392,-2.600649336048408,-2.389409742957309,9.850785174823345,0.7125781876184571,0.31666666666666665
149,18847.78577,3.5078343,2,50,2,2,1,1,3,2,-11.82692308,n/a,n/a,3294462.0,3297971.0,0.0,0.0,0.0,3295755.0,3294979.0,3296972.0,3294979.0,3295772.0,3296978.0,3297971.0,3509.0,517.0,793.0,993.0,1993.0,-3296978.0,0.0,0.0,0.0,1.0,0.0,0.0,0.0,-0.18346120338411182,9.823828211398373,-0.06576911064713421,-0.08999983562239604,3295739.0,3295796.0,57.0,316.1643226944325,10.00731874975762,9.950190843030574,0.0024213027742459887,-33.0,0.032359045385117656,1.0,-0.18346120338411182,9.823828211398373,-0.06576911064713421,-0.08999983562239604,3295739.0,3295796.0,57.0,316.1643226944325,10.00731874975762,9.950190843030574,0.0024213027742459887,0.032359045385117656,9.902238562815295,0.4668615711982976,0.37916666666666665
150,18851.30194,3.5078316,2,51,2,1,1,1,2,2,-11.82692308,n/a,n/a,3297978.0,3301487.0,0.0,0.0,0.0,3299422.0,3298495.0,3300488.0,3298495.0,3299088.0,3300495.0,3301488.0,3509.0,517.0,593.0,993.0,1993.0,-3300495.0,0.0,0.0,0.0,1.0,0.0,0.0,0.0,-0.35653781035025656,-11.547671216781177,-0.04153838567187631,-1.007305852542963,3299390.0,3299453.0,63.0,383.1287857496874,11.232727795179617,11.1570180251892,3.0555083719771283,302.0,3.0384046281259174,1.0,-10.789595678269464,-11.20844106712753,-1.0349981096575447,-1.1353825416979078,3299468.0,3299487.0,19.0,63.47191117882749,0.43070696995025715,0.536816564829314,2.906360270545525,2.860635782061019,-10.042877823326624,0.20476384701679698,0.44583333333333336
151,18854.81811,3.5078385,2,52,2,2,1,1,4,2,-11.82692308,n/a,n/a,3301495.0,3305004.0,0.0,0.0,0.0,3302421.0,3302011.0,3304004.0,3302012.0,3303004.0,3304011.0,3305004.0,3509.0,517.0,992.0,993.0,1993.0,-3304011.0,0.0,0.0,0.0,1.0,0.0,1.0,0.0,0.294230231842446,9.238829279852808,0.26307644258854074,0.702691024282546,3303457.0,3303532.0,75.0,376.75658507093794,8.95539575396341,9.28356138324225,-0.04910908984782059,453.0,-0.054092065502109356,0.0,0.0,0.0,0.0,0.0,0.0,0.0,0.0,0.0,0.0,0.0,0.0,0.0,10.186947309704077,-0.8927703729932366,0.725
152,18858.33427,3.9912244,2,53,2,1,2,2,3,1,-11.82692308,n/a,n/a,3305011.0,3309004.0,0.0,0.0,0.0,3307020.0,3306010.0,3308003.0,3306011.0,3306804.0,3308011.0,3309004.0,3993.0,1000.0,793.0,993.0,1993.0,-3308011.0,0.0,0.0,0.0,1.0,0.0,0.0,0.0,-0.22153805691666445,-11.263825581356697,-0.044999917811196055,0.19384579980208289,3307008.0,3307069.0,61.0,473.0764108223855,11.044870350041515,11.516993937572936,-3.1199659318915316,204.0,3.1154410703541338,1.0,2.3711495154361826,0.7649986027903605,0.328845553235675,0.1730766069661447,3308293.0,3308323.0,30.0,172.06209701427866,1.6136866854550567,1.6173951043472625,3.044912252609472,-3.0236086904417023,-10.001715112933061,0.008190553880672509,0.5
153,18862.33371,3.4994928,2,54,2,1,1,1,2,1,-11.82692308,n/a,n/a,3309010.0,3312511.0,0.0,0.0,0.0,3310603.0,3309521.0,3311512.0,3309521.0,3310110.0,3311518.0,3312511.0,3501.0,511.0,589.0,993.0,1991.0,-3311518.0,0.0,0.0,0.0,1.0,0.0,0.0,0.0,-0.1765381391054684,-9.906904982742125,0.006923064278647363,-0.5192298208984342,3310584.0,3310663.0,79.0,372.21844703496384,9.744581867392965,10.31558415140836,3.0875719797805363,474.0,3.077792339888644,0.0,0.0,0.0,0.0,0.0,0.0,0.0,0.0,0.0,0.0,0.0,0.0,0.0,-9.970843080137893,-0.13923941597142084,0.5333333333333333
154,18865.84168,3.5076772,2,55,2,2,2,2,1,1,-11.82692308,n/a,n/a,3312518.0,3316027.0,0.0,0.0,0.0,3313695.0,3313035.0,3315027.0,3313035.0,3313428.0,3315034.0,3316028.0,3509.0,517.0,393.0,994.0,1992.0,-3315034.0,0.0,0.0,0.0,1.0,0.0,0.0,0.0,0.13153822129426843,9.944981836274675,0.19384579980208289,0.09692289990103947,3313670.0,3313718.0,48.0,511.7847920862445,9.813922234913262,9.885154610170309,0.00987622208922813,242.0,0.03467425395626332,0.0,0.0,0.0,0.0,0.0,0.0,0.0,0.0,0.0,0.0,0.0,0.0,0.0,10.149214825176651,-0.7125781876184571,0.31666666666666665
155,18869.35771,3.5078339,2,56,2,1,2,1,2,2,-11.82692308,n/a,n/a,3316034.0,3319544.0,0.0,0.0,0.0,3317411.0,3316551.0,3318543.0,3316551.0,3317144.0,3318551.0,3319544.0,3510.0,517.0,593.0,993.0,1992.0,-3318551.0,0.0,0.0,0.0,1.0,0.0,0.0,0.0,0.017307660696614473,-10.820749467523369,-0.1730766069661447,-0.21115346049869735,3317395.0,3317479.0,84.0,493.92106816868056,10.838124014853076,11.222960369823253,3.138079413493075,251.0,3.114447209611296,0.0,0.0,0.0,0.0,0.0,0.0,0.0,0.0,0.0,0.0,0.0,0.0,0.0,-9.936540821476594,-0.30305049358485925,0.42083333333333334
156,18872.87387,3.5078323,2,57,2,1,1,2,2,2,-11.82692308,n/a,n/a,3319550.0,3323059.0,0.0,0.0,0.0,3320917.0,3320067.0,3322060.0,3320067.0,3320660.0,3322066.0,3323059.0,3509.0,517.0,593.0,993.0,1993.0,-3322066.0,0.0,0.0,0.0,0.0,1.0,0.0,0.0,0.0,0.0,0.0,0.0,0.0,0.0,0.0,0.0,0.0,0.0,0.0,0.0,0.0,0.0,0.0,0.0,0.0,0.0,0.0,0.0,0.0,0.0,0.0,0.0,0.0,0.0,0.0,0.0,0.0
157,18876.39002,3.4995198,2,58,2,2,2,2,5,2,-11.82692308,n/a,n/a,3323066.0,3326567.0,0.0,0.0,0.0,3323993.0,3323577.0,3325568.0,3323577.0,3324767.0,3325574.0,3326567.0,3501.0,511.0,1190.0,993.0,1991.0,-3325574.0,0.0,0.0,0.0,0.0,0.0,1.0,0.0,-0.27346103900650787,10.370750289411388,0.1626920105481776,-0.9934597239856723,3323969.0,3324057.0,88.0,462.4025517341861,10.706816596789425,11.738706736653205,0.1081937322803953,-798.0,0.10072495913153634,0.0,0.0,0.0,0.0,0.0,0.0,0.0,0.0,0.0,0.0,0.0,0.0,0.0,0.0,0.0,0.0
158,18879.89787,3.7577653,2,59,2,1,2,1,2,1,-11.82692308,n/a,n/a,3326574.0,3330334.0,0.0,0.0,0.0,3328224.0,3327341.0,3329334.0,3327341.0,3327934.0,3329340.0,3330334.0,3760.0,767.0,593.0,994.0,1993.0,-3329340.0,0.0,1.0,0.0,0.0,0.0,0.0,0.0,0.0,0.0,0.0,0.0,0.0,0.0,0.0,0.0,0.0,0.0,0.0,0.0,0.0,0.0,0.0,0.0,0.0,0.0,0.0,0.0,0.0,0.0,0.0,0.0,0.0,0.0,0.0,0.0,0.0
159,18883.66397,3.5078263,2,60,2,1,2,2,5,2,-11.82692308,n/a,n/a,3330340.0,3333850.0,0.0,0.0,0.0,3332267.0,3330857.0,3332849.0,3330857.0,3332050.0,3332856.0,3333850.0,3510.0,517.0,1193.0,994.0,1992.0,-3332856.0,0.0,0.0,0.0,1.0,0.0,0.0,0.0,0.21461499263802103,-9.128060251394475,-0.15923047840885393,0.9103829526419196,3332249.0,3332329.0,80.0,416.25633627375953,9.403704249248904,9.604625843074068,-3.0276021114281613,199.0,-3.0136614561394266,1.0,-10.024597075479102,-10.062673929011655,1.2599976987135328,1.2634592308528565,3332782.0,3332802.0,20.0,29.564087485029617,0.038233872151418775,0.16005609566288367,-3.0509327663890295,2.765102319143269,-10.162935728641166,0.7781026186638332,0.6958333333333333
160,18887.18037,3.707567,2,61,2,1,2,1,1,1,-11.82692308,n/a,n/a,3333857.0,3337566.0,0.0,0.0,0.0,3335373.0,3334573.0,3336566.0,3334573.0,3334966.0,3336573.0,3337566.0,3709.0,716.0,393.0,993.0,1993.0,-3336573.0,0.0,0.0,0.0,1.0,0.0,0.0,0.0,-0.28038410328515523,-11.11151816722649,0.08999983562239604,0.19730733194140657,3335352.0,3335401.0,49.0,449.4404002533929,10.83166561567687,10.85363443683977,-3.131685659089383,386.0,3.123731714208258,1.0,-11.114979699365815,-11.042287524440033,0.19384579980208289,0.26307644258854074,3335403.0,3335428.0,25.0,110.48772225319406,0.1003844320403645,0.8372329293372137,-0.7610127542247244,0.12435499454676144,-9.909099014547555,-0.4340993556756115,0.3875
161,18890.90463,3.5078311,2,62,2,1,1,1,3,2,-11.82692308,n/a,n/a,3337581.0,3341090.0,0.0,0.0,0.0,3339190.0,3338097.0,3340091.0,3338098.0,3338890.0,3340097.0,3341091.0,3509.0,517.0,792.0,994.0,1994.0,-3340097.0,0.0,0.0,0.0,1.0,0.0,0.0,0.0,-0.17999967124479208,-9.062291140747336,-0.024230724975261835,-0.8515369062734328,3339175.0,3339248.0,73.0,472.9494006657107,8.920736363485462,8.985660060252835,3.0487195256677118,285.0,3.0242138455645806,1.0,0.41538385671874734,-0.6299988493567683,-0.1488458819908829,-0.21115346049869735,3340794.0,3340827.0,33.0,89.74800446371441,1.0472379082621461,1.0284945394473133,3.0820604335145427,0.20333608402827558,-9.967412854271766,-0.15562052373276586,0.5375
162,18894.42078,3.5079896,2,63,2,1,1,1,4,1,-11.82692308,n/a,n/a,3341097.0,3344607.0,0.0,0.0,0.0,3342813.0,3341614.0,3343606.0,3341614.0,3342607.0,3343613.0,3344607.0,3510.0,517.0,993.0,994.0,1992.0,-3343613.0,0.0,0.0,0.0,1.0,0.0,0.0,0.0,-0.28038410328515523,-9.951904900553322,-0.11423056059765394,-0.623075785078121,3342798.0,3342841.0,43.0,442.9788226803161,9.684897417859789,9.68105389606682,3.08902837731877,191.0,3.0832777572107934,1.0,-9.938058771996031,-9.893058854184831,-0.6126911886601539,-0.4292299852760381,3342843.0,3342866.0,23.0,112.24062072256801,0.18889945936969393,0.935337754784893,-1.3302620788489827,0.23151448577615918,-9.922819918012076,-0.3685749246302354,0.5916666666666667
163,18897.93697,3.5080157,2,64,2,1,1,2,1,2,-11.82692308,n/a,n/a,3344613.0,3348123.0,0.0,0.0,0.0,3345896.0,3345130.0,3347122.0,3345130.0,3345523.0,3347129.0,3348123.0,3510.0,517.0,393.0,994.0,1992.0,-3347129.0,0.0,0.0,0.0,1.0,0.0,0.0,0.0,-0.12807668915494866,-10.214981343141861,-0.46730683880859075,0.1488458819908829,3345878.0,3345947.0,69.0,401.5679822714803,10.105705797912952,10.316077223277334,-3.080584038804504,355.0,-3.0673685602917535,1.0,-0.12807668915494866,-10.214981343141861,-0.46730683880859075,0.1488458819908829,3345878.0,3345947.0,69.0,401.5679822714803,10.105705797912952,10.316077223277334,-3.080584038804504,-3.0673685602917535,-10.101191663050828,0.4832426789596426,0.375
164,18901.45314,3.824444,2,65,2,1,1,1,1,1,-11.82692308,n/a,n/a,3348129.0,3351955.0,0.0,0.0,0.0,3349379.0,3348962.0,3350956.0,3348962.0,3349355.0,3350962.0,3351955.0,3826.0,833.0,393.0,993.0,1994.0,-3350962.0,0.0,1.0,0.0,0.0,0.0,0.0,0.0,0.0,0.0,0.0,0.0,0.0,0.0,0.0,0.0,0.0,0.0,0.0,0.0,0.0,0.0,0.0,0.0,0.0,0.0,0.0,0.0,0.0,0.0,0.0,0.0,0.0,0.0,0.0,0.0,0.0
165,18905.28592,3.5078429,2,66,2,2,1,2,3,1,-11.82692308,n/a,n/a,3351962.0,3355471.0,0.0,0.0,0.0,3353505.0,3352479.0,3354472.0,3352479.0,3353271.0,3354478.0,3355472.0,3509.0,517.0,792.0,994.0,1993.0,-3354478.0,0.0,0.0,0.0,1.0,0.0,0.0,0.0,-0.03461532139322895,10.77228801757285,-0.0,-0.48115296736588153,3353485.0,3353574.0,89.0,538.3745936308828,10.817609160797092,10.923097086587028,0.04449335800646982,214.0,0.047552956462003526,0.0,0.0,0.0,0.0,0.0,0.0,0.0,0.0,0.0,0.0,0.0,0.0,0.0,10.005145338799192,-0.024571661642017528,0.5041666666666667
166,18908.80209,3.5078137,2,67,2,2,1,1,1,1,-11.82692308,n/a,n/a,3355478.0,3358987.0,0.0,0.0,0.0,3356678.0,3355995.0,3357988.0,3355995.0,3356388.0,3357995.0,3358987.0,3509.0,517.0,393.0,992.0,1993.0,-3357995.0,0.0,0.0,0.0,1.0,0.0,0.0,0.0,-0.22499958905598813,11.80728612723039,0.024230724975261835,-0.15230741413020657,3356661.0,3356731.0,70.0,532.5302790627522,12.033580733634857,13.49663987822898,0.014670984149972411,273.0,0.03232130380893514,1.0,11.810747659369717,11.828055320066332,-0.1488458819908829,-0.2007688640807263,3356735.0,3356757.0,22.0,56.20179986549239,0.05473162877067824,0.29278096384959734,1.2490457723982544,0.42662749312687387,9.864506078287869,0.647053756573081,0.3333333333333333
167,18912.31838,3.5077116,2,68,2,1,2,2,4,2,-11.82692308,n/a,n/a,3358995.0,3362503.0,0.0,0.0,0.0,3360704.0,3359511.0,3361504.0,3359511.0,3360504.0,3361511.0,3362503.0,3508.0,516.0,993.0,992.0,1993.0,-3361511.0,0.0,0.0,0.0,1.0,0.0,0.0,0.0,-0.07269217492578157,-8.761137844626246,0.14538434985156315,0.5399990137343723,3360688.0,3360758.0,70.0,376.9274905010162,8.697402421889429,8.676111930329581,-3.0962055183110424,184.0,-3.075714510935879,0.0,0.0,0.0,0.0,0.0,0.0,0.0,0.0,0.0,0.0,0.0,0.0,0.0,-10.073749856121792,0.3521938168688943,0.5875
168,18915.83442,3.5078332,2,69,2,1,1,2,2,1,-11.82692308,n/a,n/a,3362510.0,3366020.0,0.0,0.0,0.0,3363994.0,3363027.0,3365020.0,3363027.0,3363620.0,3365027.0,3366020.0,3510.0,517.0,593.0,993.0,1993.0,-3365027.0,0.0,0.0,0.0,1.0,0.0,0.0,0.0,-0.1626920105481776,-6.808833718048135,0.5019221602018197,-0.01384612855729079,3363979.0,3364030.0,51.0,319.06448082696824,6.666124550581091,7.0950449305614525,3.064143714353054,359.0,3.039448157815299,0.0,0.0,0.0,0.0,0.0,0.0,0.0,0.0,0.0,0.0,0.0,0.0,0.0,-10.018866242263712,0.09009609268738973,0.475
169,18919.35059,3.5161988,2,70,2,1,2,1,4,1,-11.82692308,n/a,n/a,3366027.0,3369544.0,0.0,0.0,0.0,3367770.0,3366553.0,3368545.0,3366554.0,3367543.0,3368552.0,3369544.0,3517.0,527.0,989.0,992.0,1992.0,-3368552.0,0.0,0.0,0.0,1.0,0.0,0.0,0.0,0.2561533783098934,-10.17690448960931,0.05192298208984342,1.142305605976555,3367741.0,3367815.0,74.0,436.86979753136893,10.489882303525853,10.589153272713732,-3.037458425791117,198.0,-3.02133283949117,1.0,0.2561533783098934,-10.17690448960931,0.05192298208984342,1.142305605976555,3367741.0,3367815.0,74.0,436.86979753136893,10.489882303525853,10.589153272713732,-3.037458425791117,-3.02133283949117,-10.080610307854053,0.3849560323915804,0.5958333333333333
170,18922.87511,3.5078332,2,71,2,1,2,2,1,2,-11.82692308,n/a,n/a,3369551.0,3373060.0,0.0,0.0,0.0,3370944.0,3370068.0,3372061.0,3370068.0,3370461.0,3372068.0,3373060.0,3509.0,517.0,393.0,992.0,1993.0,-3372068.0,0.0,0.0,0.0,1.0,0.0,0.0,0.0,-0.08307677134374868,-8.89613759805984,0.4223069209973947,0.7719216670690039,3370924.0,3370963.0,39.0,439.17447728179565,8.819992721429447,8.809013738933341,-3.1019433730521326,463.0,-3.094420749870958,1.0,-8.913445258756454,-8.684984137561141,0.7719216670690039,0.7303832813971315,3370965.0,3371003.0,38.0,120.75461690806421,0.23220663509478828,0.7238824339597241,0.17985349979246765,-0.22178096902260058,-9.943401273208856,-0.27028827806217315,0.42916666666666664
171,18926.39125,3.5578206,2,72,2,2,2,2,5,1,-11.82692308,n/a,n/a,3373067.0,3376627.0,0.0,0.0,0.0,3375034.0,3373634.0,3375627.0,3373634.0,3374826.0,3375633.0,3376627.0,3560.0,567.0,1192.0,994.0,1993.0,-3375633.0,0.0,0.0,0.0,1.0,0.0,0.0,0.0,0.5676912708489539,10.42613480364056,0.10730749631901051,1.0799980274687426,3375018.0,3375085.0,67.0,532.3464931549527,9.906312924525905,10.316895473111881,-0.09834741964500383,192.0,-0.10183871552217312,0.0,0.0,0.0,0.0,0.0,0.0,0.0,0.0,0.0,0.0,0.0,0.0,0.0,9.840494497224958,0.7617215109024883,0.6916666666666667
172,18929.95753,3.824313,2,73,2,1,2,2,5,1,-11.82692308,n/a,n/a,3376634.0,3380460.0,0.0,0.0,0.0,3378866.0,3377467.0,3379459.0,3377467.0,3378660.0,3379466.0,3380460.0,3826.0,833.0,1193.0,994.0,1992.0,-3379466.0,0.0,0.0,0.0,1.0,0.0,0.0,0.0,-0.21461499263802103,-10.782672613990815,0.4223069209973947,1.4919203520481683,3378846.0,3378918.0,72.0,488.5000147470229,10.622048520888855,10.887399059484041,-3.0407242221743296,186.0,-3.0367989233799197,0.0,0.0,0.0,0.0,0.0,0.0,0.0,0.0,0.0,0.0,0.0,0.0,0.0,-10.15607527690891,0.7453404031411432,0.6875
173,18933.79018,3.8161254,2,74,2,2,2,2,3,1,-11.82692308,n/a,n/a,3380466.0,3384284.0,0.0,0.0,0.0,3382343.0,3381292.0,3383284.0,3381292.0,3382082.0,3383291.0,3384284.0,3818.0,826.0,790.0,993.0,1992.0,-3383291.0,0.0,0.0,0.0,1.0,0.0,0.0,0.0,-0.04153838567187631,11.052672120858,-0.09692289990103947,0.5226913530377578,3382324.0,3382378.0,54.0,573.4529457736712,11.111499835109695,11.097587821410515,-0.05579227219366769,242.0,-0.07055187579178772,1.0,11.04921058871868,10.505750042844985,0.5469220780130157,0.543460545873696,3382380.0,3382405.0,25.0,117.727438043693,0.5434715697495934,0.8539958280979922,3.135223312971136,3.023773513688964,9.984563983602417,0.07371498492604865,0.5166666666666667
174,18937.61464,3.6828245,2,75,2,2,2,2,1,2,-11.82692308,n/a,n/a,3384290.0,3387975.0,0.0,0.0,0.0,3385633.0,3384984.0,3386975.0,3384984.0,3385374.0,3386982.0,3387975.0,3685.0,694.0,390.0,993.0,1991.0,-3386982.0,0.0,0.0,0.0,1.0,0.0,0.0,0.0,-0.20769192835937367,11.45767138115878,0.062307578507810525,-0.079615239204425,3385614.0,3385703.0,89.0,557.3174244271203,11.666226606287044,12.346002162762083,0.012165571898457003,240.0,0.01878634822795697,1.0,0.6992294921432263,-0.8169215848802038,0.5296144173164012,0.03461532139322895,3386959.0,3387034.0,75.0,114.26697663794494,1.5949100894169757,2.1101722512100074,2.826019096814161,-2.8623916879337448,10.149214825176651,-0.7125781876184571,0.31666666666666665
175,18941.30582,3.5079787,2,76,2,2,1,1,5,2,-11.82692308,n/a,n/a,3387982.0,3391491.0,0.0,0.0,0.0,3389948.0,3388498.0,3390491.0,3388498.0,3389691.0,3390498.0,3391491.0,3509.0,516.0,1193.0,993.0,1993.0,-3390498.0,0.0,0.0,0.0,1.0,0.0,0.0,0.0,0.10038443204036315,10.595749878467377,-0.05192298208984342,-1.0973056881653591,3389933.0,3389979.0,46.0,458.41165367035126,10.547299220948265,10.605857119385423,0.0992767773887608,242.0,0.09872684970388826,1.0,10.602672942746024,10.253058196674415,-1.11115181672265,-2.014611705085926,3389981.0,3390029.0,48.0,150.66614384738185,0.968746737053653,1.5415792600421816,1.9400224922621179,2.5236924193540466,10.180086857971816,-0.8600081574705505,0.7166666666666667
176,18944.82196,3.8827773,2,77,2,2,1,2,5,1,-11.82692308,n/a,n/a,3391498.0,3395382.0,0.0,0.0,0.0,3393091.0,3392390.0,3394382.0,3392390.0,3393583.0,3394389.0,3395382.0,3884.0,892.0,1193.0,993.0,1992.0,-3394389.0,0.0,0.0,0.0,0.0,0.0,1.0,0.0,-0.21115346049869735,9.692289990104104,0.1903842676627592,0.7407678778150986,3393071.0,3393118.0,47.0,413.514670574526,9.918725437152288,10.075808937931804,-0.055517863706329544,-512.0,-0.05740417230522607,0.0,0.0,0.0,0.0,0.0,0.0,0.0,0.0,0.0,0.0,0.0,0.0,0.0,0.0,0.0,0.0
177,18948.71308,3.5078268,2,78,2,1,1,2,3,1,-11.82692308,n/a,n/a,3395389.0,3398898.0,0.0,0.0,0.0,3396948.0,3395906.0,3397899.0,3395906.0,3396698.0,3397905.0,3398898.0,3509.0,517.0,792.0,993.0,1993.0,-3397905.0,0.0,0.0,0.0,1.0,0.0,0.0,0.0,-0.34961474607161314,-10.301519646624934,0.07615370706510526,-0.19384579980208289,3396921.0,3396978.0,57.0,368.2918552272654,9.955566828833291,9.970728068289043,3.1144688724160097,223.0,3.109994976346521,0.0,0.0,0.0,0.0,0.0,0.0,0.0,0.0,0.0,0.0,0.0,0.0,0.0,-9.991424435334674,-0.04095276940335861,0.5083333333333333
178,18952.22924,3.5078915,2,79,2,2,1,2,5,2,-11.82692308,n/a,n/a,3398905.0,3402415.0,0.0,0.0,0.0,3400981.0,3399422.0,3401414.0,3399422.0,3400615.0,3401421.0,3402415.0,3510.0,517.0,1193.0,994.0,1992.0,-3401421.0,0.0,0.0,0.0,1.0,0.0,0.0,0.0,-0.3634608746289039,10.090366186126237,0.21115346049869735,-1.699612280407542,3400955.0,3401028.0,73.0,534.3447294248101,10.627018675658636,10.89730452019328,0.18078579179599985,340.0,0.1804501414809214,0.0,0.0,0.0,0.0,0.0,0.0,0.0,0.0,0.0,0.0,0.0,0.0,0.0,10.221249568365376,-1.056581450606675,0.7666666666666667
179,18955.74544,3.7161077,2,80,2,2,2,2,4,2,-11.82692308,n/a,n/a,3402421.0,3406139.0,0.0,0.0,0.0,3404114.0,3403147.0,3405139.0,3403147.0,3404139.0,3405146.0,3406139.0,3718.0,726.0,992.0,993.0,1992.0,-3405146.0,0.0,0.0,0.0,1.0,0.0,0.0,0.0,0.07269217492578157,9.692289990104104,-0.3703839389075513,-0.2769225711458316,3404101.0,3404154.0,53.0,461.0531103420984,9.620051826941861,9.686356591385444,-0.009715419391971623,-38.0,0.014294951877850586,1.0,0.07269217492578157,9.692289990104104,-0.3703839389075513,-0.2769225711458316,3404101.0,3404154.0,53.0,461.0531103420984,9.620051826941861,9.686356591385444,-0.009715419391971623,0.014294951877850586,10.018866242263716,-0.09009609268738973,0.475
180,18959.47001,3.9992725,2,81,2,1,2,2,1,2,-11.82692308,n/a,n/a,3406146.0,3410147.0,0.0,0.0,0.0,3407989.0,3407155.0,3409146.0,3407155.0,3407545.0,3409153.0,3410147.0,4001.0,1009.0,390.0,994.0,1991.0,-3409153.0,0.0,1.0,0.0,0.0,0.0,0.0,0.0,0.0,0.0,0.0,0.0,0.0,0.0,0.0,0.0,0.0,0.0,0.0,0.0,0.0,0.0,0.0,0.0,0.0,0.0,0.0,0.0,0.0,0.0,0.0,0.0,0.0,0.0,0.0,0.0,0.0
181,18963.47764,3.507834,2,82,2,2,2,2,5,1,-11.82692308,n/a,n/a,3410153.0,3413662.0,0.0,0.0,0.0,3412053.0,3410670.0,3412663.0,3410670.0,3411863.0,3412670.0,3413663.0,3509.0,517.0,1193.0,993.0,1993.0,-3412670.0,0.0,0.0,0.0,1.0,0.0,0.0,0.0,0.048461449950519736,10.592288346328056,0.28384563542447894,0.9311521454778579,3412037.0,3412108.0,71.0,543.9496683303483,10.563677926684997,11.399456024686389,-0.061315035123805844,174.0,-0.07050698033855275,0.0,0.0,0.0,0.0,0.0,0.0,0.0,0.0,0.0,0.0,0.0,0.0,0.0,9.847354948957218,0.7289592953797982,0.6833333333333333
182,18966.99398,3.632687,2,83,2,2,2,2,1,1,-11.82692308,n/a,n/a,3413670.0,3417304.0,0.0,0.0,0.0,3415080.0,3414313.0,3416304.0,3414313.0,3414703.0,3416311.0,3417304.0,3634.0,643.0,390.0,993.0,1991.0,-3416311.0,0.0,0.0,0.0,1.0,0.0,0.0,0.0,0.07269217492578157,10.291135050206963,0.34961474607161314,0.15923047840885393,3415058.0,3415116.0,58.0,612.7523002335347,10.220216287572304,11.35742673887332,0.018629280917168728,355.0,-0.06068874080817639,1.0,10.259981260953062,10.703057374786392,0.15923047840885393,0.33923014965364207,3415118.0,3415148.0,30.0,99.17187216085448,0.4782429553039719,0.8889737522473533,-0.3858826693980704,-0.30451088320210995,10.104621888916965,-0.4996237867209876,0.37083333333333335
183,18970.63494,3.5078495,2,84,2,1,2,2,3,2,-11.82692308,n/a,n/a,3417311.0,3420820.0,0.0,0.0,0.0,3418177.0,3417827.0,3419820.0,3417827.0,3418620.0,3419827.0,3420820.0,3509.0,516.0,793.0,993.0,1993.0,-3419827.0,0.0,0.0,0.0,0.0,0.0,1.0,0.0,0.03461532139322895,-10.412288675083264,0.2319226533346355,-0.41538385671874734,3418164.0,3418231.0,67.0,505.2022191002952,10.466938847129757,10.748369439111263,3.079710202490314,-456.0,3.069390324190905,0.0,0.0,0.0,0.0,0.0,0.0,0.0,0.0,0.0,0.0,0.0,0.0,0.0,0.0,0.0,0.0
184,18974.15112,3.4995001,2,85,2,1,2,2,1,2,-11.82692308,n/a,n/a,3420827.0,3424328.0,0.0,0.0,0.0,3421543.0,3421337.0,3423329.0,3421337.0,3421728.0,3423335.0,3424328.0,3501.0,510.0,391.0,993.0,1992.0,-3423335.0,0.0,1.0,0.0,0.0,0.0,0.0,0.0,0.0,0.0,0.0,0.0,0.0,0.0,0.0,0.0,0.0,0.0,0.0,0.0,0.0,0.0,0.0,0.0,0.0,0.0,0.0,0.0,0.0,0.0,0.0,0.0,0.0,0.0,0.0,0.0,0.0
185,18977.65903,3.5077454,2,86,2,2,2,1,5,2,-11.82692308,n/a,n/a,3424335.0,3427844.0,0.0,0.0,0.0,3426244.0,3424851.0,3426844.0,3424851.0,3426044.0,3426851.0,3427844.0,3509.0,516.0,1193.0,993.0,1993.0,-3426851.0,0.0,0.0,0.0,1.0,0.0,0.0,0.0,-0.1730766069661447,9.768443697169209,-0.0034615321393236813,0.9969212561249939,3426219.0,3426277.0,58.0,499.9075105247623,9.991726161209133,10.385063137397482,-0.10028914949863914,175.0,-0.11592091165587909,1.0,1.6823046197109275,-33.26532385889301,0.5849989315455684,18.726888873736858,3427254.0,3427343.0,89.0,17400.3496044557,39.375943251598564,52.61396583143358,-2.662769077682658,-2.3826216943987792,9.847354948957218,0.7289592953797982,0.6833333333333333
186,18981.17511,3.5078378,2,87,2,1,1,2,3,2,-11.82692308,n/a,n/a,3427851.0,3431360.0,0.0,0.0,0.0,3428860.0,3428367.0,3430360.0,3428367.0,3429161.0,3430367.0,3431360.0,3509.0,516.0,794.0,993.0,1993.0,-3430367.0,0.0,0.0,0.0,0.0,0.0,1.0,0.0,0.7338448135364551,-8.9203683230351,-0.2319226533346355,0.6853833635859315,3428846.0,3428895.0,49.0,496.05767160539165,9.69769465466043,11.692357193452676,-3.046860917124536,-315.0,-3.0511739950423338,0.0,0.0,0.0,0.0,0.0,0.0,0.0,0.0,0.0,0.0,0.0,0.0,0.0,0.0,0.0,0.0
187,18984.69127,3.5078395,2,88,2,1,1,2,3,1,-11.82692308,n/a,n/a,3431367.0,3434876.0,0.0,0.0,0.0,3433160.0,3431883.0,3433877.0,3431884.0,3432677.0,3433883.0,3434876.0,3509.0,517.0,793.0,993.0,1994.0,-3433883.0,0.0,0.0,0.0,1.0,0.0,0.0,0.0,0.19384579980208289,-8.196908105916613,-0.20423039622005,-0.8411523098554617,3433137.0,3433209.0,72.0,433.2546115262864,8.414892787813908,8.78220447586479,3.065830353092597,460.0,3.052395849240455,1.0,-10.685749714089777,-10.232289003838476,-0.917306016920567,-0.7753831992083275,3433411.0,3433430.0,19.0,39.234939423365965,0.4751512411106541,0.4853680331671285,-0.30331946200254434,0.3646136755611894,-9.895378111083037,-0.4996237867209876,0.625
188,18988.2076,3.6493139,2,89,2,1,2,1,2,1,-11.82692308,n/a,n/a,3434883.0,3438534.0,0.0,0.0,0.0,3436449.0,3435543.0,3437535.0,3435543.0,3436133.0,3437541.0,3438534.0,3651.0,660.0,590.0,993.0,1992.0,-3437541.0,0.0,0.0,0.0,1.0,0.0,0.0,0.0,0.3115378925390605,-11.218825663545502,0.11769209273697762,0.3946146638828092,3436432.0,3436474.0,42.0,459.0954647730024,11.533688475327095,11.528496505347547,-3.1175804579144666,299.0,-3.103150063568605,1.0,-11.215364131406178,-11.059595185136647,0.39807619602213284,0.5019221602018197,3436476.0,3436502.0,26.0,118.33794389109212,0.1872109742999288,0.8558878838327465,-0.5880026035475675,-0.16248910921720353,-9.957122176673375,-0.20476384701679698,0.44583333333333336
189,18991.86525,3.5078665,2,90,2,1,2,2,5,1,-11.82692308,n/a,n/a,3438541.0,3442051.0,0.0,0.0,0.0,3440467.0,3439057.0,3441050.0,3439057.0,3440250.0,3441057.0,3442051.0,3510.0,516.0,1193.0,994.0,1993.0,-3441057.0,0.0,0.0,0.0,1.0,0.0,0.0,0.0,0.31846095681770786,-11.052672120858,-0.0034615321393236813,1.2530746344348873,3440444.0,3440515.0,71.0,501.21775473374896,11.440347486336227,11.749201919598681,-3.031536875807691,194.0,-3.0196129514879915,1.0,-10.754980356876235,-10.516134639262951,1.1353825416979098,1.0488442382148373,3440647.0,3440673.0,26.0,82.51800221223147,0.2540396716891525,0.7436495786988643,0.3476068597558977,-0.13070594841859393,-10.15950550277504,0.7617215109024883,0.6916666666666667
190,18995.38152,3.6244475,2,91,2,2,1,1,2,1,-11.82692308,n/a,n/a,3442057.0,3445683.0,0.0,0.0,0.0,3443523.0,3442690.0,3444683.0,3442690.0,3443283.0,3444690.0,3445683.0,3626.0,633.0,593.0,993.0,1993.0,-3444690.0,0.0,0.0,0.0,1.0,0.0,0.0,0.0,-0.12461515701562499,11.063056717275968,0.07269217492578157,-0.4049992603007802,3443504.0,3443563.0,59.0,591.0216275854182,11.197865469548379,11.863980133356064,0.04267210026472291,221.0,0.06101740951197096,0.0,0.0,0.0,0.0,0.0,0.0,0.0,0.0,0.0,0.0,0.0,0.0,0.0,9.926250143878205,0.35219381686889034,0.4083333333333333
191,18999.01425,3.5078324,2,92,2,1,2,1,1,2,-11.82692308,n/a,n/a,3445690.0,3449199.0,0.0,0.0,0.0,3446890.0,3446206.0,3448200.0,3446206.0,3446600.0,3448206.0,3449200.0,3509.0,516.0,394.0,994.0,1994.0,-3448206.0,0.0,0.0,0.0,1.0,0.0,0.0,0.0,0.19730733194140657,-10.228827471699153,0.08999983562239604,0.10038443204036315,3446871.0,3446918.0,47.0,390.5766358072001,10.426139975251038,10.413283472818875,-3.1405966379829033,271.0,3.1123359556941415,1.0,-10.232289003838476,-10.218442875281186,0.09346136776171972,0.12461515701562499,3446921.0,3446946.0,25.0,93.8097207755306,0.034092137816537214,0.7079489108321847,-1.1525719972156792,0.15711026534695685,-9.864506078287869,-0.647053756573081,0.3333333333333333
192,19002.53888,3.5076962,2,93,2,2,2,1,4,1,-11.82692308,n/a,n/a,3449216.0,3452724.0,0.0,0.0,0.0,3450649.0,3449732.0,3451723.0,3449732.0,3450724.0,3451730.0,3452724.0,3508.0,516.0,992.0,994.0,1991.0,-3451730.0,0.0,0.0,0.0,1.0,0.0,0.0,0.0,0.36692240676822757,6.815756782326782,-0.15230741413020657,0.41538385671874734,3450626.0,3450709.0,83.0,242.25023765506853,6.473773102479249,6.906043771662733,-0.08780372030500232,-98.0,-0.10545412410007726,0.0,0.0,0.0,0.0,0.0,0.0,0.0,0.0,0.0,0.0,0.0,0.0,0.0,10.042877823326618,-0.20476384701679698,0.44583333333333336
193,19006.05492,3.6411469,2,94,2,1,2,1,5,2,-11.82692308,n/a,n/a,3452730.0,3456373.0,0.0,0.0,0.0,3454507.0,3453380.0,3455374.0,3453380.0,3454574.0,3455380.0,3456373.0,3643.0,650.0,1194.0,993.0,1994.0,-3455380.0,0.0,0.0,0.0,1.0,0.0,0.0,0.0,0.06576911064713421,-9.06575267288666,-0.05192298208984342,0.6923064278645789,3454488.0,3454561.0,73.0,336.06834441093866,9.161799359175756,9.254330269054696,-3.0602712559071166,-86.0,-3.0449387306880236,0.0,0.0,0.0,0.0,0.0,0.0,0.0,0.0,0.0,0.0,0.0,0.0,0.0,-10.046308049192753,0.221144954778142,0.5541666666666667
194,19009.70441,3.7411198,2,95,2,1,1,2,5,1,-11.82692308,n/a,n/a,3456380.0,3460122.0,0.0,0.0,0.0,3458579.0,3457130.0,3459123.0,3457130.0,3458323.0,3459129.0,3460122.0,3742.0,750.0,1193.0,993.0,1993.0,-3459129.0,0.0,0.0,0.0,1.0,0.0,0.0,0.0,-0.048461449950519736,-11.229210259963468,0.19730733194140657,-1.2426900380169184,3458563.0,3458654.0,91.0,424.12519750049404,11.273097905105448,11.815746141625533,3.0135051961807857,240.0,3.0194178881466653,1.0,-11.225748727824145,-11.059595185136647,-1.2426900380169184,-1.4711511592122302,3458656.0,3458675.0,19.0,59.844363683096056,0.2824915638482412,0.4440486025107606,0.9420000403794698,0.5404195002705857,-9.81991314202818,-0.8600081574705505,0.7166666666666667
195,19013.45386,3.6495187,2,96,2,1,1,1,4,2,-11.82692308,n/a,n/a,3460129.0,3463780.0,0.0,0.0,0.0,3461805.0,3460790.0,3462781.0,3460790.0,3461779.0,3462788.0,3463780.0,3651.0,661.0,989.0,992.0,1991.0,-3462788.0,0.0,0.0,0.0,1.0,0.0,0.0,0.0,0.0692306427864579,-10.588826814188733,-0.08999983562239604,-0.3634608746289039,3461779.0,3461863.0,84.0,314.89849998805255,10.661565067851859,10.99860861879514,3.1159406005940826,0.0,-3.1028718590833853,1.0,2.08038081573306,1.2703822951315038,0.3115378925390605,0.21115346049869735,3463410.0,3463442.0,32.0,113.33691513668006,0.8161952202584725,1.1140595811588707,3.0182897365086236,-2.85817140044174,-10.001715112933061,0.008190553880672509,0.49583333333333335
196,19017.11169,3.5078194,2,97,2,2,1,2,5,2,-11.82692308,n/a,n/a,3463787.0,3467297.0,0.0,0.0,0.0,3465814.0,3464304.0,3466296.0,3464304.0,3465497.0,3466303.0,3467297.0,3510.0,517.0,1193.0,994.0,1992.0,-3466303.0,0.0,0.0,0.0,1.0,0.0,0.0,0.0,-0.2423072497526026,10.124981507519466,0.40153772816145655,-1.516151077023426,3465793.0,3465846.0,53.0,518.8530823467169,10.543159229101647,10.761413518032084,0.18290755308162826,296.0,0.17752310525395465,1.0,10.131904571798113,10.287673518067644,-1.5230741413020736,-1.484997287769521,3465848.0,3465874.0,26.0,45.44519913632924,0.16035526619621593,0.3448526963201651,-0.23974310887046135,-0.6214163465967484,10.204098439034727,-0.9746759117999577,0.7458333333333333
197,19020.62784,3.7244711,2,98,2,2,2,2,4,2,-11.82692308,n/a,n/a,3467303.0,3471029.0,0.0,0.0,0.0,3468996.0,3468037.0,3470030.0,3468037.0,3469030.0,3470036.0,3471029.0,3726.0,734.0,993.0,993.0,1993.0,-3470036.0,0.0,0.0,0.0,1.0,0.0,0.0,0.0,0.2423072497526026,6.968064196456985,0.11769209273697762,0.3461532139322894,3468974.0,3469017.0,43.0,360.6542559356995,6.7296360221069955,6.688121728523583,-0.033955035137996595,-56.0,0.03416588153140812,1.0,9.882674257766864,9.98305868980723,0.7546140063723894,0.8480753741341092,3469324.0,3469353.0,29.0,51.11542148787385,0.13715706857453064,0.2653665716041638,-0.749699050718117,-2.6078844619505284,10.025726693995969,-0.12285830821007977,0.4666666666666667
198,19024.36076,3.5077185,2,99,2,1,2,2,4,2,-11.82692308,n/a,n/a,3471036.0,3474545.0,0.0,0.0,0.0,3471929.0,3471553.0,3473546.0,3471553.0,3472545.0,3473553.0,3474545.0,3509.0,517.0,992.0,992.0,1993.0,-3473553.0,0.0,0.0,0.0,0.0,0.0,1.0,0.0,-0.5192298208984342,-10.72728809976165,0.3011532961210934,-0.6749987671679644,3471898.0,3471995.0,97.0,492.62857742107605,10.25462464819319,11.1028911819313,3.0462569042531,-647.0,3.0400936944717905,0.0,0.0,0.0,0.0,0.0,0.0,0.0,0.0,0.0,0.0,0.0,0.0,0.0,0.0,0.0,0.0
199,19027.87681,3.5077756,2,100,2,2,1,2,4,1,-11.82692308,n/a,n/a,3474552.0,3478062.0,0.0,0.0,0.0,3476262.0,3475069.0,3477062.0,3475069.0,3476062.0,3477068.0,3478062.0,3510.0,517.0,993.0,994.0,1993.0,-3477068.0,0.0,0.0,0.0,1.0,0.0,0.0,0.0,0.46384530666926704,11.139210424341073,0.01384612855729079,-0.5711528029882775,3476240.0,3476289.0,49.0,398.07995853928696,10.691381769701866,10.682367260729631,0.05474420859094204,178.0,0.057062295896797066,1.0,11.132287360062426,11.391902270511642,-0.5607682065703105,-0.9138444847812434,3476291.0,3476327.0,36.0,86.58636697107929,0.4382496548348202,0.6732301812402007,0.9367736071314713,0.6980299035449354,10.073749856121792,-0.3521938168688943,0.5875
