,angle_test,report_right_prct,report_right_num
0,-65,0.0,2.0
1,-60,0.0,2.0
2,-55,0.0,3.0
3,-50,0.0,4.0
4,-45,0.125,16.0
5,-40,0.36363636363636365,33.0
6,-35,0.4,45.0
7,-30,0.5531914893617021,47.0
8,-25,0.7,30.0
9,-20,0.7692307692307693,13.0
10,-15,1.0,5.0
