,onset,duration,run_number,trial_number,task,ext_mot_pos,ext_mot_ver_dir,staircase_num,fix_off_prct,trial_type,ext_mot_ori,direction_report,response_duration,trial_onset,trial_offset,button_press_onset,button_left,button_right,fix_break,motion_onset,motion_offset,fixation_onset,fixation_offset,response_onset,response_offset,trial_duration,fix_check_duration,fixation_duration,response_duration,motion_duration,reaction_time,miss_time_trial,blink_trial,no_saccade_trial,main_sac_trial,innacurate_sac_trial,early_sac_trial,late_sac_trial,sac_x_onset_trial,sac_x_offset_trial,sac_y_onset_trial,sac_y_offset_trial,sac_t_onset_trial,sac_t_offset_trial,sac_dur_trial,sac_vpeak_trial,sac_dist_trial,sac_amp_trial,sac_dist_ang_trial,sac_lat_trial,sac_amp_ang_trial,cor_sac_trial,cor_sac_x_onset_trial,cor_sac_x_offset_trial,cor_sac_y_onset_trial,cor_sac_y_offset_trial,cor_sac_t_onset_trial,cor_sac_t_offset_trial,cor_sac_dur_trial,cor_sac_vpeak_trial,cor_sac_dist_trial,cor_sac_amp_trial,cor_sac_dist_ang_trial,cor_sac_amp_ang_trial,gabor_sac_onset_x,gabor_sac_onset_y,sac_onset_gabor_path_prct
0,36504.52845,3.699288419,1,1,2,1,1,2,2,2,-16.53846154,n/a,n/a,2647478.0,2651177.0,0.0,0.0,0.0,2650152.0,2648176.0,2650176.0,2648176.0,2648776.0,2650184.0,2651178.0,3699.0,698.0,600.0,994.0,2000.0,-2650184.0,0.0,0.0,0.0,0.0,0.0,0.0,1.0,0.702691024282546,-7.722678202829378,-0.3703839389075513,-2.063073155036446,2650129.0,2650179.0,50.0,516.4934487943225,8.593721161148041,9.383935272936268,2.943328146964384,1353.0,2.9613432318146375,0.0,0.0,0.0,0.0,0.0,0.0,0.0,0.0,0.0,0.0,0.0,0.0,0.0,0.0,0.0,0.0
1,36508.23607,3.7745368,1,2,2,1,1,2,1,2,-16.53846154,n/a,n/a,2651184.0,2654960.0,0.0,0.0,0.0,2652677.0,2651967.0,2653961.0,2651968.0,2652360.0,2653967.0,2654960.0,3776.0,784.0,392.0,993.0,1994.0,-2653967.0,0.0,0.0,0.0,1.0,0.0,0.0,0.0,0.017307660696614473,-9.162675572787704,-0.3426916817929658,-0.3461532139322894,2652660.0,2652726.0,66.0,488.25534916767833,9.179983886111017,9.214367739832426,3.141215579701179,300.0,-3.0694019386728573,1.0,0.5053836923411433,0.14538434985156315,-0.5157682887591105,-0.6196142529387973,2654282.0,2654319.0,37.0,103.73372424119029,0.37467787614074427,0.7540818860674461,2.8607549289685896,-0.39585044133741465,-10.17389205848901,0.5856059174623819,0.3458333333333333
2,36512.01896,3.6745783,1,3,2,1,1,1,1,1,-16.53846154,n/a,n/a,2654966.0,2658642.0,0.0,0.0,0.0,2656343.0,2655650.0,2657643.0,2655650.0,2656043.0,2657649.0,2658643.0,3676.0,684.0,393.0,994.0,1993.0,-2657649.0,0.0,0.0,0.0,1.0,0.0,0.0,0.0,0.24923031403124998,-9.654213136571551,-0.5019221602018197,0.0034615321393236813,2656324.0,2656391.0,67.0,439.6690906318111,9.91633021110995,9.97698415726188,-3.0906057744596116,281.0,3.0456870158576366,0.0,0.0,0.0,0.0,0.0,0.0,0.0,0.0,0.0,0.0,0.0,0.0,0.0,-10.183420390461007,0.6176939129397753,0.3375
3,36515.70187,3.5078973,1,4,2,1,2,2,2,1,-16.53846154,n/a,n/a,2658649.0,2662159.0,0.0,0.0,0.0,2660033.0,2659166.0,2661159.0,2659166.0,2659759.0,2661166.0,2662159.0,3510.0,517.0,593.0,993.0,1993.0,-2661166.0,0.0,0.0,0.0,1.0,0.0,0.0,0.0,0.08307677134374868,-8.598445834078069,-0.36692240676822757,-0.04153838567187631,2660020.0,2660084.0,64.0,473.0750036944538,8.68761817241267,8.68647402758749,-3.1041301251212206,261.0,-3.0757932106698385,1.0,-8.92382985517442,-8.927291387313744,-0.7857677956262986,-0.8549984384127565,2661448.0,2661471.0,23.0,17.809985595042228,0.06931712707100392,0.14124578192412135,1.6207547225168508,-2.199592613210354,-9.916627095244996,-0.2807699604271684,0.425
4,36519.2181,3.7830019,1,5,2,1,1,2,3,1,-16.53846154,n/a,n/a,2662166.0,2665952.0,0.0,0.0,0.0,2663941.0,2662958.0,2664950.0,2662958.0,2663752.0,2664957.0,2665953.0,3786.0,792.0,794.0,996.0,1992.0,-2664957.0,0.0,0.0,0.0,1.0,0.0,0.0,0.0,0.10384596417968683,-8.96882977298562,-0.7373063456757749,-0.8653830348307235,2663925.0,2663989.0,64.0,488.78916184441505,9.07357970538932,9.08221865681789,3.12747684188626,173.0,-3.104995728549677,0.0,0.0,0.0,0.0,0.0,0.0,0.0,0.0,0.0,0.0,0.0,0.0,0.0,-10.016674580950998,0.05615399208543447,0.48333333333333334
5,36523.01763,3.5078856,1,6,2,1,2,1,3,1,-16.53846154,n/a,n/a,2665967.0,2669474.0,0.0,0.0,0.0,2667450.0,2666484.0,2668475.0,2666484.0,2667273.0,2668482.0,2669475.0,3507.0,517.0,789.0,993.0,1991.0,-2668482.0,0.0,0.0,0.0,1.0,0.0,0.0,0.0,0.1765381391054684,-8.806137762437443,-0.5573066744309868,-0.15923047840885393,2667427.0,2667495.0,68.0,513.3597914728344,8.991492145912112,9.038712661027658,-3.097305637991768,154.0,-3.0449344332817234,1.0,-9.709597650800719,-9.702674586522072,0.1626920105481776,0.1626920105481776,2668306.0,2668325.0,19.0,25.34520290493392,0.006923064278647363,0.11317675061346831,0.0,-1.161888497843984,-9.969032921090996,-0.1042859853015206,0.4708333333333333
6,36526.53386,3.791253,1,7,2,2,1,1,5,2,-16.53846154,n/a,n/a,2669481.0,2673274.0,0.0,0.0,0.0,2671024.0,2670281.0,2672274.0,2670281.0,2671474.0,2672281.0,2673274.0,3793.0,800.0,1193.0,993.0,1993.0,-2672281.0,0.0,0.0,0.0,0.0,0.0,1.0,0.0,0.22153805691666445,8.633061155471301,0.1488458819908829,0.4742299030872381,2671008.0,2671050.0,42.0,363.46865841412415,8.417814181763758,8.35119719858863,-0.038663849934763246,-466.0,-0.0792515403076334,0.0,0.0,0.0,0.0,0.0,0.0,0.0,0.0,0.0,0.0,0.0,0.0,0.0,0.0,0.0,0.0
7,36530.33343,3.6578565,1,8,2,1,1,2,2,2,-16.53846154,n/a,n/a,2673281.0,2676941.0,0.0,0.0,0.0,2675297.0,2673947.0,2675940.0,2673948.0,2674541.0,2675947.0,2676941.0,3660.0,667.0,593.0,994.0,1993.0,-2675947.0,0.0,0.0,0.0,1.0,0.0,0.0,0.0,-0.1626920105481776,-8.698830266118431,-0.0,0.4257684531367144,2675281.0,2675314.0,33.0,420.19096816385996,8.546749972585861,8.519617526114198,-3.091755609726972,740.0,-3.090376294809465,1.0,-8.691907201839788,-8.7542147803476,0.43269151741536177,0.33923014965364207,2675316.0,2675348.0,32.0,110.85613347403762,0.11232658457995771,0.8792904876062024,2.158798930342445,-2.9634997153585956,-9.80705127756699,-0.6497819084171647,0.6666666666666666
8,36533.99962,3.632883,1,9,2,2,1,2,4,2,-16.53846154,n/a,n/a,2676947.0,2680582.0,0.0,0.0,0.0,2678790.0,2677590.0,2679581.0,2677590.0,2678580.0,2679588.0,2680582.0,3635.0,643.0,990.0,994.0,1991.0,-2679588.0,0.0,0.0,0.0,1.0,0.0,0.0,0.0,0.04153838567187631,9.931135707717386,-0.08653830348307236,-1.311920680803376,2678767.0,2678936.0,169.0,800.5285259895949,9.965224390993757,23.52771106934831,0.12327787303311451,187.0,0.7592827574726206,0.0,0.0,0.0,0.0,0.0,0.0,0.0,0.0,0.0,0.0,0.0,0.0,0.0,10.102429568699002,-0.3449459513819512,0.5875
9,36537.64083,3.6661963,1,10,2,1,2,1,1,1,-16.53846154,n/a,n/a,2680588.0,2684256.0,0.0,0.0,0.0,2682198.0,2681264.0,2683257.0,2681264.0,2681655.0,2683263.0,2684256.0,3668.0,676.0,391.0,993.0,1993.0,-2683263.0,0.0,0.0,0.0,1.0,0.0,0.0,0.0,-0.048461449950519736,-8.252292620145779,0.024230724975261835,0.7061525564218697,2682174.0,2682225.0,51.0,448.6365405800656,8.232123860418453,8.945427553613385,-3.058660940851829,519.0,-3.0260211520756255,1.0,-8.252292620145779,-8.89613759805984,0.702691024282546,0.8549984384127565,2682227.0,2682251.0,24.0,93.3419897446604,0.6616146189317363,0.8196232728494917,-2.909303664618767,-2.92017520341377,-9.949976257146997,-0.1684619762563034,0.45416666666666666
10,36541.31536,3.7245658,1,11,2,2,1,1,1,1,-16.53846154,n/a,n/a,2684263.0,2687989.0,0.0,0.0,0.0,2685679.0,2684996.0,2686989.0,2684996.0,2685390.0,2686996.0,2687989.0,3726.0,733.0,394.0,993.0,1993.0,-2686996.0,0.0,0.0,0.0,1.0,0.0,0.0,0.0,-0.07269217492578157,9.917289579160093,-0.09692289990103947,0.4742299030872381,2685659.0,2685727.0,68.0,465.5775025310902,10.006295566858398,10.189715868526477,-0.0571103857218273,269.0,-0.11575921772081069,1.0,10.613057539163991,6.974987260735632,-0.08999983562239604,0.6023065922421829,2687050.0,2687222.0,172.0,271.16623929082,3.703355713517999,9.531950851968421,-2.9535460422537696,-2.1890194730992674,9.811815443552986,0.633737910678468,0.3333333333333333
11,36545.04826,3.6745464,1,12,2,2,2,2,2,1,-16.53846154,n/a,n/a,2687996.0,2691671.0,0.0,0.0,0.0,2689489.0,2688679.0,2690672.0,2688679.0,2689272.0,2690679.0,2691672.0,3675.0,683.0,593.0,993.0,1993.0,-2690679.0,0.0,0.0,0.0,1.0,0.0,0.0,0.0,-0.10730749631901051,10.27036585737103,-0.15923047840885393,-0.079615239204425,2689473.0,2689542.0,69.0,402.4869525983827,10.377978744543748,10.456360434844585,-0.007671630682076102,201.0,0.06161345767347983,0.0,0.0,0.0,0.0,0.0,0.0,0.0,0.0,0.0,0.0,0.0,0.0,0.0,10.116722066657008,-0.39307794459803735,0.3958333333333333
12,36548.73114,3.7245453,1,13,2,1,2,1,2,1,-16.53846154,n/a,n/a,2691678.0,2695405.0,0.0,0.0,0.0,2693172.0,2692412.0,2694405.0,2692412.0,2693005.0,2694412.0,2695405.0,3727.0,734.0,593.0,993.0,1993.0,-2694412.0,0.0,0.0,0.0,1.0,0.0,0.0,0.0,-0.2388457176132789,-9.494982658162698,-0.1488458819908829,-0.15923047840885393,2693151.0,2693219.0,68.0,439.60473908211594,9.256142765863453,9.294989866838183,3.1404707393260276,146.0,3.0633069535309274,1.0,-6.490372761230427,-5.908835361824182,0.6923064278645789,-2.9630715112603982,2693981.0,2694033.0,52.0,190.73359688800403,3.7013475417406756,3.779709379333293,1.413027589198943,1.3893864717714928,-9.854692937426991,-0.4893419310302096,0.37083333333333335
13,36552.464,3.5078938,1,14,2,1,2,2,4,2,-16.53846154,n/a,n/a,2695411.0,2698921.0,0.0,0.0,0.0,2697188.0,2695928.0,2697920.0,2695928.0,2696921.0,2697928.0,2698921.0,3510.0,517.0,993.0,993.0,1992.0,-2697928.0,0.0,0.0,0.0,1.0,0.0,0.0,0.0,0.024230724975261835,-8.664214944725202,-0.2388457176132789,1.4226897092617103,2697166.0,2697234.0,68.0,400.27455327129417,8.84589103087402,8.8705838830134,-2.9526389499900967,245.0,-2.9328704696121433,1.0,-8.62267655905333,-9.758059100751238,1.2496131022955657,0.33576861751432235,2697497.0,2697532.0,35.0,261.75289799440884,1.4574653540847882,1.9704146504291824,2.4638843610251655,-2.611115579538735,-10.140542896587007,0.47329793329151293,0.6208333333333333
14,36555.9803,3.5078324,1,15,2,2,2,1,1,1,-16.53846154,n/a,n/a,2698928.0,2702437.0,0.0,0.0,0.0,2700211.0,2699444.0,2701437.0,2699444.0,2699837.0,2701444.0,2702437.0,3509.0,516.0,393.0,993.0,1993.0,-2701444.0,0.0,0.0,0.0,1.0,0.0,0.0,0.0,-0.1869227355234355,9.657674668710875,-0.09346136776171972,-0.6265373172174447,2700186.0,2700265.0,79.0,452.4260614275265,9.85901962769854,10.05906945578216,0.05409625477228864,349.0,0.0640501999538206,0.0,0.0,0.0,0.0,0.0,0.0,0.0,0.0,0.0,0.0,0.0,0.0,0.0,10.145307062573007,-0.4893419310302096,0.37083333333333335
15,36559.49647,3.6578583,1,16,2,1,2,1,3,2,-16.53846154,n/a,n/a,2702444.0,2706103.0,0.0,0.0,0.0,2704137.0,2703110.0,2705104.0,2703111.0,2703904.0,2705110.0,2706104.0,3659.0,667.0,793.0,994.0,1994.0,-2705110.0,0.0,0.0,0.0,1.0,0.0,0.0,0.0,-0.1730766069661447,-8.975752837264263,0.02769225711458158,1.8034582445872287,2704121.0,2704194.0,73.0,386.42795256202436,8.980002987623122,9.053338697870261,-2.9425339564768485,217.0,-2.9316743138178185,0.0,0.0,0.0,0.0,0.0,0.0,0.0,0.0,0.0,0.0,0.0,0.0,0.0,-10.007146248978998,0.02406599660804503,0.5041666666666667
16,36563.16268,3.5412466,1,17,2,1,2,2,4,1,-16.53846154,n/a,n/a,2706110.0,2709653.0,0.0,0.0,0.0,2707870.0,2706660.0,2708653.0,2706660.0,2707653.0,2708660.0,2709653.0,3543.0,550.0,993.0,993.0,1993.0,-2708660.0,0.0,0.0,0.0,1.0,0.0,0.0,0.0,-0.31499942467838415,-9.488059593884055,0.15923047840885393,2.028457833643217,2707855.0,2707929.0,74.0,409.69466644211354,9.361572719015967,9.431642914976216,-2.940571293820208,202.0,-2.9165543670971883,1.0,-6.988833389292923,-33.26532385889301,1.3707667271718669,18.726888873736858,2709030.0,2709171.0,141.0,16463.510118346298,31.49109282583677,50.96187246463494,-2.5578581866805217,-2.3935701363246977,-10.111957900671005,0.37703394685934066,0.5958333333333333
17,36566.71226,3.5078854,1,18,2,1,1,2,2,1,-16.53846154,n/a,n/a,2709659.0,2713169.0,0.0,0.0,0.0,2711002.0,2710176.0,2712170.0,2710176.0,2710769.0,2712176.0,2713169.0,3510.0,517.0,593.0,993.0,1994.0,-2712176.0,0.0,0.0,0.0,1.0,0.0,0.0,0.0,-0.1765381391054684,-8.221138830891874,0.24923031403124998,0.9796135954283796,2710981.0,2711033.0,52.0,400.92884587469587,8.077689027688226,8.606363718051604,-3.051049158241093,212.0,-3.0202309152569624,1.0,-5.663066579932256,-5.618066662121056,0.5365374815950487,0.4846144995052052,2712136.0,2712157.0,21.0,20.91292598925634,0.06870945111203373,0.09138707081333354,0.8567056281827127,-0.6510767214444815,-10.107193734685005,0.3609899491206479,0.4041666666666667
18,36570.22847,3.4995837,1,19,2,1,1,1,2,2,-16.53846154,n/a,n/a,2713176.0,2716676.0,0.0,0.0,0.0,2714676.0,2713686.0,2715677.0,2713686.0,2714276.0,2715684.0,2716677.0,3500.0,510.0,590.0,993.0,1991.0,-2715684.0,0.0,0.0,0.0,1.0,0.0,0.0,0.0,-0.10384596417968683,-6.753449203818968,-0.11423056059765394,1.041921173936192,2714656.0,2714711.0,55.0,346.67445514964584,6.749363679480225,7.206457672819526,-2.969445776763173,380.0,-2.96096582520083,1.0,-0.10384596417968683,-6.753449203818968,-0.11423056059765394,1.041921173936192,2714656.0,2714711.0,55.0,346.67445514964584,6.749363679480225,7.206457672819526,-2.969445776763173,-2.96096582520083,-10.016674580950998,0.05615399208543447,0.48333333333333334
19,36573.74473,3.4995599,1,20,2,1,1,2,3,2,-16.53846154,n/a,n/a,2716692.0,2720193.0,0.0,0.0,0.0,2718319.0,2717202.0,2719193.0,2717202.0,2717992.0,2719200.0,2720193.0,3501.0,510.0,790.0,993.0,1991.0,-2719200.0,0.0,0.0,0.0,1.0,0.0,0.0,0.0,0.006923064278647363,-8.446138419947863,-0.031153789253905263,0.5157682887591105,2718304.0,2718375.0,71.0,328.36798060436803,8.470736226298854,8.475720310205237,-3.0769816472584846,312.0,-3.0532622130907376,1.0,-6.379603732772093,-6.331142282821573,0.1107690284583342,0.020769192835938154,2720018.0,2720040.0,22.0,27.907764311240296,0.10221781910882777,0.2021961488563497,1.076854957875326,0.6640461628266819,-9.940447925174993,-0.20054997173369285,0.55
20,36577.25259,3.6662213,1,21,2,2,2,1,2,1,-16.53846154,n/a,n/a,2720200.0,2723868.0,0.0,0.0,0.0,2721693.0,2720876.0,2722867.0,2720876.0,2721466.0,2722874.0,2723868.0,3668.0,676.0,590.0,994.0,1991.0,-2722874.0,0.0,0.0,0.0,1.0,0.0,0.0,0.0,-0.048461449950519736,9.619597815178327,0.33230708537499865,0.9276906133385341,2721674.0,2721796.0,122.0,367.821611715555,9.686374528140755,13.782240944813271,-0.06150485572524681,208.0,-0.4643215390346865,0.0,0.0,0.0,0.0,0.0,0.0,0.0,0.0,0.0,0.0,0.0,0.0,0.0,10.111957900671008,-0.37703394685934066,0.4
21,36580.92714,3.508057,1,22,2,2,2,1,2,2,-16.53846154,n/a,n/a,2723874.0,2727384.0,0.0,0.0,0.0,2725157.0,2724391.0,2726384.0,2724391.0,2724984.0,2726391.0,2727384.0,3510.0,517.0,593.0,993.0,1993.0,-2726391.0,0.0,0.0,0.0,1.0,0.0,0.0,0.0,0.03807685353255263,10.322288839460873,-0.08999983562239604,-0.4257684531367144,2725140.0,2725211.0,71.0,495.03977465077014,10.289691770700385,10.43569273277801,0.03263734641679835,156.0,0.04280252720920556,0.0,0.0,0.0,0.0,0.0,0.0,0.0,0.0,0.0,0.0,0.0,0.0,0.0,10.140542896587007,-0.47329793329151293,0.375
22,36584.44339,3.507896,1,23,2,2,2,2,4,1,-16.53846154,n/a,n/a,2727390.0,2730901.0,0.0,0.0,0.0,2729107.0,2727907.0,2729900.0,2727907.0,2728900.0,2729907.0,2730901.0,3511.0,517.0,993.0,994.0,1993.0,-2729907.0,0.0,0.0,0.0,1.0,0.0,0.0,0.0,0.0034615321393236813,9.415367418958272,-0.08653830348307236,0.917306016920567,2729090.0,2729178.0,88.0,376.7583519318413,9.465287942896605,9.927114738565018,-0.10625516568629839,190.0,-0.1290260388150583,0.0,0.0,0.0,0.0,0.0,0.0,0.0,0.0,0.0,0.0,0.0,0.0,0.0,9.892806265314997,0.3609899491206479,0.5916666666666667
23,36587.95961,3.5078964,1,24,2,1,2,2,4,2,-16.53846154,n/a,n/a,2730907.0,2734416.0,0.0,0.0,0.0,2732617.0,2731423.0,2733416.0,2731423.0,2732417.0,2733423.0,2734416.0,3509.0,516.0,994.0,993.0,1993.0,-2733423.0,0.0,0.0,0.0,1.0,0.0,0.0,0.0,-0.3599993424895802,-8.45652301636583,0.09346136776171972,1.9765348515533734,2732598.0,2732663.0,65.0,434.4391387815554,8.31262060646327,8.319416414894699,-2.913077149398908,181.0,-2.905999122109149,1.0,-6.926525810785113,-7.013064114268185,1.4296127735403559,1.7169199411041565,2733436.0,2733535.0,99.0,177.55706704451913,0.30005713873071266,3.0314030497898545,-1.8633580931987437,-1.7545309224103771,-10.102429568699005,0.3449459513819512,0.5875
24,36591.47584,3.6663726,1,25,2,1,1,1,4,1,-16.53846154,n/a,n/a,2734423.0,2738091.0,0.0,0.0,0.0,2736306.0,2735099.0,2737091.0,2735099.0,2736089.0,2737098.0,2738091.0,3668.0,676.0,990.0,993.0,1992.0,-2737098.0,0.0,0.0,0.0,1.0,0.0,0.0,0.0,-0.5261528851770815,-7.712293606411407,-0.0,0.6473065100533828,2736291.0,2736339.0,48.0,373.61614543071653,7.215235559795652,7.769208201619091,-3.0517580278965246,202.0,-3.0362492969829344,1.0,-7.715755138550731,-8.376907777161405,0.6542295743320262,0.6957679600039025,2736341.0,2736366.0,25.0,84.66809807504241,0.662456224233784,0.6496346923886405,-3.078847898364177,-3.007984783657855,-9.888042099328993,-0.37703394685934066,0.5958333333333333
25,36595.15038,3.4995543,1,26,2,2,1,2,2,1,-16.53846154,n/a,n/a,2738098.0,2741598.0,0.0,0.0,0.0,2739540.0,2738608.0,2740599.0,2738608.0,2739197.0,2740605.0,2741599.0,3500.0,510.0,589.0,994.0,1991.0,-2740605.0,0.0,0.0,0.0,1.0,0.0,0.0,0.0,-0.2284611211953118,9.657674668710875,0.10730749631901051,-0.017307660696614473,2739525.0,2739592.0,67.0,464.44802821542936,9.886921148356656,10.084876115718842,0.012604374487651756,328.0,-0.04841574255167449,0.0,0.0,0.0,0.0,0.0,0.0,0.0,0.0,0.0,0.0,0.0,0.0,0.0,9.954740423132993,0.15241797851760672,0.4583333333333333
26,36598.66661,3.5078918,1,27,2,2,2,1,5,2,-16.53846154,n/a,n/a,2741614.0,2745124.0,0.0,0.0,0.0,2743580.0,2742131.0,2744123.0,2742131.0,2743324.0,2744130.0,2745124.0,3510.0,517.0,1193.0,994.0,1992.0,-2744130.0,0.0,0.0,0.0,1.0,0.0,0.0,0.0,-0.15576894626953025,9.661136200850194,0.17999967124479208,1.1596132666731696,2743561.0,2743702.0,141.0,457.61591620600893,9.865661126548686,16.84244381047575,-0.0994591772297633,237.0,-0.5492313976682528,0.0,0.0,0.0,0.0,0.0,0.0,0.0,0.0,0.0,0.0,0.0,0.0,0.0,9.749881285734988,0.8423098812815092,0.7166666666666667
27,36602.18297,3.6493726,1,28,2,2,2,1,3,1,-16.53846154,n/a,n/a,2745130.0,2748781.0,0.0,0.0,0.0,2746890.0,2745790.0,2747781.0,2745790.0,2746580.0,2747788.0,2748781.0,3651.0,660.0,790.0,993.0,1991.0,-2747788.0,0.0,0.0,0.0,1.0,0.0,0.0,0.0,-0.16961507482682103,8.349215520046823,0.18346120338411182,0.13153822129426843,2746868.0,2746918.0,50.0,413.07657150417754,8.518988830854537,9.07838527055579,0.006095007823623782,288.0,0.03546776036108237,0.0,0.0,0.0,0.0,0.0,0.0,0.0,0.0,0.0,0.0,0.0,0.0,0.0,9.954740423132993,0.15241797851760672,0.5375
28,36605.84069,3.5079,1,29,2,2,2,1,3,2,-16.53846154,n/a,n/a,2748788.0,2752297.0,0.0,0.0,0.0,2750331.0,2749304.0,2751298.0,2749304.0,2750097.0,2751304.0,2752297.0,3509.0,516.0,793.0,993.0,1994.0,-2751304.0,0.0,0.0,0.0,1.0,0.0,0.0,0.0,-0.33576861751432235,9.893058854184831,0.3599993424895802,0.5226913530377578,2750314.0,2750390.0,76.0,463.050281208085,10.230121218054236,10.58936091094112,-0.015903904330897906,217.0,-0.08542154392267066,0.0,0.0,0.0,0.0,0.0,0.0,0.0,0.0,0.0,0.0,0.0,0.0,0.0,9.992853751020998,0.02406599660804503,0.5041666666666667
29,36609.35693,3.5079907,1,30,2,2,2,2,3,1,-16.53846154,n/a,n/a,2752304.0,2755813.0,0.0,0.0,0.0,2753863.0,2752821.0,2754814.0,2752821.0,2753614.0,2754820.0,2755814.0,3509.0,517.0,793.0,994.0,1993.0,-2754820.0,0.0,0.0,0.0,1.0,0.0,0.0,0.0,-0.2596149104492171,8.757676312486923,0.14192281771223947,0.079615239204425,2753851.0,2753917.0,66.0,432.00982782482544,9.01750648647289,9.021868452387467,0.00690967890100338,237.0,0.042217603793220856,1.0,10.034981671897073,10.08344312184759,0.020769192835938154,0.07269217492578157,2754921.0,2754941.0,20.0,21.62495836601581,0.07102470133980535,0.1498087764441096,-0.819867264397005,0.7036137827794511,9.978561253062999,0.07219798982413116,0.5166666666666667
30,36612.87315,3.5079055,1,31,2,2,2,1,1,1,-16.53846154,n/a,n/a,2755820.0,2759330.0,0.0,0.0,0.0,2757564.0,2756337.0,2758330.0,2756337.0,2756730.0,2758337.0,2759330.0,3510.0,517.0,393.0,993.0,1993.0,-2758337.0,0.0,0.0,0.0,0.0,0.0,0.0,1.0,0.0553845142291671,9.792674422144472,-0.10038443204036315,0.5815373994062447,2757542.0,2757609.0,67.0,478.89532290579325,9.761138874895323,10.220086736300638,-0.06991783986810479,812.0,-0.0990620200500735,0.0,0.0,0.0,0.0,0.0,0.0,0.0,0.0,0.0,0.0,0.0,0.0,0.0,0.0,0.0,0.0
31,36616.38939,3.657818,1,32,2,2,1,2,1,2,-16.53846154,n/a,n/a,2759336.0,2762996.0,0.0,0.0,0.0,2760729.0,2760003.0,2761995.0,2760003.0,2760396.0,2762003.0,2762996.0,3660.0,667.0,393.0,993.0,1992.0,-2762003.0,0.0,0.0,0.0,1.0,0.0,0.0,0.0,-0.2976917639817697,8.934214451592387,0.1107690284583342,0.05192298208984342,2760714.0,2760749.0,35.0,484.09567877554514,9.23209376199841,9.181249242029718,0.006374116897750866,318.0,0.042239012980652295,1.0,8.162292784523384,8.826906955273381,-0.0034615321393236813,-0.0,2760763.0,2760783.0,20.0,83.14885532377033,0.664623185095478,0.6857853428726379,-0.00520828623907304,-0.10619794192484085,9.835636273482992,0.5535179219849924,0.3541666666666667
32,36620.05556,3.5077972,1,33,2,2,1,1,2,2,-16.53846154,n/a,n/a,2763003.0,2766512.0,0.0,0.0,0.0,2764445.0,2763519.0,2765512.0,2763519.0,2764112.0,2765519.0,2766512.0,3509.0,516.0,593.0,993.0,1993.0,-2765519.0,0.0,0.0,0.0,1.0,0.0,0.0,0.0,-0.21807652477734077,8.892676065920519,0.12807668915494866,-1.2323054415989512,2764426.0,2764503.0,77.0,388.15877949283947,9.211756201212788,9.222234298215238,0.14822103895956465,314.0,0.1556457237424579,0.0,0.0,0.0,0.0,0.0,0.0,0.0,0.0,0.0,0.0,0.0,0.0,0.0,9.949976257146993,0.1684619762563034,0.45416666666666666
33,36623.57171,3.62446,1,34,2,2,2,1,2,2,-16.53846154,n/a,n/a,2766519.0,2770145.0,0.0,0.0,0.0,2768045.0,2767152.0,2769145.0,2767152.0,2767745.0,2769152.0,2770145.0,3626.0,633.0,593.0,993.0,1993.0,-2769152.0,0.0,0.0,0.0,1.0,0.0,0.0,0.0,-0.11423056059765394,11.118441231505138,0.06576911064713421,-0.5019221602018197,2768025.0,2768096.0,71.0,488.54259720668324,11.247008000712896,11.545696438915751,0.05049632755250966,280.0,0.06210088066179098,1.0,10.349981096575455,10.166519893191342,-1.0869210917473882,-0.9934597239856723,2768520.0,2768540.0,20.0,31.751683329169648,0.20589570275029329,0.29388387476906525,-2.67042638927669,-2.3895154860705814,10.069080406797003,-0.2326379672110823,0.4375
34,36627.2045,3.6994449,1,35,2,1,1,2,2,2,-16.53846154,n/a,n/a,2770151.0,2773853.0,0.0,0.0,0.0,2771668.0,2770861.0,2772852.0,2770861.0,2771451.0,2772859.0,2773853.0,3702.0,710.0,590.0,994.0,1991.0,-2772859.0,0.0,0.0,0.0,1.0,0.0,0.0,0.0,-0.22499958905598813,-9.557290236670513,-0.294230231842446,0.9242290811992143,2771647.0,2771721.0,74.0,388.08460024427495,9.411497852578593,9.449029185953176,-3.011763261176411,196.0,-2.97078275021872,1.0,-9.681905393686137,-9.761520632890562,0.28730716756379865,0.2699995068671842,2771925.0,2771955.0,30.0,146.33817889810672,0.08147479016460824,0.456463096454652,2.9275319700259677,1.2466476954604298,-10.121486232643004,0.40912194233673405,0.39166666666666666
35,36630.91229,3.7244279,1,36,2,1,1,1,4,2,-16.53846154,n/a,n/a,2773859.0,2777585.0,0.0,0.0,0.0,2775776.0,2774593.0,2776585.0,2774593.0,2775586.0,2776592.0,2777585.0,3726.0,734.0,993.0,993.0,1992.0,-2776592.0,0.0,1.0,0.0,0.0,0.0,0.0,0.0,0.0,0.0,0.0,0.0,0.0,0.0,0.0,0.0,0.0,0.0,0.0,0.0,0.0,0.0,0.0,0.0,0.0,0.0,0.0,0.0,0.0,0.0,0.0,0.0,0.0,0.0,0.0,0.0,0.0
36,36634.64506,3.5079351,1,37,2,1,1,1,5,1,-16.53846154,n/a,n/a,2777592.0,2781101.0,0.0,0.0,0.0,2779318.0,2778109.0,2780102.0,2778109.0,2779302.0,2780108.0,2781101.0,3509.0,517.0,1193.0,993.0,1993.0,-2780108.0,0.0,0.0,0.0,1.0,0.0,0.0,0.0,0.29076869970312236,-8.193446573777292,0.08307677134374868,0.4049992603007802,2779300.0,2779366.0,66.0,462.57851023528406,8.49032054139622,8.49581921780902,-3.1036671509102876,-2.0,-3.0755394367831155,1.0,-6.071527372372356,-2.478457011755193,-0.14538434985156315,-0.2423072497526026,2780876.0,2780921.0,45.0,324.51645857100317,3.5943773681780793,4.1266007563387275,0.02696841192863412,0.11686371859901461,-9.888042099328993,-0.37703394685934066,0.5958333333333333
37,36638.16122,3.7077763,1,38,2,1,1,1,5,2,-16.53846154,n/a,n/a,2781108.0,2784817.0,0.0,0.0,0.0,2783201.0,2781825.0,2783818.0,2781825.0,2783017.0,2783824.0,2784818.0,3709.0,717.0,1192.0,994.0,1993.0,-2783824.0,0.0,0.0,0.0,1.0,0.0,0.0,0.0,-0.1730766069661447,-8.736907119650985,-0.44999917811197626,0.2699995068671842,2783187.0,2783251.0,64.0,436.29534903622044,8.594043934979831,8.634541964635256,-3.0577155374349347,170.0,-3.030315634372365,1.0,-8.698830266118431,-6.653064771778604,0.1626920105481776,0.04153838567187631,2784557.0,2784581.0,24.0,193.10951270985666,2.049349813636546,2.055258290597392,0.05915256937215234,-0.09614931056061911,-9.792758779608986,-0.6979139016332508,0.6791666666666667
38,36641.87733,3.5078019,1,39,2,2,2,1,3,2,-16.53846154,n/a,n/a,2784824.0,2788334.0,0.0,0.0,0.0,2786451.0,2785341.0,2787334.0,2785341.0,2786134.0,2787341.0,2788334.0,3510.0,517.0,793.0,993.0,1993.0,-2787341.0,0.0,0.0,0.0,1.0,0.0,0.0,0.0,-0.07615370706510526,9.837674339955667,-0.079615239204425,0.2007688640807263,2786417.0,2786500.0,83.0,508.0701719990462,9.917792183307267,10.037032232120792,-0.02827458576818394,283.0,-0.062117631104797136,0.0,0.0,0.0,0.0,0.0,0.0,0.0,0.0,0.0,0.0,0.0,0.0,0.0,9.954740423132993,0.15241797851760672,0.5375
39,36645.39348,3.674551,1,40,2,1,1,1,2,2,-16.53846154,n/a,n/a,2788340.0,2792017.0,0.0,0.0,0.0,2789800.0,2789024.0,2791016.0,2789024.0,2789617.0,2791023.0,2792017.0,3677.0,684.0,593.0,994.0,1992.0,-2791023.0,0.0,0.0,0.0,1.0,0.0,0.0,0.0,-0.1488458819908829,-8.52921519129161,0.08653830348307236,1.121536413140617,2789780.0,2789825.0,45.0,380.2353833186646,8.444039960070313,8.655705603239713,-3.0187122092531187,163.0,-3.0072176560837005,1.0,-1.2842284236887946,-0.9207675490598907,0.40153772816145655,0.24923031403124998,2791510.0,2791537.0,27.0,84.56385967739644,0.39408293008583617,0.6426621317470839,0.39681814395055126,-0.34048771397470706,-10.135778730601007,0.4572539355528202,0.37916666666666665
40,36649.07629,3.5077889,1,41,2,2,1,1,2,2,-16.53846154,n/a,n/a,2792023.0,2795532.0,0.0,0.0,0.0,2793323.0,2792540.0,2794533.0,2792540.0,2793132.0,2794539.0,2795532.0,3509.0,517.0,592.0,993.0,1993.0,-2794539.0,0.0,0.0,0.0,1.0,0.0,0.0,0.0,-0.1349997534335921,9.36690596900775,0.0692306427864579,0.3115378925390605,2793305.0,2793440.0,135.0,422.3928200488869,9.504994748101977,14.482071711152942,-0.025495385185369746,173.0,-0.4087835499525231,0.0,0.0,0.0,0.0,0.0,0.0,0.0,0.0,0.0,0.0,0.0,0.0,0.0,9.86898543538499,0.4412099378141235,0.38333333333333336
41,36652.59242,3.5078039,1,42,2,2,1,2,1,1,-16.53846154,n/a,n/a,2795539.0,2799049.0,0.0,0.0,0.0,2796699.0,2796056.0,2798049.0,2796056.0,2796449.0,2798056.0,2799049.0,3510.0,517.0,393.0,993.0,1993.0,-2798056.0,0.0,0.0,0.0,1.0,0.0,0.0,0.0,-0.010384596417967108,9.629982411596293,0.07615370706510526,0.294230231842446,2796685.0,2796749.0,64.0,461.1862835718629,9.642833267244063,9.636951480323013,-0.02261732754758382,236.0,-0.06002137782998995,0.0,0.0,0.0,0.0,0.0,0.0,0.0,0.0,0.0,0.0,0.0,0.0,0.0,9.787994613622987,0.7139578993719475,0.3125
42,36656.10856,3.507832,1,43,2,1,2,1,1,1,-16.53846154,n/a,n/a,2799055.0,2802565.0,0.0,0.0,0.0,2800132.0,2799572.0,2801565.0,2799572.0,2799965.0,2801572.0,2802565.0,3510.0,517.0,393.0,993.0,1993.0,-2801572.0,0.0,0.0,0.0,1.0,0.0,0.0,0.0,0.048461449950519736,-9.186906297762961,0.22153805691666445,0.5676912708489539,2800117.0,2800198.0,81.0,421.90398675879135,9.241852600156639,9.347806495766218,-3.104128931223946,152.0,-3.0722903044456813,1.0,-3.554993507084614,-3.2330710181275824,0.031153789253905263,0.0553845142291671,2801239.0,2801265.0,26.0,31.918963687812372,0.322833110026089,0.35431279850176495,-0.0751271559107664,-0.25682644996980764,-9.740352953762985,-0.8743978767588986,0.2708333333333333
43,36659.62472,3.5078209,1,44,2,1,1,1,4,2,-16.53846154,n/a,n/a,2802572.0,2806081.0,0.0,0.0,0.0,2804231.0,2803088.0,2805081.0,2803088.0,2804081.0,2805088.0,2806081.0,3509.0,516.0,993.0,993.0,1993.0,-2805088.0,0.0,0.0,0.0,1.0,0.0,0.0,0.0,-0.0692306427864579,-9.231906215574162,-0.079615239204425,0.5399990137343723,2804218.0,2804283.0,65.0,452.07463962700535,9.183601988033091,9.210554228503371,-3.074071727089525,137.0,-3.043345038996301,1.0,-5.150759823312465,-4.738837498733042,0.1626920105481776,0.08653830348307236,2805135.0,2805155.0,20.0,37.499931509331354,0.4189026003579757,0.38830923835739267,0.1828098843796073,-0.19739555984988474,-9.921391261230994,-0.26472596268847565,0.5666666666666667
44,36663.14096,3.5077506,1,45,2,1,1,2,2,2,-16.53846154,n/a,n/a,2806088.0,2809597.0,0.0,0.0,0.0,2807388.0,2806604.0,2808597.0,2806604.0,2807198.0,2808604.0,2809597.0,3509.0,516.0,594.0,993.0,1993.0,-2808604.0,0.0,0.0,0.0,1.0,0.0,0.0,0.0,-0.31846095681770786,-9.969212561249936,0.08307677134374868,1.0280750453788992,2807368.0,2807444.0,76.0,475.5216563029306,9.696908180878099,9.841045163219544,-3.0439841693913046,170.0,-3.0089481456065292,1.0,-3.4026860929544034,-0.9796135954283776,0.19730733194140657,0.3011532961210934,2808791.0,2808993.0,202.0,957.5685630467891,2.425296747316382,12.2160151879178,-0.042830932668727326,-0.8676408631306178,-10.131014564615008,0.4412099378141235,0.38333333333333336
45,36666.65704,3.5078191,1,46,2,2,2,2,4,1,-16.53846154,n/a,n/a,2809604.0,2813113.0,0.0,0.0,0.0,2811347.0,2810120.0,2812113.0,2810121.0,2811114.0,2812120.0,2813113.0,3509.0,517.0,993.0,993.0,1993.0,-2812120.0,0.0,0.0,0.0,1.0,0.0,0.0,0.0,-0.09346136776171972,9.159214040648376,0.14538434985156315,0.8999983562239525,2811323.0,2811394.0,71.0,463.2813167151371,9.283396173384517,9.384290240209937,-0.08137619996893368,209.0,-0.10532100558137816,0.0,0.0,0.0,0.0,0.0,0.0,0.0,0.0,0.0,0.0,0.0,0.0,0.0,9.883277933342988,0.39307794459803735,0.6
46,36670.17324,3.5077703,1,47,2,2,2,2,2,1,-16.53846154,n/a,n/a,2813120.0,2816629.0,0.0,0.0,0.0,2814513.0,2813637.0,2815630.0,2813637.0,2814230.0,2815637.0,2816629.0,3509.0,517.0,593.0,992.0,1993.0,-2815637.0,0.0,0.0,0.0,1.0,0.0,0.0,0.0,-0.2976917639817697,9.453444272490822,0.16961507482682103,-0.1869227355234355,2814491.0,2814541.0,50.0,463.73909493262113,9.757652033763232,10.87876011047618,0.03654743924622943,261.0,0.0655945366864455,1.0,10.242673600256447,10.159596828912695,-0.048461449950519736,-0.07269217492578157,2814558.0,2814582.0,24.0,20.126228867005313,0.08653830348307581,0.14690115982377297,2.857798544381458,-2.1718700812926635,10.083372904755002,-0.2807699604271684,0.425
47,36673.68933,3.50779,1,48,2,1,1,1,3,1,-16.53846154,n/a,n/a,2816636.0,2820145.0,0.0,0.0,0.0,2818136.0,2817153.0,2819146.0,2817153.0,2817946.0,2819153.0,2820145.0,3509.0,517.0,793.0,992.0,1993.0,-2819153.0,0.0,0.0,0.0,1.0,0.0,0.0,0.0,-0.14538434985156315,-8.615753494774683,0.2388457176132789,0.9069214205025999,2818116.0,2818193.0,77.0,445.24179070513406,8.496674561030138,8.629385791581452,-3.0628835069007287,170.0,-3.00882906032877,0.0,0.0,0.0,0.0,0.0,0.0,0.0,0.0,0.0,0.0,0.0,0.0,0.0,-10.016674580950998,0.05615399208543447,0.48333333333333334
48,36677.20548,3.5161777,1,49,2,1,2,2,2,1,-16.53846154,n/a,n/a,2820152.0,2823670.0,0.0,0.0,0.0,2821462.0,2820679.0,2822670.0,2820679.0,2821269.0,2822677.0,2823670.0,3518.0,527.0,590.0,993.0,1991.0,-2822677.0,0.0,0.0,0.0,1.0,0.0,0.0,0.0,0.0692306427864579,-7.989216177557239,0.08307677134374868,0.9761520632890558,2821445.0,2821494.0,49.0,464.5139538195185,8.107783213270482,9.084132764795985,-3.031218317839752,176.0,-3.0082101593309276,0.0,0.0,0.0,0.0,0.0,0.0,0.0,0.0,0.0,0.0,0.0,0.0,0.0,-9.86898543538499,-0.4412099378141235,0.38333333333333336
49,36680.72998,3.5078072,1,50,2,2,1,1,3,1,-16.53846154,n/a,n/a,2823677.0,2827186.0,0.0,0.0,0.0,2825193.0,2824193.0,2826186.0,2824193.0,2824986.0,2826193.0,2827186.0,3509.0,516.0,793.0,993.0,1993.0,-2826193.0,0.0,0.0,0.0,1.0,0.0,0.0,0.0,-0.11423056059765394,10.398442546525978,-0.08653830348307236,-0.5711528029882775,2825179.0,2825263.0,84.0,496.3119034804506,10.523837088741498,10.719158405115012,0.046065511313443774,193.0,0.060424573774139984,1.0,-1.131921009558588,-1.4053820485650959,-0.4430761138333289,-0.5261528851770815,2826541.0,2826572.0,31.0,68.1647469843482,0.2858018365781105,0.6043720126269208,2.846655594740975,-2.968911161971787,9.992853751020998,0.02406599660804503,0.49166666666666664
50,36684.24612,3.5078852,1,51,2,1,2,1,4,2,-16.53846154,n/a,n/a,2827193.0,2830702.0,0.0,0.0,0.0,2828859.0,2827710.0,2829703.0,2827710.0,2828702.0,2829709.0,2830702.0,3509.0,517.0,992.0,993.0,1993.0,-2829709.0,0.0,0.0,0.0,1.0,0.0,0.0,0.0,0.17999967124479208,-7.944216259746042,-0.19384579980208289,1.3984589842864485,2828841.0,2828888.0,47.0,499.17659226696577,8.278787291554028,8.996815702812508,-2.9480511131983356,139.0,-2.9121983562940916,1.0,-4.299222917039036,-4.226530742113255,0.33576861751432235,0.3080763603997368,2829860.0,2829891.0,31.0,60.32353616331073,0.07778826003672236,0.5280737175652457,0.3639789565096688,0.24497866312686778,-10.078608738769002,0.26472596268847565,0.5666666666666667
51,36687.76226,3.5077954,1,52,2,2,2,2,5,1,-16.53846154,n/a,n/a,2830709.0,2834219.0,0.0,0.0,0.0,2832586.0,2831226.0,2833218.0,2831226.0,2832418.0,2833225.0,2834219.0,3510.0,517.0,1192.0,994.0,1992.0,-2833225.0,0.0,0.0,0.0,1.0,0.0,0.0,0.0,-0.5088452244804671,9.661136200850194,0.07615370706510526,1.0003827882643157,2832562.0,2832633.0,71.0,501.70659706454967,10.211891185578947,10.479914749755292,-0.09062919823343828,144.0,-0.10456574080110181,0.0,0.0,0.0,0.0,0.0,0.0,0.0,0.0,0.0,0.0,0.0,0.0,0.0,9.807051277566986,0.6497819084171647,0.6666666666666666
52,36691.27854,3.6910123,1,53,2,2,1,1,2,2,-16.53846154,n/a,n/a,2834225.0,2837918.0,0.0,0.0,0.0,2835708.0,2834925.0,2836918.0,2834925.0,2835518.0,2836925.0,2837918.0,3693.0,700.0,593.0,993.0,1993.0,-2836925.0,0.0,0.0,0.0,1.0,0.0,0.0,0.0,0.1903842676627592,9.761520632890562,-0.15576894626953025,0.6784602993072881,2835693.0,2835776.0,83.0,541.5070138385913,9.607423679424247,10.104458378120729,-0.0869412195821081,175.0,-0.16379702245944391,1.0,-0.9311521454778579,-1.4884588199088447,-0.5849989315455684,-0.5019221602018197,2836610.0,2836634.0,24.0,69.6070228274681,0.5634647098995884,0.606835314257384,-2.993614005849536,2.74943426146243,9.86898543538499,0.4412099378141235,0.38333333333333336
53,36694.97789,3.5994698,1,54,2,2,2,1,2,2,-16.53846154,n/a,n/a,2837925.0,2841526.0,0.0,0.0,0.0,2839308.0,2838534.0,2840526.0,2838535.0,0.0,2840533.0,2841526.0,3601.0,610.0,-2838535.0,993.0,1992.0,-2840533.0,0.0,0.0,0.0,0.0,0.0,0.0,1.0,-0.1765381391054684,9.917289579160093,0.006923064278647363,-0.11423056059765394,2839292.0,2839366.0,74.0,519.3532034495006,10.094554780021097,10.456944267329007,0.012002167138891098,2839292.0,0.05696747223905064,0.0,0.0,0.0,0.0,0.0,0.0,0.0,0.0,0.0,0.0,0.0,0.0,0.0,0.0,0.0,0.0
54,36698.58569,3.5078194,1,55,2,2,1,1,4,1,-16.53846154,n/a,n/a,2841532.0,2845041.0,0.0,0.0,0.0,2842442.0,2842049.0,2844042.0,2842049.0,2843042.0,2844049.0,2845042.0,3509.0,517.0,993.0,993.0,1993.0,-2844049.0,0.0,0.0,0.0,0.0,0.0,1.0,0.0,0.02769225711458158,9.197290894180933,-0.20423039622005,0.7892293277656184,2842424.0,2842504.0,80.0,525.0104526510337,9.223258718482896,9.869464928589725,-0.10792181685582886,-618.0,-0.1680893366427196,0.0,0.0,0.0,0.0,0.0,0.0,0.0,0.0,0.0,0.0,0.0,0.0,0.0,0.0,0.0,0.0
55,36702.10184,3.5077983,1,56,2,2,2,1,4,2,-16.53846154,n/a,n/a,2845049.0,2848558.0,0.0,0.0,0.0,2846782.0,2845565.0,2847558.0,2845565.0,2846558.0,2847565.0,2848558.0,3509.0,516.0,993.0,993.0,1993.0,-2847565.0,0.0,0.0,0.0,1.0,0.0,0.0,0.0,0.08653830348307236,9.54344410811322,-0.2284611211953118,0.31846095681770786,2846768.0,2846831.0,63.0,468.1241425393822,9.472707699336315,9.48938236009329,-0.057768740936823625,210.0,-0.10598435798959993,0.0,0.0,0.0,0.0,0.0,0.0,0.0,0.0,0.0,0.0,0.0,0.0,0.0,9.883277933342988,0.39307794459803735,0.6
56,36705.61797,3.5079633,1,57,2,1,1,1,1,2,-16.53846154,n/a,n/a,2848565.0,2852074.0,0.0,0.0,0.0,2849824.0,2849081.0,2851075.0,2849081.0,2849474.0,2851081.0,2852074.0,3509.0,516.0,393.0,993.0,1994.0,-2851081.0,0.0,0.0,0.0,1.0,0.0,0.0,0.0,-0.13153822129426843,-8.840753083830672,-0.06576911064713421,0.8653830348307235,2849806.0,2849875.0,69.0,449.0699659953375,8.758850828724793,8.730528248360649,-3.0350815265828035,332.0,-3.011975585058141,1.0,-4.763068223708303,-4.669606855946584,-0.1384612855729158,-0.20769192835937367,2850701.0,2850741.0,40.0,40.97365032923844,0.1163095402987973,0.39879794842442234,0.6375487981386847,0.23655780954401875,-10.154835394545007,0.521429926507603,0.3625
57,36709.13418,3.6577669,1,58,2,2,1,1,3,2,-16.53846154,n/a,n/a,2852081.0,2855740.0,0.0,0.0,0.0,2853773.0,2852747.0,2854740.0,2852748.0,2853540.0,2854747.0,2855740.0,3659.0,667.0,792.0,993.0,1993.0,-2854747.0,0.0,0.0,0.0,1.0,0.0,0.0,0.0,-0.1107690284583342,9.006906626518173,-0.1349997534335921,-1.3361514057786381,2853751.0,2853961.0,210.0,520.1485576843553,9.196454460349514,20.754854836077666,0.1309845253213915,211.0,0.7334845287065672,1.0,-1.9661502551354024,-2.353841854739568,0.21115346049869735,0.11423056059765394,2855070.0,2855094.0,24.0,67.77544781940469,0.3996233538331618,0.6695447904138431,2.8966139904629244,-2.7265179198951173,10.002382082992998,-0.008021998869348344,0.5
58,36712.80026,3.5078329,1,59,2,1,2,2,4,1,-16.53846154,n/a,n/a,2855747.0,2859257.0,0.0,0.0,0.0,2857540.0,2856263.0,2858256.0,2856264.0,2857257.0,2858263.0,2859257.0,3510.0,517.0,993.0,994.0,1993.0,-2858263.0,0.0,0.0,0.0,1.0,0.0,0.0,0.0,-0.21461499263802103,-9.508828786719992,0.2561533783098934,1.3292283414999906,2857520.0,2857596.0,76.0,424.85322785239777,9.355955318765103,9.393884592815898,-3.0266453668046207,263.0,-3.006313877464259,0.0,0.0,0.0,0.0,0.0,0.0,0.0,0.0,0.0,0.0,0.0,0.0,0.0,-10.150071228559007,0.5053859287689063,0.6291666666666667
59,36716.31643,3.6744777,1,60,2,1,2,1,4,1,-16.53846154,n/a,n/a,2859263.0,2862939.0,0.0,0.0,0.0,2861706.0,2859946.0,2861939.0,2859946.0,2860940.0,2861946.0,2862939.0,3676.0,683.0,994.0,993.0,1993.0,-2861946.0,0.0,0.0,0.0,1.0,0.0,0.0,0.0,0.26653797472786445,-9.058829608608017,-0.2319226533346355,1.5715355912525932,2861690.0,2861754.0,64.0,493.4235008449393,9.498154673635364,9.59121659973192,-2.9505582401597046,750.0,-2.9369775136270597,0.0,0.0,0.0,0.0,0.0,0.0,0.0,0.0,0.0,0.0,0.0,0.0,0.0,-10.426392855747023,1.4359377976132395,0.8708333333333333
60,36719.99924,3.9411658,1,61,2,2,1,2,2,1,-16.53846154,n/a,n/a,2862946.0,2866889.0,0.0,0.0,0.0,2864855.0,2863896.0,2865888.0,2863896.0,2864489.0,2865895.0,2866889.0,3943.0,950.0,593.0,994.0,1992.0,-2865895.0,0.0,1.0,0.0,0.0,0.0,0.0,0.0,0.0,0.0,0.0,0.0,0.0,0.0,0.0,0.0,0.0,0.0,0.0,0.0,0.0,0.0,0.0,0.0,0.0,0.0,0.0,0.0,0.0,0.0,0.0,0.0,0.0,0.0,0.0,0.0,0.0
61,36723.96533,3.5078005,1,62,2,2,1,1,1,2,-16.53846154,n/a,n/a,2866914.0,2870421.0,0.0,0.0,0.0,2868163.0,2867430.0,2869422.0,2867430.0,2867820.0,2869428.0,2870421.0,3507.0,516.0,390.0,993.0,1992.0,-2869428.0,0.0,0.0,0.0,1.0,0.0,0.0,0.0,-0.14192281771223947,9.453444272490822,-0.01384612855729079,-0.05192298208984342,2868146.0,2868261.0,115.0,482.36822623431544,9.59544263921821,10.211039292099795,0.003968233139033447,326.0,-0.08178991940334036,1.0,-0.21461499263802103,-0.7753831992083275,-0.33576861751432235,-0.28730716756379865,2870312.0,2870340.0,28.0,60.39797735694285,0.5628583246531805,0.6143707609245891,-3.0553870799140084,2.943092121813932,9.840400439468992,0.5374739242462957,0.35833333333333334
62,36727.48145,3.5078126,1,63,2,1,2,2,4,2,-16.53846154,n/a,n/a,2870428.0,2873938.0,0.0,0.0,0.0,2872104.0,2870945.0,2872938.0,2870945.0,2871937.0,2872944.0,2873938.0,3510.0,517.0,992.0,994.0,1993.0,-2872944.0,0.0,0.0,0.0,1.0,0.0,0.0,0.0,-0.28730716756379865,-8.079216013179634,-0.2561533783098934,1.1976901202057222,2872085.0,2872137.0,52.0,510.4739596813035,7.92638028210623,9.072606400602263,-2.9571299914838645,148.0,-2.91845427877733,0.0,0.0,0.0,0.0,0.0,0.0,0.0,0.0,0.0,0.0,0.0,0.0,0.0,-10.083372904755002,0.2807699604271684,0.5708333333333333
63,36730.9976,3.507837,1,64,2,1,1,1,2,2,-16.53846154,n/a,n/a,2873944.0,2877454.0,0.0,0.0,0.0,2875411.0,2874461.0,2876453.0,2874461.0,2875054.0,2876460.0,2877454.0,3510.0,517.0,593.0,994.0,1992.0,-2876460.0,0.0,0.0,0.0,1.0,0.0,0.0,0.0,-0.11423056059765394,-9.107291058558536,-0.044999917811196055,0.7407678778150986,2875391.0,2875446.0,55.0,444.96212041329903,9.027323421071598,9.72171778930179,-3.0544390877253416,337.0,-3.033137379155963,0.0,0.0,0.0,0.0,0.0,0.0,0.0,0.0,0.0,0.0,0.0,0.0,0.0,-10.035731244895,0.12032998304021729,0.4666666666666667
64,36734.51377,3.5078172,1,65,2,2,1,1,5,2,-16.53846154,n/a,n/a,2877460.0,2880970.0,0.0,0.0,0.0,2879353.0,2877977.0,2879970.0,2877977.0,2879170.0,2879977.0,2880970.0,3510.0,517.0,1193.0,993.0,1993.0,-2879977.0,0.0,0.0,0.0,1.0,0.0,0.0,0.0,-0.08999983562239604,8.809599294576767,0.079615239204425,-0.7546140063723894,2879329.0,2879523.0,194.0,566.8572286402859,8.938613041877211,21.197103509092017,0.09346473223998013,159.0,0.641018913878075,0.0,0.0,0.0,0.0,0.0,0.0,0.0,0.0,0.0,0.0,0.0,0.0,0.0,10.202477054405012,-0.6818699038945542,0.675
65,36738.02992,3.6911261,1,66,2,2,1,2,2,1,-16.53846154,n/a,n/a,2880976.0,2884669.0,0.0,0.0,0.0,2882619.0,2881676.0,2883669.0,2881676.0,2882270.0,2883676.0,2884669.0,3693.0,700.0,594.0,993.0,1993.0,-2883676.0,0.0,0.0,0.0,1.0,0.0,0.0,0.0,0.05192298208984342,9.432675079654887,0.020769192835938154,-0.2388457176132789,2882606.0,2882678.0,72.0,479.99947002726304,9.384343867191703,9.418709367824285,0.027668214306689514,336.0,0.04669157305256342,0.0,0.0,0.0,0.0,0.0,0.0,0.0,0.0,0.0,0.0,0.0,0.0,0.0,9.964268755105001,0.12032998304021729,0.4666666666666667
66,36741.72947,3.5077054,1,67,2,1,1,2,3,2,-16.53846154,n/a,n/a,2884676.0,2888186.0,0.0,0.0,0.0,2886203.0,2885192.0,2887185.0,2885193.0,2885986.0,2887192.0,2888186.0,3510.0,517.0,793.0,994.0,1993.0,-2887192.0,0.0,0.0,0.0,1.0,0.0,0.0,0.0,-0.024230724975261835,-9.913828047020768,-0.03807685353255263,1.0176904489609302,2886181.0,2886299.0,118.0,386.9809564605279,9.945792064447359,10.973099468243944,-3.035240117949014,195.0,-2.7235284726271125,0.0,0.0,0.0,0.0,0.0,0.0,0.0,0.0,0.0,0.0,0.0,0.0,0.0,-10.002382082992998,0.008021998869348344,0.49583333333333335
67,36745.24554,3.6494382,1,68,2,1,2,1,2,1,-16.53846154,n/a,n/a,2888192.0,2891843.0,0.0,0.0,0.0,2889652.0,2888851.0,2890843.0,2888851.0,2889442.0,2890850.0,2891843.0,3651.0,659.0,591.0,993.0,1992.0,-2890850.0,0.0,0.0,0.0,1.0,0.0,0.0,0.0,-0.2423072497526026,-9.086521865722597,0.14192281771223947,0.8619215026913999,2889629.0,2889752.0,123.0,2707.9370225517237,8.873473405589776,11.00759600553473,-3.0603627838936434,187.0,-2.7052314613219393,1.0,-0.12807668915494866,0.16961507482682103,0.4603837745299434,0.29076869970312236,2891609.0,2891635.0,26.0,73.21456433812195,0.3426217447143216,0.5663599749270812,0.517892982070388,-0.39526126541029954,-9.873749601370994,-0.4251659400754268,0.3875
68,36748.90331,3.5495016,1,69,2,1,1,2,4,1,-16.53846154,n/a,n/a,2891850.0,2895401.0,0.0,0.0,0.0,2893616.0,2892410.0,2894401.0,2892410.0,2893400.0,2894408.0,2895401.0,3551.0,560.0,990.0,993.0,1991.0,-2894408.0,0.0,0.0,0.0,1.0,0.0,0.0,0.0,0.21461499263802103,-6.964602664317665,-0.12807668915494866,0.26653797472786445,2893597.0,2893655.0,58.0,279.57334091530277,7.1900547215508475,7.528425761488635,-3.0866816609614114,197.0,3.0564276740345764,1.0,-6.961141132178342,-7.373063456757765,0.27346103900650787,0.2699995068671842,2893657.0,2893679.0,22.0,40.17382745310238,0.41193686857535294,0.45671240438075283,3.1331894900421444,2.896613990462925,-9.892806265314993,-0.3609899491206479,0.5916666666666667
69,36752.46114,3.5078072,1,70,2,2,1,1,5,1,-16.53846154,n/a,n/a,2895408.0,2898916.0,0.0,0.0,0.0,2897324.0,2895924.0,2897917.0,2895924.0,2897117.0,2897924.0,2898917.0,3508.0,516.0,1193.0,993.0,1993.0,-2897924.0,0.0,0.0,0.0,1.0,0.0,0.0,0.0,-0.21807652477734077,10.419211739361913,-0.05192298208984342,-0.9830751275677012,2897304.0,2897376.0,72.0,505.293128543844,10.677965439746597,10.709893173193391,0.0873140438512995,187.0,0.10166260366607004,1.0,9.938058771996026,-33.26532385889301,-1.4123051128437394,18.726888873736858,2898524.0,2898651.0,127.0,16770.82250635534,47.666753667311234,54.84445928557335,-2.705391042467118,-2.488144387529935,10.22153371834901,-0.7460458948493369,0.6916666666666667
70,36755.97739,3.5077091,1,71,2,2,2,2,5,2,-16.53846154,n/a,n/a,2898924.0,2902433.0,0.0,0.0,0.0,2900823.0,2899440.0,2901433.0,2899440.0,2900634.0,2901440.0,2902433.0,3509.0,516.0,1194.0,993.0,1993.0,-2901440.0,0.0,0.0,0.0,1.0,0.0,0.0,0.0,-0.09692289990103947,9.55036717239187,-0.024230724975261835,0.6334603814960881,2900809.0,2900875.0,66.0,495.43932431944387,9.669682690269253,9.968321297075896,-0.06806834124311303,175.0,0.09773368375787575,1.0,11.39536380265097,-33.26532385889301,-0.4084607924401,18.726888873736858,2901851.0,2901948.0,97.0,19552.208084610254,48.587432832460344,59.69407477255436,-2.7367944144241214,-2.514015686394269,9.787994613622987,0.7139578993719475,0.6833333333333333
71,36759.49344,3.6994529,1,72,2,1,2,2,4,2,-16.53846154,n/a,n/a,2902440.0,2906141.0,0.0,0.0,0.0,2904316.0,2903149.0,2905141.0,2903150.0,2904140.0,2905148.0,2906141.0,3701.0,710.0,990.0,993.0,1992.0,-2905148.0,0.0,0.0,0.0,1.0,0.0,0.0,0.0,0.10038443204036315,-8.574215109102811,0.10384596417968683,1.381151323589834,2904300.0,2904370.0,70.0,494.78690720610894,8.768134703594558,8.986815447045604,-2.995396591356699,160.0,-2.956812576140301,1.0,-2.1046115407083184,-2.08038081573306,0.2007688640807263,0.3011532961210934,2905750.0,2905782.0,32.0,85.07399431651537,0.10326743062986347,0.49732953912050115,-1.3339475658480058,-0.4231712856906856,-10.088137070741002,0.2968139581658651,0.575
72,36763.2012,3.6328336,1,73,2,2,1,1,5,2,-16.53846154,n/a,n/a,2906148.0,2909782.0,0.0,0.0,0.0,2908157.0,2906791.0,2908782.0,2906791.0,2907981.0,2908789.0,2909782.0,3634.0,643.0,1190.0,993.0,1991.0,-2908789.0,0.0,0.0,0.0,1.0,0.0,0.0,0.0,0.11423056059765394,9.418828951097593,-0.079615239204425,-0.623075785078121,2908137.0,2908211.0,74.0,471.99978981962846,9.320456028189575,9.464515073153096,0.058341455086286124,156.0,0.06734667665863615,0.0,0.0,0.0,0.0,0.0,0.0,0.0,0.0,0.0,0.0,0.0,0.0,0.0,10.202477054405012,-0.6818699038945542,0.675
73,36766.84237,3.6579696,1,74,2,2,1,2,1,2,-16.53846154,n/a,n/a,2909789.0,2913448.0,0.0,0.0,0.0,2911132.0,2910455.0,2912448.0,2910455.0,2910849.0,2912455.0,2913449.0,3659.0,666.0,394.0,994.0,1993.0,-2912455.0,0.0,0.0,0.0,1.0,0.0,0.0,0.0,-0.079615239204425,8.826906955273381,0.418845388858071,0.294230231842446,2911101.0,2911178.0,77.0,436.72120715275366,8.90739392516598,9.067589649689763,0.013990536785042935,252.0,0.058823073718782044,0.0,0.0,0.0,0.0,0.0,0.0,0.0,0.0,0.0,0.0,0.0,0.0,0.0,9.802287111580986,0.6658259061558613,0.325
74,36770.50864,3.507693,1,75,2,2,1,1,3,1,-16.53846154,n/a,n/a,2913455.0,2916965.0,0.0,0.0,0.0,2914981.0,2913972.0,2915964.0,2913972.0,2914765.0,2915971.0,2916965.0,3510.0,517.0,793.0,994.0,1992.0,-2915971.0,0.0,0.0,0.0,1.0,0.0,0.0,0.0,-0.14538434985156315,9.7061361186614,0.2423072497526026,0.3530762782109368,2914959.0,2915079.0,120.0,438.64667966220617,9.85214318405876,13.439196922466252,-0.011243377223343296,194.0,0.3647698144831503,0.0,0.0,0.0,0.0,0.0,0.0,0.0,0.0,0.0,0.0,0.0,0.0,0.0,9.992853751020998,0.02406599660804503,0.49166666666666664
75,36774.02467,3.5077964,1,76,2,2,1,2,2,1,-16.53846154,n/a,n/a,2916971.0,2920480.0,0.0,0.0,0.0,2918304.0,2917488.0,2919480.0,2917488.0,2918081.0,2919487.0,2920480.0,3509.0,517.0,593.0,993.0,1992.0,-2919487.0,0.0,0.0,0.0,1.0,0.0,0.0,0.0,0.15923047840885393,10.599211410606705,0.1488458819908829,0.2319226533346355,2918282.0,2918354.0,72.0,477.5175605330052,10.44031147114834,10.77978076340054,-0.007957391723208964,201.0,-0.051722316857182156,0.0,0.0,0.0,0.0,0.0,0.0,0.0,0.0,0.0,0.0,0.0,0.0,0.0,9.883277933342988,0.39307794459803735,0.3958333333333333
76,36777.5408,3.774459,1,77,2,1,2,1,3,2,-16.53846154,n/a,n/a,2920487.0,2924263.0,0.0,0.0,0.0,2922304.0,2921270.0,2923264.0,2921270.0,2922063.0,2923270.0,2924263.0,3776.0,783.0,793.0,993.0,1994.0,-2923270.0,0.0,0.0,0.0,1.0,0.0,0.0,0.0,0.10730749631901051,-9.107291058558536,-0.2284611211953118,1.1976901202057222,2922284.0,2922353.0,69.0,416.03598785147176,9.324308762096047,9.351061751610194,-2.9880401360525957,221.0,-2.9727317244839613,0.0,0.0,0.0,0.0,0.0,0.0,0.0,0.0,0.0,0.0,0.0,0.0,0.0,-10.011910414964998,0.04010999434673778,0.5083333333333333
77,36781.32357,3.6827954,1,78,2,1,1,2,4,2,-16.53846154,n/a,n/a,2924270.0,2927955.0,0.0,0.0,0.0,2926162.0,2924963.0,2926955.0,2924963.0,2925953.0,2926961.0,2927955.0,3685.0,693.0,990.0,994.0,1992.0,-2926961.0,0.0,0.0,0.0,1.0,0.0,0.0,0.0,0.03461532139322895,-8.626138091192654,-0.020769192835938154,0.1349997534335921,2926146.0,2926253.0,107.0,462.175397904425,8.662154099197263,8.90222686778942,-3.1236089810445384,193.0,3.0027200604812663,0.0,0.0,0.0,0.0,0.0,0.0,0.0,0.0,0.0,0.0,0.0,0.0,0.0,-9.892806265314993,-0.3609899491206479,0.5916666666666667
78,36785.02306,3.5244686,1,79,2,2,1,2,5,2,-16.53846154,n/a,n/a,2927969.0,2931496.0,0.0,0.0,0.0,2929886.0,2928503.0,2930496.0,2928503.0,2929696.0,2930502.0,2931496.0,3527.0,534.0,1193.0,994.0,1993.0,-2930502.0,0.0,0.0,0.0,1.0,0.0,0.0,0.0,-0.0553845142291671,9.809982082841087,-0.079615239204425,-1.246151570156242,2929864.0,2930018.0,154.0,471.96664577256735,9.934096089026925,15.477440777901828,0.11769908730424576,168.0,0.44334227688538386,0.0,0.0,0.0,0.0,0.0,0.0,0.0,0.0,0.0,0.0,0.0,0.0,0.0,10.20724122039101,-0.6979139016332508,0.6791666666666667
79,36788.55586,3.6911009,1,80,2,2,1,1,2,1,-16.53846154,n/a,n/a,2931502.0,2935195.0,0.0,0.0,0.0,2933052.0,2932202.0,2934195.0,2932202.0,2932795.0,2934202.0,2935195.0,3693.0,700.0,593.0,993.0,1993.0,-2934202.0,0.0,0.0,0.0,1.0,0.0,0.0,0.0,-0.28384563542447894,10.159596828912695,0.10384596417968683,-0.15576894626953025,2933031.0,2933172.0,141.0,481.0204784206153,10.44666886656452,16.783890301710333,0.024854012699805497,236.0,0.4772064127710087,0.0,0.0,0.0,0.0,0.0,0.0,0.0,0.0,0.0,0.0,0.0,0.0,0.0,9.902334597286996,0.32890195364325453,0.4125
80,36792.2553,3.6578229,1,81,2,2,2,1,4,2,-16.53846154,n/a,n/a,2935201.0,2938861.0,0.0,0.0,0.0,2937078.0,2935868.0,2937861.0,2935868.0,2936861.0,2937868.0,2938861.0,3660.0,667.0,993.0,993.0,1993.0,-2937868.0,0.0,0.0,0.0,1.0,0.0,0.0,0.0,0.010384596417967108,10.000366350503844,-0.03807685353255263,0.3426916817929658,2937061.0,2937217.0,156.0,466.8507766412696,9.99723562413444,16.578645997501397,-0.03809659690162734,200.0,-0.4473995059301109,1.0,11.04921058871868,-33.26532385889301,-0.08653830348307236,18.726888873736858,2937750.0,2937880.0,130.0,18905.302013269014,48.142735749655124,63.11434056285879,-2.7401091189138205,-2.561865135727413,9.888042099328988,0.37703394685934066,0.5958333333333333
81,36795.92145,3.7827755,1,82,2,2,2,1,1,1,-16.53846154,n/a,n/a,2938868.0,2942652.0,0.0,0.0,0.0,2940328.0,2939661.0,2941652.0,2939661.0,2940051.0,2941659.0,2942652.0,3784.0,793.0,390.0,993.0,1991.0,-2941659.0,0.0,0.0,0.0,1.0,0.0,0.0,0.0,-0.1211536248763013,8.937675983731715,0.06576911064713421,-0.24576878189192627,2940308.0,2940361.0,53.0,399.16208754433455,9.064185001216654,9.811402502900144,0.034376975129508186,257.0,0.04905986004874951,1.0,8.183061977359326,3.0461482826041473,-0.9103829526419196,-0.4776914352265578,2941212.0,2941257.0,45.0,229.40323290850827,5.15510467950036,5.134155858106621,-3.057559212045719,3.0429973939508437,10.197712888419012,-0.6658259061558613,0.325
82,36799.71255,3.5078317,1,83,2,2,2,2,3,2,-16.53846154,n/a,n/a,2942659.0,2946169.0,0.0,0.0,0.0,2944175.0,2943175.0,2945168.0,2943175.0,2943968.0,2945175.0,2946169.0,3510.0,516.0,793.0,994.0,1993.0,-2945175.0,0.0,0.0,0.0,1.0,0.0,0.0,0.0,-0.12461515701562499,10.100750782544205,-0.13153822129426843,-0.08999983562239604,2944158.0,2944303.0,145.0,485.87933012186727,10.22545030966336,13.241932734872284,-0.004062266077150973,190.0,-0.2547424918259228,0.0,0.0,0.0,0.0,0.0,0.0,0.0,0.0,0.0,0.0,0.0,0.0,0.0,10.007146248978998,-0.02406599660804503,0.49166666666666664
83,36803.22871,3.5079035,1,84,2,1,2,2,2,1,-16.53846154,n/a,n/a,2946175.0,2949684.0,0.0,0.0,0.0,2947468.0,2946692.0,2948684.0,2946692.0,2947285.0,2948691.0,2949684.0,3509.0,517.0,593.0,993.0,1992.0,-2948691.0,0.0,0.0,0.0,1.0,0.0,0.0,0.0,-0.15230741413020657,-9.408444354679625,-0.3911531317434855,0.27346103900650787,2947451.0,2947516.0,65.0,455.12529731105553,9.279966759539889,9.275796568482928,-3.069913125464597,166.0,-3.052284208231337,0.0,0.0,0.0,0.0,0.0,0.0,0.0,0.0,0.0,0.0,0.0,0.0,0.0,-9.86422126939899,-0.4572539355528202,0.37916666666666665
84,36806.7449,3.5077833,1,85,2,1,2,2,5,1,-16.53846154,n/a,n/a,2949691.0,2953200.0,0.0,0.0,0.0,2951000.0,2950208.0,2952201.0,2950208.0,2951401.0,2952207.0,2953200.0,3509.0,517.0,1193.0,993.0,1993.0,-2952207.0,0.0,0.0,0.0,0.0,0.0,1.0,0.0,-0.29076869970312236,-9.128060251394475,-0.14192281771223947,0.5365374815950487,2950983.0,2951055.0,72.0,456.11916340829407,8.86329681029195,8.911710963254409,-3.0649705301787127,-418.0,-3.028318872522701,0.0,0.0,0.0,0.0,0.0,0.0,0.0,0.0,0.0,0.0,0.0,0.0,0.0,0.0,0.0,0.0
85,36810.2612,3.5076294,1,86,2,1,2,1,3,2,-16.53846154,n/a,n/a,2953208.0,2956717.0,0.0,0.0,0.0,2954840.0,2953724.0,2955717.0,2953724.0,2954517.0,2955724.0,2956717.0,3509.0,516.0,793.0,993.0,1993.0,-2955724.0,0.0,0.0,0.0,1.0,0.0,0.0,0.0,-0.03807685353255263,-9.06575267288666,-0.1488458819908829,1.1526902023945242,2954825.0,2954887.0,62.0,456.72479332959244,9.121015671421036,9.241790367205148,-2.998407493214576,308.0,-2.9729957139803638,0.0,0.0,0.0,0.0,0.0,0.0,0.0,0.0,0.0,0.0,0.0,0.0,0.0,-10.059552074825003,0.20054997173369285,0.55
86,36813.77725,3.5077541,1,87,2,2,2,2,3,2,-16.53846154,n/a,n/a,2956724.0,2960233.0,0.0,0.0,0.0,2958267.0,2957240.0,2959233.0,2957240.0,2958033.0,2959240.0,2960233.0,3509.0,516.0,793.0,993.0,1993.0,-2959240.0,0.0,0.0,0.0,1.0,0.0,0.0,0.0,-0.044999917811196055,9.740751440054629,-0.2319226533346355,-0.2007688640807263,2958249.0,2958286.0,37.0,518.9108132275225,9.785800948136933,9.807248141920086,-0.003183576085783616,216.0,0.07135775900644169,1.0,9.7372899079153,9.844597404234316,-0.19730733194140657,-0.079615239204425,2958288.0,2958313.0,25.0,112.78936216209982,0.15926809931391023,0.7876868313237211,-0.8315192794119509,-0.14997643131931557,9.992853751020998,0.02406599660804503,0.5041666666666667
87,36817.29344,3.6576987,1,88,2,2,1,1,4,1,-16.53846154,n/a,n/a,2960240.0,2963899.0,0.0,0.0,0.0,2962099.0,2960906.0,2962899.0,2960906.0,2961899.0,2962906.0,2963899.0,3659.0,666.0,993.0,993.0,1993.0,-2962906.0,0.0,0.0,0.0,1.0,0.0,0.0,0.0,0.1903842676627592,10.70651890692571,-0.0034615321393236813,-0.623075785078121,2962080.0,2962147.0,67.0,556.512093677049,10.534372766024138,10.59537838769903,0.05885230124894957,181.0,0.08438926423194945,0.0,0.0,0.0,0.0,0.0,0.0,0.0,0.0,0.0,0.0,0.0,0.0,0.0,10.102429568699002,-0.3449459513819512,0.5875
88,36820.95946,3.9994033,1,89,2,2,2,2,2,2,-16.53846154,n/a,n/a,2963906.0,2967906.0,0.0,0.0,0.0,2965872.0,2964916.0,2966907.0,2964916.0,2965505.0,2966914.0,2967906.0,4000.0,1010.0,589.0,992.0,1991.0,-2966914.0,0.0,0.0,0.0,1.0,0.0,0.0,0.0,0.19384579980208289,10.689211246229096,-0.2769225711458316,-0.33923014965364207,2965851.0,2965922.0,71.0,531.7747258418847,10.495550394733648,10.963030237009527,0.005936605718924123,346.0,0.06698822592031803,0.0,0.0,0.0,0.0,0.0,0.0,0.0,0.0,0.0,0.0,0.0,0.0,0.0,10.035731244894997,-0.12032998304021729,0.4666666666666667
89,36824.9672,3.6327816,1,90,2,2,2,1,3,1,-16.53846154,n/a,n/a,2967913.0,2971547.0,0.0,0.0,0.0,2969556.0,2968557.0,2970548.0,2968557.0,2969346.0,2970555.0,2971548.0,3634.0,644.0,789.0,993.0,1991.0,-2970555.0,0.0,0.0,0.0,1.0,0.0,0.0,0.0,0.2769225711458316,9.124598719255147,-0.0692306427864579,0.1488458819908829,2969535.0,2969583.0,48.0,476.7065867951229,8.850363302852683,9.789248386557489,-0.024642897794613452,189.0,-0.07042569744774947,0.0,0.0,0.0,0.0,0.0,0.0,0.0,0.0,0.0,0.0,0.0,0.0,0.0,10.011910414964998,-0.04010999434673778,0.4875
90,36828.60848,3.657663,1,91,2,1,1,1,1,2,-16.53846154,n/a,n/a,2971555.0,2975214.0,0.0,0.0,0.0,2972988.0,2972221.0,2974214.0,2972221.0,2972614.0,2974221.0,2975214.0,3659.0,666.0,393.0,993.0,1993.0,-2974221.0,0.0,0.0,0.0,1.0,0.0,0.0,0.0,-0.1903842676627592,-9.723443779358009,0.04153838567187631,0.837690777716142,2972971.0,2973038.0,67.0,406.9181985373741,9.566247032398918,9.578178899783868,-3.058271122406473,357.0,-3.024230552048365,1.0,-9.245752344131452,-9.242290811992127,0.40153772816145655,0.36692240676822757,2974326.0,2974346.0,20.0,23.71703913396012,0.03478796745870767,0.09802922120855004,1.471127674303712,0.8353565591193755,-10.140542896587007,0.47329793329151293,0.375
91,36832.27448,3.5078059,1,92,2,1,1,2,2,2,-16.53846154,n/a,n/a,2975221.0,2978730.0,0.0,0.0,0.0,2976597.0,2975737.0,2977730.0,2975737.0,2976330.0,2977737.0,2978730.0,3509.0,516.0,593.0,993.0,1993.0,-2977737.0,0.0,0.0,0.0,1.0,0.0,0.0,0.0,0.1349997534335921,-8.117292866712187,-0.04153838567187631,0.4396145816940092,2976583.0,2976644.0,61.0,430.5709402971656,8.266307619881896,8.2453790016883,-3.083353220038095,253.0,-3.0705842944696173,1.0,-8.120754398851512,-33.26532385889301,-0.14192281771223947,18.726888873736858,2977101.0,2977225.0,124.0,15558.827986181186,31.436943680615933,47.78696056872462,-2.4978272800093375,-2.4259108548109563,-10.083372904755002,0.2807699604271684,0.425
92,36835.79062,3.5078386,1,93,2,2,1,1,2,1,-16.53846154,n/a,n/a,2978737.0,2982246.0,0.0,0.0,0.0,2980064.0,2979253.0,2981247.0,2979253.0,2979846.0,2981253.0,2982246.0,3509.0,516.0,593.0,993.0,1994.0,-2981253.0,0.0,0.0,0.0,1.0,0.0,0.0,0.0,-0.15576894626953025,9.342675244032495,0.10038443204036315,0.15230741413020657,2980047.0,2980103.0,56.0,508.9498707763426,9.49858610701358,10.882670038976123,-0.005466417853892707,201.0,0.06620847439370937,1.0,9.353059840450463,10.384596417968684,0.1488458819908829,0.06576911064713421,2980105.0,2980129.0,24.0,115.90390727498837,1.0348765436973175,1.082220219475568,0.08036346125511991,0.10253306222555136,9.883277933342988,0.39307794459803735,0.3958333333333333
93,36839.30683,3.6660861,1,94,2,2,1,2,2,1,-16.53846154,n/a,n/a,2982253.0,2985920.0,0.0,0.0,0.0,2983779.0,2982929.0,2984921.0,2982929.0,2983519.0,2984928.0,2985920.0,3667.0,676.0,590.0,992.0,1992.0,-2984928.0,0.0,0.0,0.0,1.0,0.0,0.0,0.0,0.03461532139322895,9.754597568611915,0.328845553235675,-0.024230724975261835,2983758.0,2983834.0,76.0,449.6477101371926,9.726392843417425,9.760880473952756,0.03630882222956253,239.0,0.06423276663927839,0.0,0.0,0.0,0.0,0.0,0.0,0.0,0.0,0.0,0.0,0.0,0.0,0.0,9.902334597286996,0.32890195364325453,0.4125
94,36842.98126,3.5411573,1,95,2,2,2,2,4,2,-16.53846154,n/a,n/a,2985927.0,2989470.0,0.0,0.0,0.0,2987687.0,2986477.0,2988470.0,2986477.0,2987471.0,2988477.0,2989470.0,3543.0,550.0,994.0,993.0,1993.0,-2988477.0,0.0,0.0,0.0,1.0,0.0,0.0,0.0,0.21115346049869735,9.903443450602797,0.16615354268749735,0.328845553235675,2987662.0,2987735.0,73.0,439.61798870062654,9.693655344738039,9.921534333555034,-0.016784138036752813,191.0,0.07578181907715957,0.0,0.0,0.0,0.0,0.0,0.0,0.0,0.0,0.0,0.0,0.0,0.0,0.0,9.892806265314997,0.3609899491206479,0.5916666666666667
95,36846.53073,3.6827953,1,96,2,2,2,2,4,2,-16.53846154,n/a,n/a,2989477.0,2993161.0,0.0,0.0,0.0,2991353.0,2990170.0,2992161.0,2990170.0,2991160.0,2992168.0,2993161.0,3684.0,693.0,990.0,993.0,1991.0,-2992168.0,0.0,0.0,0.0,1.0,0.0,0.0,0.0,-0.1384612855729158,9.041521947911402,0.2596149104492171,0.8203831170195276,2991331.0,2991398.0,67.0,499.1029080697179,9.197094821113527,9.25354301701592,-0.06101016182217244,171.0,-3.0498151456940854,0.0,0.0,0.0,0.0,0.0,0.0,0.0,0.0,0.0,0.0,0.0,0.0,0.0,9.907098763272996,0.3128579559045618,0.5791666666666667
96,36850.22198,3.5660251,1,97,2,2,2,1,2,1,-16.53846154,n/a,n/a,2993168.0,2996735.0,0.0,0.0,0.0,2994544.0,2993745.0,2995736.0,2993745.0,2994334.0,2995742.0,2996735.0,3567.0,577.0,589.0,993.0,1991.0,-2995742.0,0.0,0.0,0.0,1.0,0.0,0.0,0.0,-0.18346120338411182,9.688828457964785,0.4776914352265578,0.6403834457747355,2994526.0,2994594.0,68.0,470.69271455428833,9.87363012512989,9.872606437433662,-0.0164781717919747,192.0,0.0705330650999677,0.0,0.0,0.0,0.0,0.0,0.0,0.0,0.0,0.0,0.0,0.0,0.0,0.0,10.121486232643008,-0.40912194233673405,0.39166666666666666
97,36853.79631,3.6994681,1,98,2,2,2,1,1,2,-16.53846154,n/a,n/a,2996742.0,3000443.0,0.0,0.0,0.0,2998086.0,2997452.0,2999444.0,2997452.0,2997842.0,2999450.0,3000444.0,3701.0,710.0,390.0,994.0,1992.0,-2999450.0,0.0,0.0,0.0,1.0,0.0,0.0,0.0,-0.01384612855729079,10.883057046031183,-0.14192281771223947,-0.3599993424895802,2998064.0,2998134.0,70.0,519.8000195915554,10.899085106880086,10.944388630391266,0.02001003536966825,222.0,0.06520063606800228,0.0,0.0,0.0,0.0,0.0,0.0,0.0,0.0,0.0,0.0,0.0,0.0,0.0,10.22153371834901,-0.7460458948493369,0.30416666666666664
98,36857.50412,3.5078408,1,99,2,1,2,2,4,1,-16.53846154,n/a,n/a,3000450.0,3003960.0,0.0,0.0,0.0,3002167.0,3000967.0,3002959.0,3000967.0,3001960.0,3002966.0,3003960.0,3510.0,517.0,993.0,994.0,1992.0,-3002966.0,0.0,0.0,0.0,1.0,0.0,0.0,0.0,0.062307578507810525,-8.937675983731715,-0.43269151741536177,0.917306016920567,3002152.0,3002213.0,61.0,464.68982908203606,9.100670165613888,9.12915758432465,-2.992702705980296,192.0,-2.9643505566653885,0.0,0.0,0.0,0.0,0.0,0.0,0.0,0.0,0.0,0.0,0.0,0.0,0.0,-10.107193734685005,0.3609899491206479,0.5916666666666667
99,36861.02029,3.6661187,1,100,2,1,1,1,3,2,-16.53846154,n/a,n/a,3003966.0,3007634.0,0.0,0.0,0.0,3005643.0,3004642.0,3006634.0,3004642.0,3005433.0,3006641.0,3007634.0,3668.0,676.0,791.0,993.0,1992.0,-3006641.0,0.0,0.0,0.0,1.0,0.0,0.0,0.0,0.3115378925390605,-7.8057549741731265,-0.03461532139322895,0.2423072497526026,3005617.0,3005688.0,71.0,339.8114793717147,8.12201511906907,8.134104113823291,-3.1074907406475143,184.0,-3.0772891069016732,0.0,0.0,0.0,0.0,0.0,0.0,0.0,0.0,0.0,0.0,0.0,0.0,0.0,-10.011910414964998,0.04010999434673778,0.4875
100,37039.69426,3.7077152,2,1,2,2,2,2,5,2,-16.53846154,n/a,n/a,3182641.0,3186349.0,0.0,0.0,0.0,3184790.0,3183348.0,3185349.0,3183348.0,3184548.0,3185356.0,3186349.0,3708.0,707.0,1200.0,993.0,2001.0,-3185356.0,0.0,0.0,0.0,1.0,0.0,0.0,0.0,-0.06576911064713421,7.719216670690055,-0.10730749631901051,0.4361530495546855,3184770.0,3184845.0,75.0,284.572307110924,7.803931892356796,7.971360635044127,-0.0696957353083266,222.0,-0.12101556927852365,0.0,0.0,0.0,0.0,0.0,0.0,0.0,0.0,0.0,0.0,0.0,0.0,0.0,9.754645451720988,0.8262658835428125,0.7125
101,37043.4103,3.6662719,2,2,2,1,1,1,3,2,-16.53846154,n/a,n/a,3186356.0,3190024.0,0.0,0.0,0.0,3188055.0,3187032.0,3189023.0,3187033.0,3187822.0,3189030.0,3190024.0,3668.0,677.0,789.0,994.0,1991.0,-3189030.0,0.0,0.0,0.0,1.0,0.0,0.0,0.0,0.32192248895702763,-8.18998504163797,-0.4396145816940092,-0.2976917639817697,3188037.0,3188116.0,79.0,396.5137680983864,8.513090619486391,8.601997212357023,-3.1249207539358603,215.0,-3.051734281810531,1.0,-8.401138502136666,-8.439215355669216,0.01384612855729079,0.1211536248763013,3188653.0,3188692.0,39.0,210.58602191162632,0.11386283652357172,0.6976941077810115,-1.9117752802912176,-1.0516502125483738,-9.992853751020998,-0.02406599660804503,0.5041666666666667
102,37047.08478,3.5078034,2,3,2,2,2,1,2,2,-16.53846154,n/a,n/a,3190030.0,3193539.0,0.0,0.0,0.0,3191723.0,3190547.0,3192540.0,3190547.0,3191140.0,3192546.0,3193540.0,3509.0,517.0,593.0,994.0,1993.0,-3192546.0,0.0,0.0,0.0,1.0,0.0,0.0,0.0,0.11423056059765394,9.882674257766864,0.21461499263802103,0.07615370706510526,3191706.0,3191780.0,74.0,421.2407915763721,9.769424946861886,9.89215103844671,0.014173395285498259,566.0,0.06337923578058638,0.0,0.0,0.0,0.0,0.0,0.0,0.0,0.0,0.0,0.0,0.0,0.0,0.0,9.907098763272996,0.3128579559045618,0.5791666666666667
103,37050.6011,3.7076,2,4,2,2,1,2,5,2,-16.53846154,n/a,n/a,3193546.0,3197255.0,0.0,0.0,0.0,3195663.0,3194263.0,3196256.0,3194263.0,3195456.0,3196262.0,3197255.0,3709.0,717.0,1193.0,993.0,1993.0,-3196262.0,0.0,0.0,0.0,1.0,0.0,0.0,0.0,-0.006923064278647363,9.16959863706635,-0.3773070031861947,-1.346536002196605,3195640.0,3195730.0,90.0,441.8883762011822,9.227564976080007,9.470608334182918,0.10523037192645819,184.0,0.12385630930384997,0.0,0.0,0.0,0.0,0.0,0.0,0.0,0.0,0.0,0.0,0.0,0.0,0.0,10.21676955236301,-0.7300018971106402,0.6875
104,37054.31704,3.6995041,2,5,2,1,2,1,2,2,-16.53846154,n/a,n/a,3197263.0,3200963.0,0.0,0.0,0.0,3198771.0,3197971.0,3199964.0,3197972.0,3198564.0,3199971.0,3200965.0,3700.0,709.0,592.0,994.0,1993.0,-3199971.0,0.0,0.0,0.0,1.0,0.0,0.0,0.0,-0.17999967124479208,-8.352677052186143,-0.0,0.7857677956262986,3198750.0,3198799.0,49.0,374.1880840811652,8.210364583962992,8.64733753982909,-3.0457415770488354,186.0,-3.024437137432028,1.0,-8.338830923628851,-8.871906873084576,0.7857677956262986,0.8653830348307235,3198801.0,3198826.0,25.0,55.531554349070475,0.5389884546089094,0.6022369596970368,-2.9933378281559353,-2.9272877697866297,-9.873749601370994,-0.4251659400754268,0.3875
105,37058.02488,3.7494546,2,6,2,1,1,2,2,1,-16.53846154,n/a,n/a,3200970.0,3204722.0,0.0,0.0,0.0,3202287.0,3201730.0,3203721.0,3201730.0,3202322.0,3203728.0,3204723.0,3752.0,760.0,592.0,995.0,1991.0,-3203728.0,0.0,0.0,0.0,1.0,0.0,0.0,0.0,-0.15576894626953025,-8.532676723430935,0.33923014965364207,1.3776897914505124,3202272.0,3202320.0,48.0,353.40276693420617,8.441029696352697,8.651903444991728,-3.0182549526900693,-50.0,-2.9905859092685816,1.0,-8.972291305124944,-8.556907448406196,-4.2853767884817415,1.1353825416979098,3202837.0,3202892.0,55.0,211.43778935448415,5.436651125845053,5.59466805671219,-1.494317432879758,1.671819408058278,-10.259647046237012,0.8743978767588986,0.2708333333333333
106,37061.78261,3.6994714,2,7,2,1,1,1,2,2,-16.53846154,n/a,n/a,3204728.0,3208429.0,0.0,0.0,0.0,3206237.0,3205437.0,3207429.0,3205437.0,3206028.0,3207436.0,3208429.0,3701.0,709.0,591.0,993.0,1992.0,-3207436.0,0.0,0.0,0.0,1.0,0.0,0.0,0.0,0.07615370706510526,-8.757676312486923,0.26653797472786445,1.0142289168216085,3206218.0,3206262.0,44.0,410.11203130922286,8.86541564503479,9.21557896674521,-3.057154405567436,190.0,-3.0309354324158977,0.0,0.0,0.0,0.0,0.0,0.0,0.0,0.0,0.0,0.0,0.0,0.0,0.0,-10.121486232643004,0.40912194233673405,0.39166666666666666
107,37065.49042,3.5077995,2,8,2,1,1,1,4,2,-16.53846154,n/a,n/a,3208436.0,3211945.0,0.0,0.0,0.0,3210152.0,3208952.0,3210945.0,3208952.0,3209945.0,3210952.0,3211945.0,3509.0,516.0,993.0,993.0,1993.0,-3210952.0,0.0,0.0,0.0,1.0,0.0,0.0,0.0,-0.017307660696614473,-9.3288291154752,0.22153805691666445,0.6265373172174447,3210132.0,3210264.0,132.0,342.97128749520306,9.320324897966062,11.672345913640227,-3.0981256257834024,187.0,-2.6819238034344264,0.0,0.0,0.0,0.0,0.0,0.0,0.0,0.0,0.0,0.0,0.0,0.0,0.0,-9.892806265314993,-0.3609899491206479,0.5916666666666667
108,37069.00655,3.7579472,2,9,2,1,1,1,3,2,-16.53846154,n/a,n/a,3211952.0,3215711.0,0.0,0.0,0.0,3213711.0,3212718.0,3214711.0,3212718.0,3213511.0,3214718.0,3215711.0,3759.0,766.0,793.0,993.0,1993.0,-3214718.0,0.0,0.0,0.0,1.0,0.0,0.0,0.0,0.031153789253905263,-8.238446491588489,0.4257684531367144,1.2288439094596275,3213695.0,3213758.0,63.0,395.58933560657465,8.308502812989646,8.327828379076436,-3.0447844526287566,184.0,-3.023269757462,0.0,0.0,0.0,0.0,0.0,0.0,0.0,0.0,0.0,0.0,0.0,0.0,0.0,-10.011910414964998,0.04010999434673778,0.4875
109,37072.77268,3.6912068,2,10,2,2,2,2,1,2,-16.53846154,n/a,n/a,3215718.0,3219411.0,0.0,0.0,0.0,3217051.0,3216418.0,3218411.0,3216418.0,3216811.0,3218417.0,3219411.0,3693.0,700.0,393.0,994.0,1993.0,-3218417.0,0.0,0.0,0.0,1.0,0.0,0.0,0.0,-0.08999983562239604,10.298058114485611,0.2388457176132789,-0.3911531317434855,3217036.0,3217077.0,41.0,413.15230564716535,10.407144013848995,10.397056228027685,0.06057226244534463,225.0,0.06630240659556302,1.0,10.29459658234629,10.526519235680919,-0.4084607924401,-0.3703839389075513,3217079.0,3217108.0,29.0,83.09479820114728,0.23502758115743147,0.7062373927997966,-0.16272737464037212,-0.17240076623096137,10.21676955236301,-0.7300018971106402,0.30833333333333335
110,37076.47231,3.7326045,2,11,2,1,1,2,1,1,-16.53846154,n/a,n/a,3219418.0,3223152.0,0.0,0.0,0.0,3220944.0,3220160.0,3222151.0,3220160.0,3220550.0,3222158.0,3223152.0,3734.0,742.0,390.0,994.0,1991.0,-3222158.0,0.0,0.0,0.0,1.0,0.0,0.0,0.0,-0.16615354268749735,-9.072675737165307,-0.20423039622005,1.031536577518223,3220924.0,3220980.0,56.0,409.0735162378704,8.991843949608338,9.814522918736316,-3.003724322833864,374.0,-2.968616233934702,1.0,-9.730366843636657,-9.647290072292908,0.837690777716142,0.8965368240846289,3221192.0,3221212.0,20.0,102.69860219859092,0.10180671446473265,0.35377129424261833,-0.6162969373960568,-0.9312090923415658,-10.131014564615008,0.4412099378141235,0.38333333333333336
111,37080.21344,3.6409538,2,12,2,1,1,1,2,2,-16.53846154,n/a,n/a,3223159.0,3226801.0,0.0,0.0,0.0,3224591.0,3223808.0,3225801.0,3223808.0,3224401.0,3225808.0,3226801.0,3642.0,649.0,593.0,993.0,1993.0,-3225808.0,0.0,0.0,0.0,1.0,0.0,0.0,0.0,-0.07269217492578157,-9.477674997466083,0.03461532139322895,1.0488442382148373,3224579.0,3224646.0,67.0,417.50424221475066,9.459511730950773,9.496484261352679,-3.0341682668659358,178.0,-2.9853129232302016,1.0,-9.3288291154752,-9.283829197664005,0.65769110647135,0.7442294099544223,3224921.0,3224943.0,22.0,156.094460258163,0.09753907203137999,0.5766231001713208,-1.0912770348023149,-1.056117792653666,-10.126250398629004,0.4251659400754268,0.3875
112,37083.86272,3.657798,2,13,2,1,1,1,4,1,-16.53846154,n/a,n/a,3226808.0,3230467.0,0.0,0.0,0.0,3228651.0,3227474.0,3229468.0,3227474.0,3228467.0,3229474.0,3230467.0,3659.0,666.0,993.0,993.0,1994.0,-3229474.0,0.0,0.0,0.0,1.0,0.0,0.0,0.0,0.04153838567187631,-9.14536791209109,-0.4084607924401,0.14192281771223947,3228629.0,3228693.0,64.0,444.1494062681774,9.203378153819452,9.206127430959869,-3.081754604117215,162.0,-3.017191021602528,1.0,-9.010368158657492,-8.709214862536403,-0.020769192835938154,0.46730683880859075,3228988.0,3229011.0,23.0,180.9669300760012,0.5735080822712681,0.5735080822712681,-1.0179551052023617,-1.0179551052023617,-9.907098763272991,-0.3128579559045618,0.5791666666666667
113,37087.52885,3.9994426,2,14,2,2,1,2,2,1,-16.53846154,n/a,n/a,3230474.0,3234475.0,0.0,0.0,0.0,3232290.0,3231484.0,3233475.0,3231484.0,3232074.0,3233482.0,3234475.0,4001.0,1010.0,590.0,993.0,1991.0,-3233482.0,0.0,1.0,0.0,0.0,0.0,0.0,0.0,0.0,0.0,0.0,0.0,0.0,0.0,0.0,0.0,0.0,0.0,0.0,0.0,0.0,0.0,0.0,0.0,0.0,0.0,0.0,0.0,0.0,0.0,0.0,0.0,0.0,0.0,0.0,0.0,0.0
114,37091.53661,3.9994382,2,15,2,2,1,2,3,1,-16.53846154,n/a,n/a,3234482.0,3238482.0,0.0,0.0,0.0,3236524.0,3235492.0,3237483.0,3235492.0,3236281.0,3237490.0,3238482.0,4000.0,1010.0,789.0,992.0,1991.0,-3237490.0,0.0,1.0,0.0,0.0,0.0,0.0,0.0,0.0,0.0,0.0,0.0,0.0,0.0,0.0,0.0,0.0,0.0,0.0,0.0,0.0,0.0,0.0,0.0,0.0,0.0,0.0,0.0,0.0,0.0,0.0,0.0,0.0,0.0,0.0,0.0,0.0
115,37095.54438,3.8077717,2,16,2,2,1,1,4,2,-16.53846154,n/a,n/a,3238489.0,3242299.0,0.0,0.0,0.0,3240515.0,3239306.0,3241299.0,3239306.0,3240299.0,3241306.0,3242299.0,3810.0,817.0,993.0,993.0,1993.0,-3241306.0,0.0,0.0,0.0,1.0,0.0,0.0,0.0,-0.09692289990103947,8.39421543785802,0.1349997534335921,-0.9657674668710867,3240491.0,3240544.0,53.0,405.7435618577663,8.562191234973612,9.027947242928162,0.12891819625039647,192.0,-0.12416476294207449,1.0,8.373446245022084,9.048445012190049,-0.9657674668710867,-0.9311521454778579,3240546.0,3240570.0,24.0,73.60448860505718,0.6758857567321775,0.7121424128009746,-0.05123716740341881,-0.19072263696974903,10.107193734685001,-0.3609899491206479,0.5916666666666667
116,37099.36047,3.699461,2,17,2,1,2,1,5,2,-16.53846154,n/a,n/a,3242305.0,3246007.0,0.0,0.0,0.0,3244416.0,3243015.0,3245006.0,3243015.0,3244205.0,3245013.0,3246007.0,3702.0,710.0,1190.0,994.0,1991.0,-3245013.0,0.0,0.0,0.0,1.0,0.0,0.0,0.0,0.38769159960416577,-8.650368816167912,0.11769209273697762,2.108073072847642,3244400.0,3244477.0,77.0,375.498242630962,9.25462870811857,9.337328795691693,-2.9248304764707553,195.0,-2.9092920271040796,0.0,0.0,0.0,0.0,0.0,0.0,0.0,0.0,0.0,0.0,0.0,0.0,0.0,-10.22153371834901,0.7460458948493369,0.6916666666666667
117,37103.06833,3.7660338,2,18,2,1,2,2,3,2,-16.53846154,n/a,n/a,3246014.0,3249781.0,0.0,0.0,0.0,3247780.0,3246789.0,3248781.0,3246790.0,3247580.0,3248788.0,3249781.0,3767.0,776.0,790.0,993.0,1992.0,-3248788.0,0.0,0.0,0.0,1.0,0.0,0.0,0.0,0.010384596417967108,-8.508445998455672,0.048461449950519736,1.2288439094596275,3247763.0,3247827.0,64.0,396.1971828141132,8.600219616665143,8.635984364432685,-3.0039077780812757,183.0,-2.994763945752595,0.0,0.0,0.0,0.0,0.0,0.0,0.0,0.0,0.0,0.0,0.0,0.0,0.0,-9.988089585034999,-0.04010999434673778,0.4875
118,37106.84269,3.7911271,2,19,2,1,2,2,1,1,-16.53846154,n/a,n/a,3249788.0,3253580.0,0.0,0.0,0.0,3251330.0,3250588.0,3252581.0,3250588.0,3250980.0,3252587.0,3253580.0,3792.0,800.0,392.0,993.0,1993.0,-3252587.0,0.0,0.0,0.0,1.0,0.0,0.0,0.0,0.10384596417968683,-9.200752426320252,0.26307644258854074,0.8861522276666618,3251308.0,3251378.0,70.0,390.7466074168803,9.325436967909052,9.333457686184248,-3.0747281935263437,328.0,-3.049858292287732,0.0,0.0,0.0,0.0,0.0,0.0,0.0,0.0,0.0,0.0,0.0,0.0,0.0,-9.840400439468992,-0.5374739242462957,0.35833333333333334
119,37110.64216,3.7410937,2,20,2,2,2,1,2,1,-16.53846154,n/a,n/a,3253587.0,3257330.0,0.0,0.0,0.0,3255130.0,3254337.0,3256330.0,3254337.0,3254930.0,3256337.0,3257331.0,3743.0,750.0,593.0,994.0,1993.0,-3256337.0,0.0,0.0,0.0,1.0,0.0,0.0,0.0,-0.024230724975261835,9.460367336769469,0.4949990959231723,-0.0034615321393236813,3255113.0,3255168.0,55.0,397.9561948763458,9.49768726535994,9.927940304450619,0.05250643913005565,183.0,0.07957974590430619,1.0,9.460367336769469,10.003827882643165,0.01384612855729079,0.08999983562239604,3255170.0,3255192.0,22.0,58.908230593541795,0.5487702178700057,0.5573496731714568,-0.1392208790126581,0.1937414957234473,10.126250398629008,-0.4251659400754268,0.3875
120,37114.39184,3.507588753,2,21,2,1,1,1,1,2,-16.53846154,n/a,n/a,3257337.0,3260846.0,0.0,0.0,0.0,3258520.0,3257853.0,3259846.0,3257854.0,3258247.0,3259853.0,3260846.0,3509.0,517.0,393.0,993.0,1993.0,-3259853.0,0.0,0.0,0.0,1.0,0.0,0.0,0.0,-0.12461515701562499,-10.820749467523369,0.8203831170195276,1.1838439916484296,3258507.0,3258595.0,88.0,427.20053241194535,10.702307835032919,10.721985026364347,-3.10762514091137,260.0,-3.0633846220703,1.0,-5.576528276449183,-5.663066579932256,0.4880760316445289,0.46384530666926704,3259689.0,3259715.0,26.0,69.7694107781018,0.08986660115167988,0.5591204896695705,2.8685839505030657,-3.0610221101259976,-10.197712888419007,0.6658259061558613,0.325
121,37117.90776,3.5078189,2,22,2,1,2,2,5,2,-16.53846154,n/a,n/a,3260853.0,3264362.0,0.0,0.0,0.0,3262779.0,3261369.0,3263362.0,3261369.0,3262563.0,3263369.0,3264362.0,3509.0,516.0,1194.0,993.0,1993.0,-3263369.0,0.0,0.0,0.0,1.0,0.0,0.0,0.0,0.08653830348307236,-9.820366679259052,0.4223069209973947,2.1773037156340997,3262765.0,3262839.0,74.0,492.86364366875495,10.06115202580032,10.027931950827282,-2.966262756619585,202.0,-2.9632211373367756,0.0,0.0,0.0,0.0,0.0,0.0,0.0,0.0,0.0,0.0,0.0,0.0,0.0,-10.23106205032101,0.7781338903267264,0.7
122,37121.42391,3.6746472,2,23,2,1,1,2,5,2,-16.53846154,n/a,n/a,3264369.0,3268045.0,0.0,0.0,0.0,3266429.0,3265052.0,3267045.0,3265052.0,3266245.0,3267052.0,3268045.0,3676.0,683.0,1193.0,993.0,1993.0,-3267052.0,0.0,0.0,0.0,1.0,0.0,0.0,0.0,-0.2699995068671842,-9.366905969007753,0.1765381391054684,0.32192248895702763,3266415.0,3266524.0,109.0,511.9873358988135,9.098068135055739,10.217692966394498,-3.125612278884363,170.0,2.880837503463752,1.0,-9.57805942950645,-9.619597815178322,-0.21807652477734077,0.010384596417967108,3266548.0,3266569.0,21.0,47.0147204356569,0.23220663509478442,0.3514605935007331,-1.7506498265873673,2.0520632576933324,-9.787994613622987,-0.7139578993719475,0.6833333333333333
123,37125.10682,3.5743684,2,24,2,2,2,1,1,1,-16.53846154,n/a,n/a,3268052.0,3271627.0,0.0,0.0,0.0,3269494.0,3268635.0,3270628.0,3268635.0,3269028.0,3270635.0,3271628.0,3575.0,583.0,393.0,993.0,1993.0,-3270635.0,0.0,0.0,0.0,1.0,0.0,0.0,0.0,0.15576894626953025,9.408444354679625,0.09346136776171972,-0.3426916817929658,3269477.0,3269591.0,114.0,411.3296238812762,9.262949405887564,13.6135053063262,0.04710318010154376,449.0,0.46285161189805735,1.0,-0.9761520632890578,-0.588460463684892,0.19384579980208289,0.10730749631901051,3271284.0,3271303.0,19.0,41.55440819346291,0.397232494105612,0.3821036049264993,0.21961412517659895,-0.34180517198089005,10.088137070741002,-0.2968139581658651,0.42083333333333334
124,37128.68951,3.5078156,2,25,2,2,2,2,4,1,-16.53846154,n/a,n/a,3271634.0,3275144.0,0.0,0.0,0.0,3273328.0,3272151.0,3274144.0,3272151.0,3273144.0,3274151.0,3275144.0,3510.0,517.0,993.0,993.0,1993.0,-3274151.0,0.0,0.0,0.0,0.0,1.0,0.0,0.0,0.0,0.0,0.0,0.0,0.0,0.0,0.0,0.0,0.0,0.0,0.0,0.0,0.0,0.0,0.0,0.0,0.0,0.0,0.0,0.0,0.0,0.0,0.0,0.0,0.0,0.0,0.0,0.0,0.0
125,37132.20566,3.7077625,2,26,2,1,1,1,3,1,-16.53846154,n/a,n/a,3275151.0,3278860.0,0.0,0.0,0.0,3276844.0,3275867.0,3277860.0,3275867.0,3276660.0,3277867.0,3278860.0,3709.0,716.0,793.0,993.0,1993.0,-3277867.0,0.0,0.0,0.0,1.0,0.0,0.0,0.0,-0.2699995068671842,-8.556907448406196,0.15576894626953025,0.6126911886601539,3276831.0,3276899.0,68.0,392.01373890466357,8.29949523568353,8.296246214147189,-3.0865105836337183,171.0,3.056372422617664,0.0,0.0,0.0,0.0,0.0,0.0,0.0,0.0,0.0,0.0,0.0,0.0,0.0,-10.016674580950998,0.05615399208543447,0.48333333333333334
126,37135.92178,3.7244819,2,27,2,2,1,2,2,2,-16.53846154,n/a,n/a,3278867.0,3282593.0,0.0,0.0,0.0,3280393.0,3279600.0,3281592.0,3279600.0,3280193.0,3281600.0,3282593.0,3726.0,733.0,593.0,993.0,1992.0,-3281600.0,0.0,0.0,0.0,1.0,0.0,0.0,0.0,-0.38423006746484206,9.21113702273822,0.1765381391054684,0.017307660696614473,3280375.0,3280445.0,70.0,450.3318947401386,9.596688175668016,9.807361765902124,0.0165929935913245,182.0,0.05473495232716583,0.0,0.0,0.0,0.0,0.0,0.0,0.0,0.0,0.0,0.0,0.0,0.0,0.0,9.87374960137099,0.4251659400754268,0.3875
127,37139.65459,3.5494749,2,28,2,2,2,2,2,2,-16.53846154,n/a,n/a,3282599.0,3286150.0,0.0,0.0,0.0,3283959.0,3283159.0,3285151.0,3283159.0,3283749.0,3285157.0,3286150.0,3551.0,560.0,590.0,993.0,1992.0,-3285157.0,0.0,0.0,0.0,1.0,0.0,0.0,0.0,0.01384612855729079,10.651134392696548,0.4257684531367144,-0.0,3283946.0,3284017.0,71.0,459.3473292560302,10.645805765186644,10.652967373298795,0.040004678702012526,197.0,-0.07871576560948626,0.0,0.0,0.0,0.0,0.0,0.0,0.0,0.0,0.0,0.0,0.0,0.0,0.0,10.121486232643008,-0.40912194233673405,0.39166666666666666
128,37143.21238,3.50782,2,29,2,2,2,2,4,2,-16.53846154,n/a,n/a,3286157.0,3289667.0,0.0,0.0,0.0,3287874.0,3286674.0,3288667.0,3286674.0,3287667.0,3288673.0,3289667.0,3510.0,517.0,993.0,994.0,1993.0,-3288673.0,0.0,0.0,0.0,1.0,0.0,0.0,0.0,0.33230708537499865,10.730749631900972,0.28730716756379865,0.4396145816940092,3287860.0,3287928.0,68.0,470.57673161306906,10.399557920498381,10.552890487643651,-0.014646089826381456,193.0,0.06072053241518149,0.0,0.0,0.0,0.0,0.0,0.0,0.0,0.0,0.0,0.0,0.0,0.0,0.0,9.892806265314997,0.3609899491206479,0.5916666666666667
129,37146.72856,3.5828107,2,30,2,2,2,2,2,2,-16.53846154,n/a,n/a,3289673.0,3293258.0,0.0,0.0,0.0,3291083.0,3290266.0,3292258.0,3290266.0,3290856.0,3292265.0,3293258.0,3585.0,593.0,590.0,993.0,1992.0,-3292265.0,0.0,0.0,0.0,1.0,0.0,0.0,0.0,-0.3253840210963513,9.796135954283791,0.5469220780130157,0.11769209273697762,3291060.0,3291138.0,78.0,461.13540078038284,10.130617206877343,10.173508913635835,0.04238226601916155,204.0,0.06912570295654871,0.0,0.0,0.0,0.0,0.0,0.0,0.0,0.0,0.0,0.0,0.0,0.0,0.0,10.116722066657008,-0.39307794459803735,0.3958333333333333
130,37150.3197,3.5078247,2,31,2,2,2,1,5,1,-16.53846154,n/a,n/a,3293264.0,3296774.0,0.0,0.0,0.0,3295148.0,3293781.0,3295774.0,3293781.0,3294974.0,3295781.0,3296774.0,3510.0,517.0,1193.0,993.0,1993.0,-3295781.0,0.0,0.0,0.0,1.0,0.0,0.0,0.0,-0.06576911064713421,8.695368733979112,-0.04153838567187631,0.9484598061744722,3295124.0,3295196.0,72.0,483.05602110633754,8.816894734111397,8.900678858079484,-0.11252151556726868,150.0,-0.13183194155968184,1.0,9.034598883632754,8.979214369403591,0.48115296736588153,0.543460545873696,3295905.0,3295937.0,32.0,36.96355205738845,0.0833647332863714,0.27101829297502134,-2.297438667476575,2.706508702427734,9.802287111580986,0.6658259061558613,0.6708333333333333
131,37153.83585,3.8410922,2,32,2,2,2,2,1,1,-16.53846154,n/a,n/a,3296781.0,3300623.0,0.0,0.0,0.0,3298224.0,3297631.0,3299624.0,3297631.0,3298024.0,3299630.0,3300623.0,3842.0,850.0,393.0,993.0,1993.0,-3299630.0,0.0,0.0,0.0,1.0,0.0,0.0,0.0,-0.12461515701562499,9.858443532791602,0.22499958905598813,-0.6680757028893171,3298204.0,3298278.0,74.0,460.7700345766387,10.022925934138133,10.10198798505419,0.08922157914372952,180.0,0.10263499109200322,0.0,0.0,0.0,0.0,0.0,0.0,0.0,0.0,0.0,0.0,0.0,0.0,0.0,10.240590382293009,-0.8102218858041197,0.2875
132,37157.68528,3.5078433,2,33,2,1,1,1,3,2,-16.53846154,n/a,n/a,3300630.0,3304140.0,0.0,0.0,0.0,3302130.0,3301147.0,3303139.0,3301147.0,3301940.0,3303146.0,3304140.0,3510.0,517.0,793.0,994.0,1992.0,-3303146.0,0.0,0.0,0.0,1.0,0.0,0.0,0.0,-0.11423056059765394,-9.072675737165307,0.05192298208984342,0.6265373172174447,3302115.0,3302237.0,122.0,328.6623041319457,8.97685477300944,10.75648652481106,-3.0775382073942947,175.0,-2.763536373164373,1.0,-9.339213711893168,-9.11421412283718,1.131921009558586,1.0384596417968683,3302831.0,3302854.0,23.0,50.466664123452134,0.24363875377134606,0.4196599164067321,0.39369822396002274,-2.6521205286565515,-10.016674580950998,0.05615399208543447,0.48333333333333334
133,37161.20144,3.5078296,2,34,2,1,2,2,4,1,-16.53846154,n/a,n/a,3304146.0,3307656.0,0.0,0.0,0.0,3305813.0,3304663.0,3306655.0,3304663.0,3305656.0,3306663.0,3307656.0,3510.0,517.0,993.0,993.0,1992.0,-3306663.0,0.0,0.0,0.0,1.0,0.0,0.0,0.0,0.0,-8.927291387313744,0.4707683709479144,1.8311505017018104,3305797.0,3305867.0,70.0,430.2898565620714,9.03034722785789,9.090936389694745,-2.9903713544164545,141.0,-2.9775081385277695,0.0,0.0,0.0,0.0,0.0,0.0,0.0,0.0,0.0,0.0,0.0,0.0,0.0,-10.078608738769002,0.26472596268847565,0.5666666666666667
134,37164.71759,3.7578013,2,35,2,1,1,2,5,2,-16.53846154,n/a,n/a,3307662.0,3311422.0,0.0,0.0,0.0,3309845.0,3308429.0,3310422.0,3308429.0,3309622.0,3310429.0,3311422.0,3760.0,767.0,1193.0,993.0,1993.0,-3310429.0,0.0,1.0,0.0,0.0,0.0,0.0,0.0,0.0,0.0,0.0,0.0,0.0,0.0,0.0,0.0,0.0,0.0,0.0,0.0,0.0,0.0,0.0,0.0,0.0,0.0,0.0,0.0,0.0,0.0,0.0,0.0,0.0,0.0,0.0,0.0,0.0
135,37168.4837,3.5495399,2,36,2,1,2,1,2,2,-16.53846154,n/a,n/a,3311428.0,3314979.0,0.0,0.0,0.0,3312804.0,3311988.0,3313980.0,3311988.0,3312578.0,3313986.0,3314980.0,3551.0,560.0,590.0,994.0,1992.0,-3313986.0,0.0,0.0,0.0,1.0,0.0,0.0,0.0,-0.10730749631901051,-7.203448381930944,0.21461499263802103,1.246151570156242,3312782.0,3312850.0,68.0,341.14633938942967,7.170724034517806,7.166587142126374,-2.997237930531345,204.0,-2.9849405556355424,1.0,-0.5192298208984342,-0.4603837745299434,0.4084607924401,0.5019221602018197,3314128.0,3314152.0,24.0,39.29851214573396,0.11044403305337047,0.3456855912348113,-1.008874764538077,-0.6074445979876397,-9.883277933342994,-0.39307794459803735,0.3958333333333333
136,37172.04166,3.5078111,2,37,2,1,2,2,2,1,-16.53846154,n/a,n/a,3314987.0,3318496.0,0.0,0.0,0.0,3316313.0,3315503.0,3317496.0,3315503.0,3316096.0,3317503.0,3318496.0,3509.0,516.0,593.0,993.0,1993.0,-3317503.0,0.0,0.0,0.0,1.0,0.0,0.0,0.0,-0.048461449950519736,-9.15921404064838,0.4292299852760381,1.3569205986145743,3316289.0,3316358.0,69.0,411.5654317741981,9.157861248292866,9.200026361491583,-3.0401186773490867,193.0,-3.025824744373611,0.0,0.0,0.0,0.0,0.0,0.0,0.0,0.0,0.0,0.0,0.0,0.0,0.0,-9.878513767356994,-0.40912194233673405,0.39166666666666666
137,37175.55769,3.5078734,2,38,2,2,1,2,5,2,-16.53846154,n/a,n/a,3318502.0,3322012.0,0.0,0.0,0.0,3320329.0,3319019.0,3321012.0,3319019.0,3320212.0,3321019.0,3322012.0,3510.0,517.0,1193.0,993.0,1993.0,-3321019.0,0.0,0.0,0.0,0.0,1.0,0.0,0.0,0.0,0.0,0.0,0.0,0.0,0.0,0.0,0.0,0.0,0.0,0.0,0.0,0.0,0.0,0.0,0.0,0.0,0.0,0.0,0.0,0.0,0.0,0.0,0.0,0.0,0.0,0.0,0.0,0.0
138,37179.07386,3.707781,2,39,2,1,2,2,5,1,-16.53846154,n/a,n/a,3322018.0,3325728.0,0.0,0.0,0.0,3324035.0,3322735.0,3324729.0,3322735.0,3323928.0,3324735.0,3325728.0,3710.0,717.0,1193.0,993.0,1994.0,-3324735.0,0.0,0.0,0.0,1.0,0.0,0.0,0.0,0.031153789253905263,-8.688445669700466,0.5538451422916632,2.1323037978229036,3324016.0,3324058.0,42.0,494.04538170050216,8.861317421908485,8.870772314781997,-2.9625078200097854,88.0,-2.948406145182799,1.0,-8.387292373579372,-9.107291058558536,2.0146117050859242,2.184226779912747,3324069.0,3324088.0,19.0,79.69045437396935,0.7397076314194918,0.7329707459687163,-2.910234033560008,-2.9080682432271354,-10.164363726517005,0.5535179219849924,0.6416666666666667
139,37182.78995,3.699463,2,40,2,2,2,1,4,2,-16.53846154,n/a,n/a,3325735.0,3329435.0,0.0,0.0,0.0,3327694.0,3326445.0,3328436.0,3326445.0,3327434.0,3328443.0,3329435.0,3700.0,710.0,989.0,992.0,1991.0,-3328443.0,0.0,0.0,0.0,1.0,0.0,0.0,0.0,-0.20423039622005,9.325367583335881,0.5261528851770815,0.2423072497526026,3327676.0,3327864.0,188.0,387.0738351937718,9.533824311193595,14.238505333929918,0.029776884531784127,242.0,0.5019272359366651,0.0,0.0,0.0,0.0,0.0,0.0,0.0,0.0,0.0,0.0,0.0,0.0,0.0,9.86422126939899,0.4572539355528202,0.6166666666666667
140,37186.49775,3.7244997,2,41,2,1,2,1,4,2,-16.53846154,n/a,n/a,3329442.0,3333169.0,0.0,0.0,0.0,3331186.0,3330176.0,3332168.0,3330176.0,3331169.0,3332175.0,3333169.0,3727.0,734.0,993.0,994.0,1992.0,-3332175.0,0.0,1.0,0.0,0.0,0.0,0.0,0.0,0.0,0.0,0.0,0.0,0.0,0.0,0.0,0.0,0.0,0.0,0.0,0.0,0.0,0.0,0.0,0.0,0.0,0.0,0.0,0.0,0.0,0.0,0.0,0.0,0.0,0.0,0.0,0.0,0.0
141,37190.23055,3.6744522,2,42,2,1,2,1,3,1,-16.53846154,n/a,n/a,3333175.0,3336851.0,0.0,0.0,0.0,3334808.0,3333858.0,3335851.0,3333859.0,3334652.0,3335858.0,3336851.0,3676.0,684.0,793.0,993.0,1993.0,-3335858.0,0.0,0.0,0.0,1.0,0.0,0.0,0.0,-0.15230741413020657,-8.633061155471298,0.4603837745299434,1.6476892983176985,3334793.0,3334862.0,69.0,478.94570878030873,8.563461824991563,8.717874018845775,-3.0024967121077215,141.0,-2.968806550422145,1.0,-3.544608910666643,-3.5273012499700287,0.7892293277656184,0.7649986027903605,3336365.0,3336387.0,22.0,36.32776786119201,0.02977722538477553,0.16147221909482148,0.950546840812029,0.5404195002705799,-9.964268755104996,-0.12032998304021729,0.4666666666666667
142,37193.92169,3.5078083,2,43,2,1,2,2,5,2,-16.53846154,n/a,n/a,3336868.0,3340376.0,0.0,0.0,0.0,3338808.0,3337385.0,3339376.0,3337385.0,3338574.0,3339383.0,3340376.0,3508.0,517.0,1189.0,993.0,1991.0,-3339383.0,0.0,0.0,0.0,1.0,0.0,0.0,0.0,0.2007688640807263,-7.300371281831984,0.3807685353255184,2.000765576528633,3338786.0,3338829.0,43.0,356.3239676723915,7.674079352087141,7.630781745702706,-2.9288926176981978,212.0,-2.912787756069493,1.0,-8.07229294890099,-8.286907941539008,1.8588427588163938,1.7861505838906142,3339139.0,3339159.0,20.0,31.583516991744354,0.22659158713521618,0.20609928637503358,2.8150112188991763,2.632862829274238,-10.23106205032101,0.7781338903267264,0.7
143,37197.43783,3.7077918,2,44,2,2,2,1,1,1,-16.53846154,n/a,n/a,3340382.0,3344091.0,0.0,0.0,0.0,3341825.0,3341099.0,3343092.0,3341099.0,3341493.0,3343099.0,3344091.0,3709.0,717.0,394.0,992.0,1993.0,-3343099.0,0.0,0.0,0.0,1.0,0.0,0.0,0.0,-0.044999917811196055,10.052289332593688,0.10384596417968683,-0.49153756378385255,3341811.0,3341878.0,67.0,467.2121000335116,10.114827321892962,10.373620445183876,0.058896495128934516,318.0,0.09256315066497096,0.0,0.0,0.0,0.0,0.0,0.0,0.0,0.0,0.0,0.0,0.0,0.0,0.0,10.164363726517005,-0.5535179219849924,0.3541666666666667
144,37201.15394,3.6911446,2,45,2,2,1,2,2,1,-16.53846154,n/a,n/a,3344098.0,3347791.0,0.0,0.0,0.0,3345698.0,3344798.0,3346791.0,3344798.0,3345392.0,3346798.0,3347792.0,3693.0,700.0,594.0,994.0,1993.0,-3346798.0,0.0,0.0,0.0,1.0,0.0,0.0,0.0,-0.3011532961210934,7.355755796061151,0.2769225711458316,-0.15230741413020657,3345678.0,3345725.0,47.0,359.7126164036871,7.668930513846321,7.66470843371948,0.055999256330552034,286.0,0.08636666420170697,1.0,7.355755796061151,7.636139899346301,-0.15230741413020657,-0.079615239204425,3345727.0,3345746.0,19.0,31.153789253906574,0.2896539274210844,0.2901292615020872,-0.25367409613864805,0.3028848683749714,9.935683759188993,0.21659396947238954,0.44166666666666665
145,37204.85339,3.6911621,2,46,2,1,1,1,5,2,-16.53846154,n/a,n/a,3347798.0,3351491.0,0.0,0.0,0.0,3349908.0,3348498.0,3350491.0,3348498.0,3349691.0,3350498.0,3351491.0,3693.0,700.0,1193.0,993.0,1993.0,-3350498.0,0.0,0.0,0.0,1.0,0.0,0.0,0.0,0.10038443204036315,-8.743830183929632,0.16961507482682103,0.4465376459726526,3349891.0,3350000.0,109.0,355.7532480432249,8.848548936619343,9.881112504454535,-3.1102917253404416,200.0,2.778065776615355,0.0,0.0,0.0,0.0,0.0,0.0,0.0,0.0,0.0,0.0,0.0,0.0,0.0,-9.773702115664987,-0.7620898925880336,0.6958333333333333
146,37208.55288,3.7746036,2,47,2,2,2,1,2,2,-16.53846154,n/a,n/a,3351497.0,3355274.0,0.0,0.0,0.0,3353074.0,3352281.0,3354273.0,3352281.0,3352874.0,3354280.0,3355274.0,3777.0,784.0,593.0,994.0,1992.0,-3354280.0,0.0,0.0,0.0,1.0,0.0,0.0,0.0,-0.05192298208984342,10.114596911101499,0.03461532139322895,-0.15923047840885393,3353059.0,3353126.0,67.0,463.3603381839061,10.168367761482479,10.187106186577855,0.01906476511766208,185.0,0.06358458237529015,1.0,11.419594527626233,11.824593787927004,-0.6923064278645789,-8.698830266118431,3353623.0,3353701.0,78.0,253.28519482575857,8.016760466258885,8.159841598868022,1.5202557460038568,1.4495983856898684,10.126250398629008,-0.4251659400754268,0.3875
147,37212.33568,3.5078026,2,48,2,2,2,2,4,2,-16.53846154,n/a,n/a,3355280.0,3358789.0,0.0,0.0,0.0,3356997.0,3355797.0,3357790.0,3355797.0,3356790.0,3357796.0,3358789.0,3509.0,517.0,993.0,993.0,1993.0,-3357796.0,0.0,0.0,0.0,1.0,0.0,0.0,0.0,0.04153838567187631,9.124598719255147,0.10730749631901051,0.5711528029882775,3356982.0,3357046.0,64.0,465.5764301873817,9.09489623316467,9.151350920498873,-0.05102275081475891,192.0,-0.07648178393820124,0.0,0.0,0.0,0.0,0.0,0.0,0.0,0.0,0.0,0.0,0.0,0.0,0.0,9.892806265314997,0.3609899491206479,0.5916666666666667
148,37215.8518,3.7244288,2,49,2,2,1,2,2,2,-16.53846154,n/a,n/a,3358796.0,3362522.0,0.0,0.0,0.0,3360346.0,3359530.0,3361523.0,3359530.0,3360123.0,3361529.0,3362523.0,3726.0,734.0,593.0,994.0,1993.0,-3361529.0,0.0,0.0,0.0,1.0,0.0,0.0,0.0,-0.017307660696614473,9.190367829902284,0.1903842676627592,0.2284611211953118,3360325.0,3360366.0,41.0,439.65243584004526,9.207754220598561,9.209409997282311,-0.004135314773267571,202.0,0.06431794255132439,1.0,9.162675572787704,9.148829444230408,0.2284611211953118,0.17999967124479208,3360368.0,3360394.0,26.0,110.89215691524316,0.05040066871909401,0.6928081682097886,1.8490959858000724,2.873587757855441,9.883277933342988,0.39307794459803735,0.3958333333333333
149,37219.5847,3.7162085,2,50,2,2,2,1,2,1,-16.53846154,n/a,n/a,3362529.0,3366247.0,0.0,0.0,0.0,3364639.0,3363255.0,3365247.0,3363255.0,3363846.0,3365254.0,3366247.0,3718.0,726.0,591.0,993.0,1992.0,-3365254.0,0.0,0.0,0.0,1.0,0.0,0.0,0.0,0.1626920105481776,9.048445012190049,0.5399990137343723,0.30461482826041314,3364616.0,3364687.0,71.0,426.87941569001447,8.888870126228573,9.072384520039515,0.026483872597730877,770.0,0.08250751841180225,0.0,0.0,0.0,0.0,0.0,0.0,0.0,0.0,0.0,0.0,0.0,0.0,0.0,9.792758779608986,0.6979139016332508,0.6791666666666667
150,37223.30908,3.6911207,2,51,2,2,2,2,4,1,-16.53846154,n/a,n/a,3366254.0,3369946.0,0.0,0.0,0.0,3368130.0,3366953.0,3368946.0,3366953.0,3367947.0,3368953.0,3369946.0,3692.0,699.0,994.0,993.0,1993.0,-3368953.0,0.0,0.0,0.0,1.0,0.0,0.0,0.0,-0.017307660696614473,9.373829033286396,0.24576878189192627,0.5123067566197868,3368111.0,3368177.0,66.0,475.39564950214645,9.394918354996289,9.562879584734755,-0.02837424795803806,164.0,0.07899287595771118,0.0,0.0,0.0,0.0,0.0,0.0,0.0,0.0,0.0,0.0,0.0,0.0,0.0,9.907098763272996,0.3128579559045618,0.5791666666666667
151,37227.00851,3.5078242,2,52,2,1,2,1,4,2,-16.53846154,n/a,n/a,3369953.0,3373462.0,0.0,0.0,0.0,3371636.0,3370470.0,3372463.0,3370470.0,3371463.0,3372469.0,3373462.0,3509.0,517.0,993.0,993.0,1993.0,-3372469.0,0.0,0.0,0.0,1.0,0.0,0.0,0.0,-0.15230741413020657,-8.18998504163797,0.06576911064713421,1.29115148796744,3371610.0,3371666.0,56.0,471.4737941918331,8.130548789250698,8.613477261046803,-2.990302811636075,147.0,-2.948295431449761,1.0,-8.176138913080678,-8.750753248208275,1.3223052772213453,1.4884588199088447,3371668.0,3371695.0,27.0,60.75512111356419,0.5981543562340221,0.6918216436311642,-2.8601133550617486,-2.8261711286093534,-10.083372904755002,0.2807699604271684,0.5708333333333333
152,37230.52466,3.6744419,2,53,2,2,1,2,4,1,-16.53846154,n/a,n/a,3373469.0,3377145.0,0.0,0.0,0.0,3375362.0,3374152.0,3376146.0,3374153.0,3375145.0,3376152.0,3377145.0,3676.0,684.0,992.0,993.0,1994.0,-3376152.0,0.0,0.0,0.0,1.0,0.0,0.0,0.0,-0.044999917811196055,10.453827060755142,0.3426916817929658,-0.031153789253905263,3375337.0,3375381.0,44.0,478.62453834271696,10.505480872482451,10.553739764770977,0.03559327017336851,192.0,0.06203007911961546,1.0,10.450365528615821,10.298058114485611,-0.031153789253905263,-0.10730749631901051,3375383.0,3375408.0,25.0,113.67706446571532,0.17028486573618132,0.9096916999523077,2.677945044588987,2.950167172064451,10.107193734685001,-0.3609899491206479,0.5916666666666667
153,37234.20747,3.6494262,2,54,2,1,2,1,4,1,-16.53846154,n/a,n/a,3377152.0,3380803.0,0.0,0.0,0.0,3379011.0,3377812.0,3379803.0,3377812.0,3378802.0,3379810.0,3380803.0,3651.0,660.0,990.0,993.0,1991.0,-3379810.0,0.0,0.0,0.0,1.0,0.0,0.0,0.0,-0.16961507482682103,-8.439215355669216,0.5746143351276013,1.6857661518502491,3378995.0,3379038.0,43.0,370.5838306847205,8.343916775994032,8.293822337535648,-3.008026783839094,193.0,-2.994147314518058,0.0,0.0,0.0,0.0,0.0,0.0,0.0,0.0,0.0,0.0,0.0,0.0,0.0,-10.107193734685005,0.3609899491206479,0.5916666666666667
154,37237.86551,3.6410079,2,55,2,1,1,1,2,1,-16.53846154,n/a,n/a,3380810.0,3384453.0,0.0,0.0,0.0,3382243.0,3381460.0,3383452.0,3381460.0,3382053.0,3383459.0,3384453.0,3643.0,650.0,593.0,994.0,1992.0,-3383459.0,0.0,0.0,0.0,1.0,0.0,0.0,0.0,-0.15230741413020657,-7.944216259746042,0.418845388858071,1.2842284236887946,3382228.0,3382275.0,47.0,444.5538901313571,7.839817042212091,8.641520692751797,-3.0309841914972377,175.0,-3.0073999559499063,1.0,-7.916524002631461,-8.646907284028588,1.29115148796744,1.4053820485650959,3382277.0,3382296.0,19.0,91.30873251745061,0.7392620365735619,0.7888952495713877,-2.986451340320899,2.956244703594099,-10.131014564615008,0.4412099378141235,0.38333333333333336
155,37241.51475,3.7494515,2,56,2,1,2,1,1,2,-16.53846154,n/a,n/a,3384459.0,3388210.0,0.0,0.0,0.0,3385852.0,3385218.0,3387210.0,3385219.0,3385609.0,3387217.0,3388210.0,3751.0,760.0,390.0,993.0,1992.0,-3387217.0,0.0,0.0,0.0,1.0,0.0,0.0,0.0,0.10730749631901051,-8.646907284028588,0.5815373994062447,1.0453827060755136,3385839.0,3385904.0,65.0,462.0522345828164,8.766494675123887,8.780466092309252,-3.0886567851033786,230.0,-3.0642462756417648,0.0,0.0,0.0,0.0,0.0,0.0,0.0,0.0,0.0,0.0,0.0,0.0,0.0,-9.787994613622987,-0.7139578993719475,0.3125
156,37245.27253,3.5078391,2,57,2,2,2,2,5,1,-16.53846154,n/a,n/a,3388217.0,3391726.0,0.0,0.0,0.0,3390110.0,3388734.0,3390727.0,3388734.0,3389926.0,3390733.0,3391726.0,3509.0,517.0,1192.0,993.0,1993.0,-3390733.0,0.0,0.0,0.0,1.0,0.0,0.0,0.0,-0.19730733194140657,8.459984548505156,0.5988450601028592,0.9726905311497341,3390088.0,3390155.0,67.0,511.76918345847776,8.665359954408602,8.76041022251165,-0.043155915267866315,162.0,-0.09656258400233783,1.0,9.456905804630148,-33.26532385889301,0.13153822129426843,18.726888873736858,3390496.0,3390590.0,94.0,17980.131249660863,46.59373319782517,54.72872321030898,-2.7310624527619085,-2.5186741936713246,9.797522945594986,0.6818699038945542,0.675
157,37248.78869,3.6411828,2,58,2,1,1,2,2,1,-16.53846154,n/a,n/a,3391733.0,3395376.0,0.0,0.0,0.0,3393210.0,3392383.0,3394376.0,3392383.0,3392976.0,3394383.0,3395376.0,3643.0,650.0,593.0,993.0,1993.0,-3394383.0,0.0,0.0,0.0,1.0,0.0,0.0,0.0,-0.1626920105481776,-8.958445176567649,0.4292299852760381,1.2149977809023367,3393187.0,3393257.0,70.0,441.96331520486046,8.830781663374141,8.87429504934852,-3.052494267000819,211.0,-3.0207695036638427,1.0,0.46730683880859075,0.4880760316445289,-0.006923064278647363,0.01384612855729079,3394946.0,3394969.0,23.0,57.8765229268665,0.02937207418812586,0.3653187601573909,-0.7853981633974483,-2.921895958848526,-10.111957900671005,0.37703394685934066,0.4
158,37252.43816,3.5078223,2,59,2,2,2,2,4,1,-16.53846154,n/a,n/a,3395383.0,3398892.0,0.0,0.0,0.0,3397092.0,3395899.0,3397892.0,3395899.0,3396892.0,3397899.0,3398892.0,3509.0,516.0,993.0,993.0,1993.0,-3397899.0,0.0,0.0,0.0,1.0,0.0,0.0,0.0,0.020769192835938154,9.26652153696739,0.4361530495546855,0.4396145816940092,3397074.0,3397141.0,67.0,498.0160529457571,9.245752992115731,9.421917235696132,-0.0003743915961352319,182.0,-0.0658105696491545,0.0,0.0,0.0,0.0,0.0,0.0,0.0,0.0,0.0,0.0,0.0,0.0,0.0,9.897570431300997,0.3449459513819512,0.5875
159,37255.95432,3.9327627,2,60,2,2,1,2,2,1,-16.53846154,n/a,n/a,3398899.0,3402833.0,0.0,0.0,0.0,3400608.0,3399841.0,3401833.0,3399842.0,3400432.0,3401840.0,3402833.0,3934.0,943.0,590.0,993.0,1992.0,-3401840.0,0.0,1.0,0.0,0.0,0.0,0.0,0.0,0.0,0.0,0.0,0.0,0.0,0.0,0.0,0.0,0.0,0.0,0.0,0.0,0.0,0.0,0.0,0.0,0.0,0.0,0.0,0.0,0.0,0.0,0.0,0.0,0.0,0.0,0.0,0.0,0.0
160,37259.89539,3.6161312,2,61,2,1,2,1,3,1,-16.53846154,n/a,n/a,3402840.0,3406457.0,0.0,0.0,0.0,3404423.0,3403467.0,3405458.0,3403467.0,3404256.0,3405464.0,3406458.0,3617.0,627.0,789.0,994.0,1991.0,-3405464.0,0.0,0.0,0.0,1.0,0.0,0.0,0.0,-0.38423006746484206,-9.263060004828066,0.1730766069661447,0.9034598883632762,3404407.0,3404471.0,64.0,465.33866634650315,8.908820392979191,8.909626673315724,-3.0595162465707535,151.0,-3.0235987124680794,1.0,-4.427299606193981,-4.326915174153618,0.22499958905598813,0.21115346049869735,3404858.0,3404878.0,20.0,60.334570283790875,0.10133483839278233,0.3663995388050276,0.137066174310181,0.38752380578028045,-9.969032921090996,-0.1042859853015206,0.4708333333333333
161,37263.51985,3.6827969,2,62,2,1,1,2,2,2,-16.53846154,n/a,n/a,3406464.0,3410149.0,0.0,0.0,0.0,3407907.0,3407157.0,3409148.0,3407157.0,3407747.0,3409155.0,3410149.0,3685.0,693.0,590.0,994.0,1991.0,-3409155.0,0.0,0.0,0.0,1.0,0.0,0.0,0.0,-0.328845553235675,-9.404982822540306,0.22499958905598813,1.8103813088658742,3407883.0,3407933.0,50.0,465.9601715323396,9.213560817011405,9.139570432031704,-2.968661551455458,136.0,-2.968785346340076,1.0,-9.387675161843692,-9.491521126023377,1.7826890517512906,1.6892276839895728,3407935.0,3407961.0,26.0,102.24712047652275,0.13971045608793872,0.8210474038221344,2.408777551803289,-2.7156629970558512,-10.154835394545007,0.521429926507603,0.3625
162,37267.21099,3.9994313,2,63,2,1,2,1,2,2,-16.53846154,n/a,n/a,3410155.0,3414156.0,0.0,0.0,0.0,3411905.0,3411165.0,3413156.0,3411165.0,3411755.0,3413163.0,3414156.0,4001.0,1010.0,590.0,993.0,1991.0,-3413163.0,0.0,1.0,0.0,0.0,0.0,0.0,0.0,0.0,0.0,0.0,0.0,0.0,0.0,0.0,0.0,0.0,0.0,0.0,0.0,0.0,0.0,0.0,0.0,0.0,0.0,0.0,0.0,0.0,0.0,0.0,0.0,0.0,0.0,0.0,0.0,0.0
163,37271.21886,3.5410424,2,64,2,1,2,1,1,1,-16.53846154,n/a,n/a,3414163.0,3417706.0,0.0,0.0,0.0,3415306.0,3414713.0,3416706.0,3414713.0,3415106.0,3416713.0,3417706.0,3543.0,550.0,393.0,993.0,1993.0,-3416713.0,0.0,0.0,0.0,1.0,0.0,0.0,0.0,-0.2769225711458316,-9.564213300949156,0.2561533783098934,0.33576861751432235,3415279.0,3415357.0,78.0,457.2561087327516,9.287631974093522,9.30467630040234,-3.133020370093868,173.0,-3.08687831624294,1.0,-1.4780742234908775,-1.346536002196605,-0.5019221602018197,-0.4049992603007802,3416892.0,3416917.0,25.0,29.983298607529694,0.16339018387433157,0.28174830341835305,-0.6350267353902974,-2.312743594800814,-9.754645451720984,-0.8262658835428125,0.2833333333333333
164,37274.76823,3.5078465,2,65,2,1,1,1,1,1,-16.53846154,n/a,n/a,3417712.0,3421221.0,0.0,0.0,0.0,3418839.0,3418229.0,3420222.0,3418229.0,3418623.0,3420229.0,3421221.0,3509.0,517.0,394.0,992.0,1993.0,-3420229.0,0.0,0.0,0.0,1.0,0.0,0.0,0.0,-0.31846095681770786,-8.425369227111924,-0.2423072497526026,0.5711528029882775,3418823.0,3418874.0,51.0,420.5935651085423,8.147617993031458,9.166302467414113,-3.0415858062267227,200.0,-3.01245995404987,1.0,-8.356138584325466,-5.486528440826787,0.8203831170195276,0.6334603814960881,3420564.0,3420597.0,33.0,199.71587254100552,2.8756916532768377,2.8898320722588244,0.06504682617139704,-0.09597379445427835,-10.23106205032101,0.7781338903267264,0.29583333333333334
165,37278.28437,3.5995007,2,66,2,2,1,2,5,2,-16.53846154,n/a,n/a,3421229.0,3424830.0,0.0,0.0,0.0,3423195.0,3421838.0,3423830.0,3421838.0,3423028.0,3423837.0,3424830.0,3601.0,609.0,1190.0,993.0,1992.0,-3423837.0,0.0,0.0,0.0,1.0,0.0,0.0,0.0,-0.006923064278647363,9.415367418958272,0.19384579980208289,-0.35653781035025656,3423178.0,3423249.0,71.0,468.2805377094159,9.438351554631843,9.766617083668974,0.0583466309999265,150.0,0.06774696368247453,1.0,10.433057867919207,10.356904160854102,-1.0211519811002538,-1.2323054415989512,3424310.0,3424331.0,21.0,22.49995890559954,0.22446641392496297,0.24652331025673946,1.9169322903642627,2.2367655641740143,10.197712888419012,-0.6658259061558613,0.6708333333333333
166,37281.8922,3.5911389,2,67,2,2,2,2,2,1,-16.53846154,n/a,n/a,3424836.0,3428429.0,0.0,0.0,0.0,3426253.0,3425436.0,3427429.0,3425436.0,3426029.0,3427436.0,3428429.0,3593.0,600.0,593.0,993.0,1993.0,-3427436.0,0.0,0.0,0.0,1.0,0.0,0.0,0.0,0.11769209273697762,9.591905558063738,0.4776914352265578,-0.017307660696614473,3426209.0,3426303.0,94.0,473.30852964041316,9.48713575804329,9.56799793736216,0.05219952310330298,180.0,-0.08548469593160109,1.0,0.11769209273697762,9.591905558063738,0.4776914352265578,-0.017307660696614473,3426209.0,3426303.0,94.0,473.30852964041316,9.48713575804329,9.56799793736216,0.05219952310330298,-0.08548469593160109,10.126250398629008,-0.4251659400754268,0.3875
167,37285.49167,3.5078074,2,68,2,2,1,1,3,2,-16.53846154,n/a,n/a,3428436.0,3431945.0,0.0,0.0,0.0,3429945.0,3428953.0,3430946.0,3428953.0,3429745.0,3430952.0,3431945.0,3509.0,517.0,792.0,993.0,1993.0,-3430952.0,0.0,0.0,0.0,1.0,0.0,0.0,0.0,-0.15230741413020657,9.335752179753849,-0.14538434985156315,0.0692306427864579,3429931.0,3429994.0,63.0,488.40870544068713,9.490486523469714,9.517746839280907,-0.022615625440205005,186.0,0.07900340778885347,1.0,9.394598226122339,8.761137844626242,0.10730749631901051,-0.5538451422916632,3430005.0,3430037.0,32.0,61.123792498029964,0.9156390481336166,0.9563982153501746,2.3348073773406197,-2.294733534309586,9.988089585034999,0.04010999434673778,0.4875
168,37289.00782,3.5078418,2,69,2,2,1,2,5,1,-16.53846154,n/a,n/a,3431952.0,3435461.0,0.0,0.0,0.0,3433818.0,3432469.0,3434462.0,3432469.0,3433661.0,3434469.0,3435462.0,3509.0,517.0,1192.0,993.0,1993.0,-3434469.0,0.0,0.0,0.0,1.0,0.0,0.0,0.0,0.01384612855729079,10.007289414782484,0.07615370706510526,-0.5953835279635394,3433793.0,3433865.0,72.0,489.80645794845066,10.015980779385977,10.207307020100151,0.06709691151385484,132.0,0.08147963603110558,0.0,0.0,0.0,0.0,0.0,0.0,0.0,0.0,0.0,0.0,0.0,0.0,0.0,10.188184556447013,-0.633737910678468,0.6625
169,37292.52399,3.6911149,2,70,2,2,1,1,2,1,-16.53846154,n/a,n/a,3435468.0,3439161.0,0.0,0.0,0.0,3436961.0,3436168.0,3438161.0,3436168.0,3436761.0,3438168.0,3439161.0,3693.0,700.0,593.0,993.0,1993.0,-3438168.0,0.0,0.0,0.0,1.0,0.0,0.0,0.0,0.08999983562239604,9.245752344131448,0.5503836101523394,0.39807619602213284,3436934.0,3437016.0,82.0,443.9796380600329,9.157019250032668,9.247713584599989,0.016633626460511586,173.0,0.05167808448242984,0.0,0.0,0.0,0.0,0.0,0.0,0.0,0.0,0.0,0.0,0.0,0.0,0.0,9.86898543538499,0.4412099378141235,0.38333333333333336
170,37296.22344,3.9994251,2,71,2,2,1,1,3,1,-16.53846154,n/a,n/a,3439168.0,3443169.0,0.0,0.0,0.0,3441177.0,3440177.0,3442168.0,3440177.0,3440967.0,3442176.0,3443169.0,4001.0,1009.0,790.0,993.0,1991.0,-3442176.0,0.0,1.0,0.0,0.0,0.0,0.0,0.0,0.0,0.0,0.0,0.0,0.0,0.0,0.0,0.0,0.0,0.0,0.0,0.0,0.0,0.0,0.0,0.0,0.0,0.0,0.0,0.0,0.0,0.0,0.0,0.0,0.0,0.0,0.0,0.0,0.0
171,37300.2314,3.7908947,2,72,2,2,2,1,5,2,-16.53846154,n/a,n/a,3443176.0,3446968.0,0.0,0.0,0.0,3445352.0,3443975.0,3445969.0,3443975.0,3445168.0,3445975.0,3446968.0,3792.0,799.0,1193.0,993.0,1994.0,-3445975.0,0.0,1.0,0.0,0.0,0.0,0.0,0.0,0.0,0.0,0.0,0.0,0.0,0.0,0.0,0.0,0.0,0.0,0.0,0.0,0.0,0.0,0.0,0.0,0.0,0.0,0.0,0.0,0.0,0.0,0.0,0.0,0.0,0.0,0.0,0.0,0.0
172,37304.03063,3.6911555,2,73,2,2,1,1,4,1,-16.53846154,n/a,n/a,3446975.0,3450667.0,0.0,0.0,0.0,3448868.0,3447675.0,3449668.0,3447675.0,3448668.0,3449674.0,3450667.0,3692.0,700.0,993.0,993.0,1993.0,-3449674.0,0.0,0.0,0.0,1.0,0.0,0.0,0.0,0.07615370706510526,9.626520879456967,-0.10038443204036315,-0.6853833635859315,3448846.0,3448912.0,66.0,458.57462745027726,9.568267182588997,9.628987574104361,0.06117763987076972,178.0,0.09179902421818842,1.0,-0.28384563542447894,-0.4084607924401,1.0488442382148373,0.9034598883632762,3449957.0,3449993.0,36.0,91.37432264424586,0.19148249669301115,0.6655690119479488,2.279422598922556,2.829710199916688,10.102429568699002,-0.3449459513819512,0.5875
173,37307.7301,3.5078041,2,74,2,2,2,1,5,1,-16.53846154,n/a,n/a,3450674.0,3454184.0,0.0,0.0,0.0,3452567.0,3451191.0,3453184.0,3451191.0,3452384.0,3453191.0,3454184.0,3510.0,517.0,1193.0,993.0,1993.0,-3453191.0,0.0,0.0,0.0,1.0,0.0,0.0,0.0,0.2284611211953118,8.508445998455672,0.02769225711458158,0.5538451422916632,3452550.0,3452601.0,51.0,408.4726077626282,8.29668526739688,8.565655527873437,-0.06345982565155,166.0,0.11909188524916595,1.0,6.815756782326782,-33.26532385889301,1.1596132666731696,18.726888873736858,3453590.0,3453710.0,120.0,16980.322758158058,43.76188064540302,52.56062404920936,-2.7285164180521315,-2.49706416143016,9.792758779608986,0.6979139016332508,0.6791666666666667
174,37311.2464,3.5076978,2,75,2,2,2,1,5,1,-16.53846154,n/a,n/a,3454191.0,3457700.0,0.0,0.0,0.0,3456100.0,3454707.0,3456700.0,3454707.0,3455900.0,3456707.0,3457700.0,3509.0,516.0,1193.0,993.0,1993.0,-3456707.0,0.0,0.0,0.0,1.0,0.0,0.0,0.0,0.26307644258854074,9.14536791209109,0.4846144995052052,1.11115181672265,3456080.0,3456170.0,90.0,425.9095333201268,8.90436133358613,8.96258120745142,-0.07042116118133059,180.0,-0.09709381478566859,0.0,0.0,0.0,0.0,0.0,0.0,0.0,0.0,0.0,0.0,0.0,0.0,0.0,9.783230447636987,0.7300018971106402,0.6875
175,37314.76244,3.7327743,2,76,2,1,2,1,3,2,-16.53846154,n/a,n/a,3457706.0,3461441.0,0.0,0.0,0.0,3459449.0,3458449.0,3460442.0,3458450.0,3459240.0,3460448.0,3461441.0,3735.0,744.0,790.0,993.0,1993.0,-3460448.0,0.0,0.0,0.0,1.0,0.0,0.0,0.0,-0.16961507482682103,-8.948060580149683,0.3946146638828092,0.872306099109371,3459433.0,3459497.0,64.0,415.0989037310237,8.791433022961158,8.812928265081426,-3.087229866197623,193.0,-3.0531019603836946,1.0,-6.659987836057248,-6.788064525212197,0.6992294921432263,0.7269217492578078,3459819.0,3459847.0,28.0,46.72712249809489,0.13103625227010057,0.36387272844333657,-2.9286543040104105,-2.9404657677732637,-9.992853751020998,-0.02406599660804503,0.49166666666666664
176,37318.50362,3.6660783,2,77,2,1,1,2,5,1,-16.53846154,n/a,n/a,3461448.0,3465115.0,0.0,0.0,0.0,3463614.0,3462124.0,3464116.0,3462124.0,3463314.0,3464122.0,3465115.0,3667.0,676.0,1190.0,993.0,1992.0,-3464122.0,0.0,0.0,0.0,1.0,0.0,0.0,0.0,0.12461515701562499,-7.861139488402294,0.418845388858071,-0.2561533783098934,3463598.0,3463671.0,73.0,366.93918792132274,8.014231129215837,8.056596888940488,3.0572677356083156,284.0,3.0339720524236746,0.0,0.0,0.0,0.0,0.0,0.0,0.0,0.0,0.0,0.0,0.0,0.0,0.0,-9.726060455804985,-0.9225298699749848,0.7375
177,37322.17816,3.724313,2,78,2,2,2,2,5,2,-16.53846154,n/a,n/a,3465122.0,3468848.0,0.0,0.0,0.0,3467238.0,3465855.0,3467848.0,3465855.0,3467048.0,3467855.0,3468849.0,3726.0,733.0,1193.0,994.0,1993.0,-3467855.0,0.0,0.0,0.0,1.0,0.0,0.0,0.0,0.20423039622005,10.003827882643165,0.294230231842446,1.3430744700572834,3467220.0,3467343.0,123.0,478.31045887365707,9.855566200475074,10.42012998242562,-0.10662342100636782,172.0,-0.19016394443313842,1.0,0.09346136776171972,-0.1488458819908829,0.28038410328515523,0.43269151741536177,3468805.0,3468831.0,26.0,70.62289096206081,0.2861998457052351,0.6759478024127964,-2.5804292413014434,0.573799013323557,9.787994613622987,0.7139578993719475,0.6833333333333333
178,37325.91081,3.5078074,2,79,2,1,2,1,3,2,-16.53846154,n/a,n/a,3468855.0,3472365.0,0.0,0.0,0.0,3470321.0,3469371.0,3471364.0,3469371.0,3470165.0,3471371.0,3472365.0,3510.0,516.0,794.0,994.0,1993.0,-3471371.0,0.0,0.0,0.0,1.0,0.0,0.0,0.0,0.020769192835938154,-8.89613759805984,0.08307677134374868,0.7234602171184842,3470301.0,3470375.0,74.0,445.0256972762901,8.939872352284764,9.073378978076935,-3.069898971272877,136.0,-3.0303456111159095,1.0,-4.091530988679663,-3.973838895942681,0.4361530495546855,0.373845471046871,3471284.0,3471309.0,25.0,51.9774406108755,0.1331678002833933,0.38972609282782444,0.48689923181127365,0.21481540040165664,-9.964268755104996,-0.12032998304021729,0.4666666666666667
179,37329.427,3.9993312,2,80,2,2,1,1,4,1,-16.53846154,n/a,n/a,3472371.0,3476372.0,0.0,0.0,0.0,3474547.0,3473380.0,3475372.0,3473380.0,3474371.0,3475379.0,3476372.0,4001.0,1009.0,991.0,993.0,1992.0,-3475379.0,0.0,1.0,0.0,0.0,0.0,0.0,0.0,0.0,0.0,0.0,0.0,0.0,0.0,0.0,0.0,0.0,0.0,0.0,0.0,0.0,0.0,0.0,0.0,0.0,0.0,0.0,0.0,0.0,0.0,0.0,0.0,0.0,0.0,0.0,0.0,0.0
180,37333.43466,3.6078335,2,81,2,2,2,1,5,1,-16.53846154,n/a,n/a,3476379.0,3479988.0,0.0,0.0,0.0,3478362.0,3476995.0,3478989.0,3476995.0,3478188.0,3478995.0,3479988.0,3609.0,616.0,1193.0,993.0,1994.0,-3478995.0,0.0,0.0,0.0,1.0,0.0,0.0,0.0,0.20423039622005,8.961906708706977,0.06576911064713421,0.9588444025924433,3478343.0,3478407.0,64.0,475.8498172897234,8.80309478941229,8.828759020033374,-0.10162498460684924,155.0,-0.12698106447175095,0.0,0.0,0.0,0.0,0.0,0.0,0.0,0.0,0.0,0.0,0.0,0.0,0.0,9.797522945594986,0.6818699038945542,0.675
181,37337.05099,3.7076366,2,82,2,1,2,2,1,1,-16.53846154,n/a,n/a,3479995.0,3483704.0,0.0,0.0,0.0,3481322.0,3480711.0,3482705.0,3480711.0,3481105.0,3482711.0,3483704.0,3709.0,716.0,394.0,993.0,1994.0,-3482711.0,0.0,0.0,0.0,1.0,0.0,0.0,0.0,0.0034615321393236813,-9.089983397861921,0.2388457176132789,0.3703839389075513,3481304.0,3481373.0,69.0,434.48970074792,9.094396241566924,9.06654235420702,-3.127128492971178,199.0,-3.0919393102892747,0.0,0.0,0.0,0.0,0.0,0.0,0.0,0.0,0.0,0.0,0.0,0.0,0.0,-9.768937949678987,-0.7781338903267264,0.29583333333333334
182,37340.76697,3.5078092,2,83,2,2,2,1,4,2,-16.53846154,n/a,n/a,3483711.0,3487221.0,0.0,0.0,0.0,3485403.0,3484228.0,3486220.0,3484228.0,3485220.0,3486227.0,3487221.0,3510.0,517.0,992.0,994.0,1992.0,-3486227.0,0.0,0.0,0.0,1.0,0.0,0.0,0.0,0.08307677134374868,9.124598719255147,-0.01384612855729079,0.32192248895702763,3485383.0,3485449.0,66.0,437.67245457091445,9.04775440090363,9.062210485896253,-0.03711923653176633,163.0,0.07302198208748148,1.0,10.23921206811712,-33.26532385889301,0.36692240676822757,18.726888873736858,3486502.0,3486610.0,108.0,17576.233755700236,47.22004886584435,53.93596685917296,-2.742245242958187,-2.5237529453159353,9.907098763272996,0.3128579559045618,0.5791666666666667
183,37344.28311,3.7161442,2,84,2,2,1,2,2,2,-16.53846154,n/a,n/a,3487227.0,3490945.0,0.0,0.0,0.0,3488804.0,3487953.0,3489945.0,3487953.0,3488544.0,3489952.0,3490945.0,3718.0,726.0,591.0,993.0,1992.0,-3489952.0,0.0,0.0,0.0,1.0,0.0,0.0,0.0,-0.28384563542447894,8.32844632721088,0.3599993424895802,0.017307660696614473,3488781.0,3488834.0,53.0,423.63050644226297,8.619107287790523,9.059326272607787,0.03977001604010546,237.0,3.078887829682291,0.0,0.0,0.0,0.0,0.0,0.0,0.0,0.0,0.0,0.0,0.0,0.0,0.0,9.902334597286996,0.32890195364325453,0.4125
184,37348.00759,3.6994227,2,85,2,1,1,2,1,2,-16.53846154,n/a,n/a,3490952.0,3494653.0,0.0,0.0,0.0,3492278.0,3491661.0,3493652.0,3491661.0,3492051.0,3493660.0,3494653.0,3701.0,709.0,390.0,993.0,1991.0,-3493660.0,0.0,0.0,0.0,1.0,0.0,0.0,0.0,0.010384596417967108,-9.353059840450463,0.006923064278647363,1.29115148796744,3492254.0,3492332.0,78.0,457.9412819224218,9.45110228314838,9.592350262818657,-3.0052896564513087,203.0,-2.9649345467045545,1.0,0.01384612855729079,-0.19384579980208289,-0.31499942467838415,-0.31499942467838415,3494382.0,3494404.0,22.0,31.986671445703244,0.20769192835937367,0.27365814385339116,3.141592653589793,2.819842099193151,-10.23106205032101,0.7781338903267264,0.29583333333333334
185,37351.71549,3.5076828,2,86,2,2,2,1,3,2,-16.53846154,n/a,n/a,3494660.0,3498168.0,0.0,0.0,0.0,3496152.0,3495176.0,3497169.0,3495176.0,3495969.0,3497176.0,3498168.0,3508.0,516.0,793.0,992.0,1993.0,-3497176.0,0.0,0.0,0.0,1.0,0.0,0.0,0.0,-0.10730749631901051,9.77190522930853,0.20423039622005,0.04153838567187631,3496131.0,3496296.0,165.0,461.3778556399446,9.88055225017799,13.49516118016281,0.01646662645756114,162.0,0.5252864716761493,0.0,0.0,0.0,0.0,0.0,0.0,0.0,0.0,0.0,0.0,0.0,0.0,0.0,10.021438746936997,-0.07219798982413116,0.4791666666666667
186,37355.23154,3.5078077,2,87,2,2,2,2,4,2,-16.53846154,n/a,n/a,3498175.0,3501685.0,0.0,0.0,0.0,3499869.0,3498692.0,3500685.0,3498692.0,3499685.0,3500692.0,3501685.0,3510.0,517.0,993.0,993.0,1993.0,-3500692.0,0.0,0.0,0.0,1.0,0.0,0.0,0.0,0.03461532139322895,9.290752261942652,-0.08999983562239604,0.21807652477734077,3499847.0,3499926.0,79.0,505.54304522015775,9.261262446666805,9.584684339846577,-0.0332711882602131,162.0,-0.0802619884501804,0.0,0.0,0.0,0.0,0.0,0.0,0.0,0.0,0.0,0.0,0.0,0.0,0.0,9.907098763272996,0.3128579559045618,0.5791666666666667
187,37358.74767,3.5078408,2,88,2,2,2,1,4,2,-16.53846154,n/a,n/a,3501692.0,3505201.0,0.0,0.0,0.0,3503418.0,3502208.0,3504201.0,3502208.0,3503201.0,3504208.0,3505201.0,3509.0,516.0,993.0,993.0,1993.0,-3504208.0,0.0,0.0,0.0,1.0,0.0,0.0,0.0,1.391535920007805,11.637671052403572,-0.09346136776171972,-0.5399990137343723,3503656.0,3503730.0,74.0,301.90886768059414,10.255860813241648,10.213080314730538,0.0435535211443702,455.0,0.0549344895130815,0.0,0.0,0.0,0.0,0.0,0.0,0.0,0.0,0.0,0.0,0.0,0.0,0.0,9.740352953762981,0.8743978767588986,0.725
188,37362.26406,3.7492446,2,89,2,1,1,1,4,2,-16.53846154,n/a,n/a,3505208.0,3508959.0,0.0,0.0,0.0,3507174.0,3505967.0,3507958.0,3505968.0,3506957.0,3507966.0,3508959.0,3751.0,760.0,989.0,993.0,1991.0,-3507966.0,0.0,1.0,0.0,0.0,0.0,0.0,0.0,0.0,0.0,0.0,0.0,0.0,0.0,0.0,0.0,0.0,0.0,0.0,0.0,0.0,0.0,0.0,0.0,0.0,0.0,0.0,0.0,0.0,0.0,0.0,0.0,0.0,0.0,0.0,0.0,0.0
189,37366.02163,3.5078235,2,90,2,1,2,1,3,2,-16.53846154,n/a,n/a,3508965.0,3512475.0,0.0,0.0,0.0,3510449.0,3509482.0,3511475.0,3509482.0,3510275.0,3511482.0,3512475.0,3510.0,517.0,793.0,993.0,1993.0,-3511482.0,0.0,0.0,0.0,1.0,0.0,0.0,0.0,0.048461449950519736,-8.390753905718695,0.20769192835937367,1.0799980274687426,3510430.0,3510494.0,64.0,440.8322299063909,8.484177847611782,8.504735801540525,-3.0385950104731485,155.0,-3.010977643885833,0.0,0.0,0.0,0.0,0.0,0.0,0.0,0.0,0.0,0.0,0.0,0.0,0.0,-9.973797087076996,-0.0882419875628239,0.475
190,37369.53777,3.5078703,2,91,2,1,1,1,1,2,-16.53846154,n/a,n/a,3512482.0,3515991.0,0.0,0.0,0.0,3513731.0,3512998.0,3514991.0,3512998.0,3513391.0,3514998.0,3515991.0,3509.0,516.0,393.0,993.0,1993.0,-3514998.0,0.0,0.0,0.0,1.0,0.0,0.0,0.0,0.020769192835938154,-8.761137844626246,0.10730749631901051,1.1734593952304604,3513710.0,3513764.0,54.0,456.26034227112376,8.846387459645905,9.751855472860457,-3.0207806455771715,319.0,-2.9833299551047303,1.0,-4.326915174153618,-3.7799930961406023,1.1180748810012953,1.166536330951815,3514974.0,3515004.0,30.0,80.4594242836347,0.5490649064995704,0.5968006670910124,-0.08837678614484762,0.411746210542633,-10.164363726517005,0.5535179219849924,0.3541666666666667
191,37373.05395,3.7161178,2,92,2,2,2,2,4,2,-16.53846154,n/a,n/a,3515998.0,3519716.0,0.0,0.0,0.0,3517698.0,3516724.0,3518715.0,3516724.0,3517716.0,3518722.0,3519716.0,3718.0,726.0,992.0,994.0,1991.0,-3518722.0,0.0,0.0,0.0,1.0,0.0,0.0,0.0,0.16615354268749735,9.636905475874942,0.3080763603997368,0.1765381391054684,3517680.0,3517755.0,75.0,432.7161320548894,9.471665349009909,9.648181807210335,0.013887995930966901,-36.0,0.05527959106357457,0.0,0.0,0.0,0.0,0.0,0.0,0.0,0.0,0.0,0.0,0.0,0.0,0.0,10.021438746936997,-0.07219798982413116,0.4791666666666667
192,37376.78674,3.5078151,2,93,2,1,2,2,1,2,-16.53846154,n/a,n/a,3519732.0,3523240.0,0.0,0.0,0.0,3520865.0,3520249.0,3522240.0,3520249.0,3520639.0,3522247.0,3523240.0,3508.0,517.0,390.0,993.0,1991.0,-3522247.0,0.0,0.0,0.0,1.0,0.0,0.0,0.0,-0.03807685353255263,-8.743830183929632,0.3253840210963513,0.7234602171184842,3520840.0,3520912.0,72.0,423.4819864393726,8.714849723750794,8.81152706864583,-3.0958988358034576,201.0,-3.0645194667581777,1.0,-7.8888317455168755,-33.26532385889301,0.6126911886601539,18.726888873736858,3521761.0,3521863.0,102.0,15580.773453170881,31.178366053311386,47.188862537056075,-2.5216529169582076,-2.423052481029902,-9.768937949678987,-0.7781338903267264,0.29583333333333334
193,37380.30288,3.507915,2,94,2,2,2,1,1,2,-16.53846154,n/a,n/a,3523247.0,3526756.0,0.0,0.0,0.0,3524390.0,3523763.0,3525756.0,3523763.0,3524157.0,3525763.0,3526756.0,3509.0,516.0,394.0,993.0,1993.0,-3525763.0,0.0,0.0,0.0,1.0,0.0,0.0,0.0,-0.11769209273697762,9.958827964831968,0.6646141707499973,-0.4049992603007802,3524376.0,3524453.0,77.0,449.4070736738028,10.133130284491239,10.187079721755346,0.10575308061987838,219.0,0.11647350892029884,1.0,-0.11769209273697762,9.958827964831968,0.6646141707499973,-0.4049992603007802,3524376.0,3524453.0,77.0,449.4070736738028,10.133130284491239,10.187079721755346,0.10575308061987838,0.11647350892029884,10.21676955236301,-0.7300018971106402,0.30833333333333335
194,37383.81906,3.5078145,2,95,2,2,2,2,5,2,-16.53846154,n/a,n/a,3526763.0,3530273.0,0.0,0.0,0.0,3528673.0,3527280.0,3529272.0,3527280.0,3528473.0,3529279.0,3530273.0,3510.0,517.0,1193.0,994.0,1992.0,-3529279.0,0.0,0.0,0.0,1.0,0.0,0.0,0.0,-0.08999983562239604,9.11075259069786,0.3011532961210934,0.8861522276666618,3528654.0,3528722.0,68.0,477.13683614514,9.21933126427007,9.251893195992755,-0.0634961686441661,181.0,-0.0978072198471377,0.0,0.0,0.0,0.0,0.0,0.0,0.0,0.0,0.0,0.0,0.0,0.0,0.0,9.783230447636987,0.7300018971106402,0.6875
195,37387.33519,3.5411637,2,96,2,2,1,2,2,2,-16.53846154,n/a,n/a,3530279.0,3533822.0,0.0,0.0,0.0,3531639.0,3530829.0,3532821.0,3530829.0,3531422.0,3532829.0,3533822.0,3543.0,550.0,593.0,993.0,1992.0,-3532829.0,0.0,0.0,0.0,1.0,0.0,0.0,0.0,0.20769192835937367,9.17652170134499,0.017307660696614473,0.1384612855729158,3531620.0,3531688.0,68.0,490.5194473125894,8.969648025291399,9.168299653798563,-0.013507476406170697,198.0,0.08960023967392301,0.0,0.0,0.0,0.0,0.0,0.0,0.0,0.0,0.0,0.0,0.0,0.0,0.0,9.883277933342988,0.39307794459803735,0.3958333333333333
196,37390.88468,3.5077949,2,97,2,1,2,1,3,1,-16.53846154,n/a,n/a,3533828.0,3537337.0,0.0,0.0,0.0,3535571.0,3534345.0,3536338.0,3534345.0,3535138.0,3536345.0,3537338.0,3509.0,517.0,793.0,993.0,1993.0,-3536345.0,0.0,0.0,0.0,1.0,0.0,0.0,0.0,0.1384612855729158,-8.629599623331973,0.498460628062496,1.346536002196605,3535554.0,3535607.0,53.0,441.3902171957585,8.808979733344762,9.433015510434041,-3.0451693464987124,416.0,-3.005767453371807,1.0,-8.633061155471298,-9.384213629704368,1.346536002196605,1.5196126091627498,3535609.0,3535629.0,20.0,98.57097289484408,0.7708343216446552,0.8398978154150122,-2.9151303925309384,-2.7924695373443824,-10.121486232643004,0.40912194233673405,0.6041666666666666
197,37394.40084,3.5078161,2,98,2,1,1,1,1,1,-16.53846154,n/a,n/a,3537345.0,3540854.0,0.0,0.0,0.0,3538628.0,3537861.0,3539854.0,3537861.0,3538254.0,3539861.0,3540854.0,3509.0,516.0,393.0,993.0,1993.0,-3539861.0,0.0,0.0,0.0,1.0,0.0,0.0,0.0,0.15923047840885393,-9.820366679259052,0.19384579980208289,-0.5019221602018197,3538608.0,3538683.0,75.0,378.7140453746997,10.003821893831446,10.153145834414564,3.0719862447778623,354.0,2.95643319316211,1.0,-9.823828211398373,-8.684984137561141,-0.5192298208984342,0.6853833635859315,3538685.0,3538735.0,50.0,92.37240464120238,1.6577269825721441,2.0863191489516004,-0.8134557910862656,0.9933777734808028,-10.140542896587007,0.47329793329151293,0.375
198,37397.91711,3.5076964,2,99,2,2,2,2,1,2,-16.53846154,n/a,n/a,3540861.0,3544370.0,0.0,0.0,0.0,3541977.0,3541377.0,3543370.0,3541377.0,3541770.0,3543377.0,3544370.0,3509.0,516.0,393.0,993.0,1993.0,-3543377.0,0.0,0.0,0.0,1.0,0.0,0.0,0.0,0.0,10.42613480364056,0.27346103900650787,-0.062307578507810525,3541955.0,3542040.0,85.0,561.8607419031964,10.431540035306025,10.814578185549385,0.03219338876360608,185.0,0.06309765585354403,1.0,12.049593376982992,11.201518002848884,-0.3253840210963513,-10.720365035483006,3542599.0,3542693.0,94.0,205.4652526631492,10.42951878706164,10.849032068795122,1.6522011143549022,1.6785290645687063,10.240590382293009,-0.8102218858041197,0.2875
199,37401.43319,3.5077799,2,100,2,2,1,2,1,1,-16.53846154,n/a,n/a,3544377.0,3547886.0,0.0,0.0,0.0,3545536.0,3544894.0,3546887.0,3544894.0,3545287.0,3546893.0,3547886.0,3509.0,517.0,393.0,993.0,1993.0,-3546893.0,0.0,0.0,0.0,1.0,0.0,0.0,0.0,0.1384612855729158,9.342675244032495,0.4465376459726526,0.7407678778150986,3545520.0,3545558.0,38.0,428.7788339911249,9.208915572554252,9.171189444857147,-0.03195602271056228,233.0,-0.06420813802935142,1.0,9.342675244032495,9.36690596900775,0.7373063456757749,0.7961523920442657,3545560.0,3545588.0,28.0,94.21509352414809,0.06363949407426935,0.670430059469826,-1.1801892830973106,-0.2825549524695877,9.787994613622987,0.7139578993719475,0.3125
