,angle_test,report_right_prct,report_right_num
0,10,0.0,8.0
1,15,0.27586206896551724,29.0
2,20,0.4523809523809524,42.0
3,25,0.4523809523809524,42.0
4,30,0.6097560975609756,41.0
5,35,0.9,20.0
6,40,0.6666666666666666,6.0
7,45,1.0,4.0
8,50,1.0,2.0
9,55,1.0,2.0
10,60,1.0,2.0
11,65,1.0,2.0
