,angle_test,report_right_prct,report_right_num
0,-70,0.0,2.0
1,-65,0.2857142857142857,7.0
2,-60,0.6,5.0
3,-55,0.0,4.0
4,-50,0.2,10.0
5,-45,0.3,20.0
6,-40,0.4444444444444444,27.0
7,-35,0.45454545454545453,33.0
8,-30,0.5666666666666667,30.0
9,-25,0.6666666666666666,21.0
10,-20,0.5333333333333333,15.0
11,-15,0.5333333333333333,15.0
12,-10,0.7777777777777778,9.0
13,-5,1.0,2.0
