,onset,duration,run_number,trial_number,task,ext_mot_pos,ext_mot_ver_dir,staircase_num,fix_off_prct,trial_type,ext_mot_ori,direction_report,response_duration,trial_onset,trial_offset,button_press_onset,button_left,button_right,fix_break,motion_onset,motion_offset,fixation_onset,fixation_offset,response_onset,response_offset,trial_duration,fix_check_duration,fixation_duration,response_duration,motion_duration,reaction_time,miss_time_trial,blink_trial,no_saccade_trial,main_sac_trial,innacurate_sac_trial,early_sac_trial,late_sac_trial,sac_x_onset_trial,sac_x_offset_trial,sac_y_onset_trial,sac_y_offset_trial,sac_t_onset_trial,sac_t_offset_trial,sac_dur_trial,sac_vpeak_trial,sac_dist_trial,sac_amp_trial,sac_dist_ang_trial,sac_lat_trial,sac_amp_ang_trial,cor_sac_trial,cor_sac_x_onset_trial,cor_sac_x_offset_trial,cor_sac_y_onset_trial,cor_sac_y_offset_trial,cor_sac_t_onset_trial,cor_sac_t_offset_trial,cor_sac_dur_trial,cor_sac_vpeak_trial,cor_sac_dist_trial,cor_sac_amp_trial,cor_sac_dist_ang_trial,cor_sac_amp_ang_trial,gabor_sac_onset_x,gabor_sac_onset_y,sac_onset_gabor_path_prct
0,39311.08739,3.7078174,1,1,2,1,2,1,5,1,-29.18269231,n/a,n/a,5454025.0,5457732.0,0.0,0.0,0.0,5456215.0,5454731.0,5456733.0,5454732.0,5455931.0,5456739.0,5457734.0,3707.0,707.0,1199.0,995.0,2002.0,-5456739.0,0.0,0.0,0.0,1.0,0.0,0.0,0.0,0.328845553235675,-10.498826978566337,-0.6334603814960881,0.5607682065703105,5456196.0,5456268.0,72.0,409.78280317583534,10.893331647227805,11.396840536215073,-3.0317425347426625,265.0,-2.9866803109304403,1.0,-10.232289003838476,-10.294596582346287,0.6403834457747355,0.6680757028893171,5456286.0,5456311.0,25.0,39.65263591013984,0.06818427563307443,0.2353841854739557,-2.723368324010576,-2.060753653048616,-10.4610739925945,0.8255802772298548,0.7333333333333333
1,39314.81189,3.6327343,1,2,2,1,1,1,4,2,-29.18269231,n/a,n/a,5457749.0,5461382.0,0.0,0.0,0.0,5459606.0,5458389.0,5460382.0,5458390.0,5459383.0,5460389.0,5461382.0,3633.0,641.0,993.0,993.0,1993.0,-5460389.0,0.0,0.0,0.0,1.0,0.0,0.0,0.0,0.26307644258854074,-9.84459740423431,-0.49153756378385255,-0.8307677134374947,5459586.0,5459663.0,77.0,406.9071560532436,10.11336480545326,10.438713769261197,3.1080436023436557,203.0,3.092495355886455,1.0,-9.571136365227803,-9.584982493785093,-0.7165371528398408,-1.0107673846822867,5459978.0,5460000.0,22.0,56.25803275548876,0.2945558429331942,0.3348931717348821,1.6178204586376401,1.446441332248141,-9.800065259848402,-0.3579949874713517,0.6
2,39318.45313,3.5076786,1,3,2,1,1,2,3,2,-29.18269231,n/a,n/a,5461389.0,5464898.0,0.0,0.0,0.0,5462955.0,5461905.0,5463898.0,5461905.0,5462698.0,5463905.0,5464898.0,3509.0,516.0,793.0,993.0,1993.0,-5463905.0,0.0,0.0,0.0,1.0,0.0,0.0,0.0,0.4396145816940092,-9.948443368413997,-0.2976917639817697,-1.076536495329421,5462935.0,5463036.0,101.0,422.4345811661992,10.417213979291688,11.056627836898253,3.0667576578029743,237.0,3.0795644228029713,1.0,0.4396145816940092,-9.948443368413997,-0.2976917639817697,-1.076536495329421,5462935.0,5463036.0,101.0,422.4345811661992,10.417213979291688,11.056627836898253,3.0667576578029743,3.0795644228029713,-9.963277292625214,-0.06575418137228926,0.5166666666666667
3,39321.96914,3.5078241,1,4,2,1,1,1,2,2,-29.18269231,n/a,n/a,5464905.0,5468414.0,0.0,0.0,0.0,5466371.0,5465421.0,5467415.0,5465421.0,5466014.0,5467421.0,5468415.0,3509.0,516.0,593.0,994.0,1994.0,-5467421.0,0.0,0.0,0.0,1.0,0.0,0.0,0.0,0.2388457176132789,-10.041904736175717,-1.5126895448841065,-0.9242290811992143,5466661.0,5466748.0,87.0,380.2966528782683,10.297578142961717,10.496452827222438,-3.0844159847134036,647.0,3.0514403350911685,1.0,0.4846144995052052,-33.26532385889301,-0.8446138419947854,18.726888873736858,5467816.0,5467843.0,27.0,16338.710887179423,39.01412638708665,49.40784719922453,-2.61608561001424,-2.5110811029903304,-9.759262251654196,-0.43105518899611933,0.6208333333333333
4,39325.49362,3.5161345,1,5,2,1,1,2,5,1,-29.18269231,n/a,n/a,5468431.0,5471947.0,0.0,0.0,0.0,5470398.0,5468955.0,5470948.0,5468955.0,5470147.0,5470954.0,5471949.0,3516.0,524.0,1192.0,995.0,1993.0,-5470954.0,0.0,0.0,0.0,1.0,0.0,0.0,0.0,0.10038443204036315,-7.833447231287709,-0.543460545873696,-0.6715372350286407,5470379.0,5470429.0,50.0,393.1079101250646,7.93486537380011,8.768142219685506,3.1254509492105633,232.0,3.1131642954390184,1.0,-1.11115181672265,-33.26532385889301,-0.6611526386106736,18.726888873736858,5471493.0,5471528.0,35.0,16206.575767667486,37.547129496167905,48.79269187134261,-2.5989912696072883,-2.5093434466853983,-9.5797290155997,-0.7525200757050873,0.7125
5,39329.02641,3.5078367,1,6,2,2,1,2,4,1,-29.18269231,n/a,n/a,5471963.0,5475472.0,0.0,0.0,0.0,5474770.0,5472480.0,5474470.0,5472481.0,5473470.0,5474480.0,5475472.0,3509.0,518.0,989.0,992.0,1990.0,-5474480.0,0.0,0.0,0.0,0.0,0.0,0.0,1.0,0.2976917639817697,9.456905804630148,-1.2288439094596275,-1.654612362596342,5474751.0,5474824.0,73.0,464.65186571892843,9.169104679198336,9.456462966486257,0.04645182110053525,1281.0,0.12662513820657678,0.0,0.0,0.0,0.0,0.0,0.0,0.0,0.0,0.0,0.0,0.0,0.0,0.0,0.0,0.0,0.0
6,39332.54257,3.7244507,1,7,2,1,1,1,2,2,-29.18269231,n/a,n/a,5475478.0,5479204.0,0.0,0.0,0.0,5477878.0,5476211.0,5478205.0,5476211.0,5476804.0,5478211.0,5479204.0,3726.0,733.0,593.0,993.0,1994.0,-5478211.0,0.0,1.0,0.0,0.0,0.0,0.0,0.0,0.0,0.0,0.0,0.0,0.0,0.0,0.0,0.0,0.0,0.0,0.0,0.0,0.0,0.0,0.0,0.0,0.0,0.0,0.0,0.0,0.0,0.0,0.0,0.0,0.0,0.0,0.0,0.0,0.0
7,39336.27536,3.5077976,1,8,2,2,2,2,2,1,-29.18269231,n/a,n/a,5479211.0,5482720.0,0.0,0.0,0.0,5480621.0,5479728.0,5481721.0,5479728.0,5480321.0,5481727.0,5482721.0,3509.0,517.0,593.0,994.0,1993.0,-5481727.0,0.0,0.0,0.0,1.0,0.0,0.0,0.0,0.2699995068671842,9.557290236670509,-0.3461532139322894,0.33923014965364207,5480600.0,5480665.0,65.0,461.8901275450475,9.312546346460302,9.685721979976563,-0.07366445194604443,279.0,-0.12289216479094686,1.0,0.2699995068671842,9.557290236670509,-0.3461532139322894,0.33923014965364207,5480600.0,5480665.0,65.0,461.8901275450475,9.312546346460302,9.685721979976563,-0.07366445194604443,-0.12289216479094686,10.11832872376319,-0.2118745844218205,0.4375
8,39339.79147,3.5078357,1,9,2,2,2,1,2,1,-29.18269231,n/a,n/a,5482727.0,5486237.0,0.0,0.0,0.0,5484110.0,5483244.0,5485236.0,5483244.0,5483837.0,5485243.0,5486237.0,3510.0,517.0,593.0,994.0,1992.0,-5485243.0,0.0,0.0,0.0,1.0,0.0,0.0,0.0,0.373845471046871,9.30113685836062,-0.588460463684892,-0.38769159960416577,5484097.0,5484163.0,66.0,392.7970534023527,8.929548681248704,8.96495124349321,-0.022485546623072,260.0,-0.08737387511704504,0.0,0.0,0.0,0.0,0.0,0.0,0.0,0.0,0.0,0.0,0.0,0.0,0.0,10.14281052867971,-0.25571070533667867,0.425
9,39343.30764,3.5077906,1,10,2,1,1,2,4,1,-29.18269231,n/a,n/a,5486243.0,5489753.0,0.0,0.0,0.0,5488003.0,5486760.0,5488753.0,5486760.0,5487753.0,5488760.0,5489753.0,3510.0,517.0,993.0,993.0,1993.0,-5488760.0,0.0,0.0,0.0,1.0,0.0,0.0,0.0,-0.12461515701562499,-9.432675079654887,-0.4776914352265578,-0.7892293277656184,5487989.0,5488079.0,90.0,415.8087187922963,9.313272001929876,9.802112918573368,3.108135451669793,236.0,3.0779843120375254,0.0,0.0,0.0,0.0,0.0,0.0,0.0,0.0,0.0,0.0,0.0,0.0,0.0,-9.775583454931878,-0.4018311083862139,0.6125
10,39346.82378,3.5078409,1,11,2,2,1,1,1,1,-29.18269231,n/a,n/a,5489759.0,5493268.0,0.0,0.0,0.0,5491093.0,5490276.0,5492269.0,5490276.0,5490670.0,5492276.0,5493269.0,3509.0,517.0,394.0,993.0,1993.0,-5492276.0,0.0,0.0,0.0,1.0,0.0,0.0,0.0,0.23538418547395523,6.701526221729121,-0.8238446491588473,-0.22499958905598813,5491075.0,5491134.0,59.0,419.3846148322808,6.493813073921646,6.572997458066059,-0.09234899326290737,405.0,-0.18056004701357853,1.0,9.813443614980406,9.744212972193948,-0.17999967124479208,-0.4292299852760381,5491404.0,5491437.0,33.0,75.46219456245305,0.2586670279195623,0.520036884502273,1.8417431771333197,2.290252500411081,9.808225861487239,0.343382947166399,0.4
11,39350.34017,3.5075957,1,12,2,1,2,1,3,1,-29.18269231,n/a,n/a,5493276.0,5496785.0,0.0,0.0,0.0,5494825.0,5493792.0,5495785.0,5493792.0,5494586.0,5495792.0,5496785.0,3509.0,516.0,794.0,993.0,1993.0,-5495792.0,0.0,0.0,0.0,1.0,0.0,0.0,0.0,-0.044999917811196055,-10.318827307321548,-0.40153772816145655,0.10730749631901051,5494807.0,5494882.0,75.0,370.5555379516623,10.286420791117271,10.485697930610991,-3.09210479071161,221.0,-3.0636054499752654,0.0,0.0,0.0,0.0,0.0,0.0,0.0,0.0,0.0,0.0,0.0,0.0,0.0,-10.0204015040971,0.0365301007623838,0.5083333333333333
12,39353.85607,3.5078458,1,13,2,1,2,1,5,1,-29.18269231,n/a,n/a,5496792.0,5500301.0,0.0,0.0,0.0,5498785.0,5497308.0,5499301.0,5497308.0,5498501.0,5499308.0,5500301.0,3509.0,516.0,1193.0,993.0,1993.0,-5499308.0,0.0,0.0,0.0,1.0,0.0,0.0,0.0,-0.0553845142291671,-9.754597568611915,-0.21807652477734077,0.9796135954283796,5498763.0,5498810.0,47.0,357.26755139115124,9.772880614145816,9.842253531633835,-3.0187313755316176,262.0,-3.005415506761425,1.0,0.04153838567187631,-0.08999983562239604,0.8238446491588473,0.8515369062734328,5499241.0,5499266.0,25.0,78.51440317329941,0.1344215933745813,0.49952919229144965,-2.934096427154577,-2.896613990462929,-10.452913390955658,0.8109682369249022,0.7291666666666666
13,39357.37225,3.507767,1,14,2,1,1,2,4,1,-29.18269231,n/a,n/a,5500308.0,5503817.0,0.0,0.0,0.0,5502051.0,5500824.0,5502818.0,5500824.0,5501817.0,5502824.0,5503817.0,3509.0,516.0,993.0,993.0,1994.0,-5502824.0,0.0,0.0,0.0,1.0,0.0,0.0,0.0,0.05192298208984342,-8.88921453378119,-0.6507680421927026,-0.7511524742330696,5502037.0,5502082.0,45.0,356.6260180978136,8.94170101892881,8.972308666187546,3.1303658701609676,220.0,3.0794385657497103,1.0,0.05192298208984342,-8.88921453378119,-0.6507680421927026,-0.7511524742330696,5502037.0,5502082.0,45.0,356.6260180978136,8.94170101892881,8.972308666187546,3.1303658701609676,3.0794385657497103,-9.78374405657072,-0.3872190680812572,0.6083333333333333
14,39360.8884,3.5078128,1,15,2,1,1,2,1,2,-29.18269231,n/a,n/a,5503824.0,5507333.0,0.0,0.0,0.0,5505283.0,5504340.0,5506334.0,5504340.0,5504734.0,5506340.0,5507333.0,3509.0,516.0,394.0,993.0,1994.0,-5506340.0,0.0,0.0,0.0,1.0,0.0,0.0,0.0,0.33230708537499865,-9.7372899079153,-0.6819218314466118,-0.4084607924401,5505261.0,5505332.0,71.0,413.78623601982105,10.073309513121075,10.268517673919618,-3.1144422281703426,527.0,-3.0808770970565122,1.0,-9.702674586522072,-33.26532385889301,-0.9034598883632762,18.726888873736858,5505905.0,5505950.0,45.0,17842.914876928022,30.668371871595163,59.241796729266746,-2.4469844408344135,-2.6184097150846366,-10.069365113930143,0.12420234259210018,0.4625
15,39364.40453,3.5078357,1,16,2,1,2,2,2,1,-29.18269231,n/a,n/a,5507340.0,5510849.0,0.0,0.0,0.0,5508733.0,5507857.0,5509850.0,5507857.0,5508450.0,5509856.0,5510850.0,3509.0,517.0,593.0,994.0,1993.0,-5509856.0,0.0,0.0,0.0,1.0,0.0,0.0,0.0,0.2388457176132789,-9.148829444230408,-0.8411523098554617,-0.07269217492578157,5508716.0,5508789.0,73.0,366.9137891210841,9.41907510975855,9.674895635906461,-3.0599163538158485,266.0,-3.045199292886234,1.0,0.2388457176132789,-9.148829444230408,-0.8411523098554617,-0.07269217492578157,5508716.0,5508789.0,73.0,366.9137891210841,9.41907510975855,9.674895635906461,-3.0599163538158485,-3.045199292886234,-9.865350072959128,-0.24109866503172597,0.42916666666666664
16,39367.92068,3.5078576,1,17,2,1,2,2,4,2,-29.18269231,n/a,n/a,5510856.0,5514366.0,0.0,0.0,0.0,5512573.0,5511373.0,5513365.0,5511373.0,5512366.0,5513373.0,5514366.0,3510.0,517.0,993.0,993.0,1992.0,-5513373.0,0.0,0.0,0.0,1.0,0.0,0.0,0.0,0.017307660696614473,-8.446138419947863,-0.7511524742330696,0.0034615321393236813,5512555.0,5512604.0,49.0,397.86711139400927,8.497020763690633,9.440948641458906,-3.05266625043442,189.0,3.0501692810602177,1.0,-8.421907694972601,-9.26998306910671,-0.006923064278647363,0.1488458819908829,5512606.0,5512625.0,19.0,82.53211836760265,0.8622620279443071,0.8691823799331152,-2.9599438235897813,2.920763883860445,-10.183613536873917,0.3287709068614463,0.5916666666666667
17,39371.44537,3.5076212,1,18,2,2,2,1,1,2,-29.18269231,n/a,n/a,5514383.0,5517890.0,0.0,0.0,0.0,5515782.0,5514898.0,5516891.0,5514899.0,5515289.0,5516897.0,5517890.0,3507.0,516.0,390.0,993.0,1993.0,-5516897.0,0.0,0.0,0.0,1.0,0.0,0.0,0.0,0.08999983562239604,9.758059100751243,-0.7996139241835893,-0.24923031403124998,5515763.0,5515824.0,61.0,447.69483555956174,9.683712721491073,10.65085764652525,-0.05686665619742977,474.0,-0.08427480404601309,0.0,0.0,0.0,0.0,0.0,0.0,0.0,0.0,0.0,0.0,0.0,0.0,0.0,10.126489325402028,-0.22648662472677322,0.43333333333333335
18,39374.96132,3.5078183,1,19,2,1,2,1,3,1,-29.18269231,n/a,n/a,5517897.0,5521406.0,0.0,0.0,0.0,5519389.0,5518413.0,5520406.0,5518413.0,5519206.0,5520413.0,5521407.0,3509.0,516.0,793.0,994.0,1993.0,-5520413.0,0.0,0.0,0.0,1.0,0.0,0.0,0.0,0.22153805691666445,-8.356138584325466,-1.1596132666731696,-0.8203831170195276,5519370.0,5519423.0,53.0,401.20975994054373,8.58438196122149,9.671920958954336,-3.102065229973778,164.0,3.081071459247469,0.0,0.0,0.0,0.0,0.0,0.0,0.0,0.0,0.0,0.0,0.0,0.0,0.0,-9.963277292625214,-0.06575418137228926,0.4791666666666667
19,39378.47748,3.5078681,1,20,2,1,1,2,3,1,-29.18269231,n/a,n/a,5521413.0,5524923.0,0.0,0.0,0.0,5523423.0,5521930.0,5523923.0,5521930.0,5522723.0,5523929.0,5524923.0,3510.0,517.0,793.0,994.0,1993.0,-5523929.0,0.0,0.0,0.0,1.0,0.0,0.0,0.0,0.1349997534335921,-8.729984055372341,-1.0799980274687446,-1.0834595596080643,5523407.0,5523491.0,84.0,421.272000933528,8.864984484622411,9.49446272003293,3.1412021811379476,684.0,-3.096003824960226,1.0,-8.709214862536403,-8.667676476864527,-1.2876899558281183,-1.2946130201067616,5524042.0,5524067.0,25.0,37.61071441393347,0.04211135598899384,0.20124575041548462,0.16514867741456538,1.1071487177940904,-9.530765405766656,-0.8401923175348076,0.7375
20,39381.99361,3.5079274,1,21,2,2,2,2,2,2,-29.18269231,n/a,n/a,5524929.0,5528438.0,0.0,0.0,0.0,5526589.0,5525446.0,5527439.0,5525446.0,5526039.0,5527445.0,5528438.0,3509.0,517.0,593.0,993.0,1993.0,-5527445.0,0.0,0.0,0.0,1.0,0.0,0.0,0.0,0.1384612855729158,10.443442464337174,-0.6299988493567683,0.20423039622005,5526567.0,5526609.0,42.0,468.0690363397211,10.338693124803601,10.240694053652375,-0.08077782741912423,528.0,-0.07985694097996404,0.0,0.0,0.0,0.0,0.0,0.0,0.0,0.0,0.0,0.0,0.0,0.0,0.0,9.87351067459797,0.22648662472677322,0.5625
21,39385.50977,3.5078069,1,22,2,2,2,2,4,2,-29.18269231,n/a,n/a,5528445.0,5531954.0,0.0,0.0,0.0,5530228.0,5528962.0,5530955.0,5528962.0,5529954.0,5530962.0,5531954.0,3509.0,517.0,992.0,992.0,1993.0,-5530962.0,0.0,0.0,0.0,1.0,0.0,0.0,0.0,0.03461532139322895,8.993060497960878,-0.5226913530377578,0.6299988493567683,5530211.0,5530281.0,70.0,438.86818928565685,9.03229952361327,9.286150792664026,-0.12796766124663536,257.0,-0.15381129471375002,1.0,0.03461532139322895,8.993060497960878,-0.5226913530377578,0.6299988493567683,5530211.0,5530281.0,70.0,438.86818928565685,9.03229952361327,9.286150792664026,-0.12796766124663536,-0.15381129471375002,9.751101650015354,0.44566722930107205,0.625
22,39389.0259,3.5078189,1,23,2,1,1,2,4,1,-29.18269231,n/a,n/a,5531961.0,5535471.0,0.0,0.0,0.0,5533488.0,5532478.0,5534471.0,5532478.0,5533471.0,5534478.0,5535471.0,3510.0,517.0,993.0,993.0,1993.0,-5534478.0,0.0,0.0,0.0,1.0,0.0,0.0,0.0,-0.03807685353255263,-8.844214615969996,-0.7199986849791604,-0.4396145816940092,5533469.0,5533522.0,53.0,411.3199136266199,8.810600293759883,10.460400186001065,-3.109763783670569,-2.0,3.084644022703918,1.0,-8.840753083830672,-9.702674586522072,-0.4361530495546855,-0.41538385671874734,5533524.0,5533556.0,32.0,115.38440464409516,0.8621716976176249,1.0732815186153328,-3.117500930164871,2.9435645827553176,-10.004080300819417,0.007306020152478333,0.49583333333333335
23,39392.54206,3.5078175,1,24,2,2,2,2,2,1,-29.18269231,n/a,n/a,5535477.0,5538987.0,0.0,0.0,0.0,5536494.0,5535994.0,5537986.0,5535994.0,5536587.0,5537994.0,5538987.0,3510.0,517.0,593.0,993.0,1992.0,-5537994.0,0.0,0.0,0.0,0.0,0.0,1.0,0.0,-0.03807685353255263,9.107291058558532,-0.7857677956262986,-0.6784602993072881,5536479.0,5536546.0,67.0,397.2794134405931,9.145997438566857,9.142629852173197,-0.011732996770278187,-108.0,-0.04090176844033647,0.0,0.0,0.0,0.0,0.0,0.0,0.0,0.0,0.0,0.0,0.0,0.0,0.0,0.0,0.0,0.0
24,39396.05821,3.5078291,1,25,2,2,2,1,5,1,-29.18269231,n/a,n/a,5538994.0,5542503.0,0.0,0.0,0.0,5540521.0,5539510.0,5541503.0,5539510.0,5540703.0,5541510.0,5542503.0,3509.0,516.0,1193.0,993.0,1993.0,-5541510.0,0.0,0.0,0.0,0.0,0.0,1.0,0.0,0.04153838567187631,8.442676887808542,-0.4223069209973947,0.2319226533346355,5540504.0,5540569.0,65.0,445.79201884742656,8.426573708691675,8.446150478555312,-0.07771707057243625,-199.0,-0.11459474325496419,0.0,0.0,0.0,0.0,0.0,0.0,0.0,0.0,0.0,0.0,0.0,0.0,0.0,0.0,0.0,0.0
25,39399.57437,3.5078199,1,26,2,1,2,1,1,1,-29.18269231,n/a,n/a,5542510.0,5546019.0,0.0,0.0,0.0,5543843.0,5543026.0,5545019.0,5543026.0,5543420.0,5545026.0,5546019.0,3509.0,516.0,394.0,993.0,1993.0,-5545026.0,0.0,0.0,0.0,1.0,0.0,0.0,0.0,0.2388457176132789,-9.231906215574162,-0.6126911886601539,-0.4742299030872381,5543821.0,5543919.0,98.0,427.56305736287226,9.471764023009449,9.952497256424278,-3.1269738120380057,401.0,3.0946216567098026,1.0,-33.26532385889301,0.578075867266925,18.726888873736858,-0.1730766069661447,5544618.0,5544670.0,52.0,19623.317424995734,38.76318356632241,69.13813349379134,0.5093102569201806,0.4429124283668452,-9.800065259848402,-0.3579949874713517,0.3958333333333333
26,39403.0905,3.5078346,1,27,2,1,2,1,5,1,-29.18269231,n/a,n/a,5546026.0,5549535.0,0.0,0.0,0.0,5546919.0,5546542.0,5548535.0,5546542.0,5547736.0,5548542.0,5549535.0,3509.0,516.0,1194.0,993.0,1993.0,-5548542.0,0.0,0.0,0.0,0.0,0.0,1.0,0.0,-0.0034615321393236813,-8.40806156641531,-0.5815373994062447,-1.1942285880663985,5546903.0,5546952.0,49.0,413.24896736299263,8.426902884738478,9.524657131320971,3.0688218751485024,-833.0,3.0673851451479246,0.0,0.0,0.0,0.0,0.0,0.0,0.0,0.0,0.0,0.0,0.0,0.0,0.0,0.0,0.0,0.0
27,39406.60669,3.5077702,1,28,2,1,1,1,5,1,-29.18269231,n/a,n/a,5549542.0,5553051.0,0.0,0.0,0.0,5551468.0,5550059.0,5552052.0,5550059.0,5551252.0,5552059.0,5553051.0,3509.0,517.0,1193.0,992.0,1993.0,-5552059.0,0.0,0.0,0.0,1.0,0.0,0.0,0.0,-0.22153805691666445,-9.290752261942648,-0.44999917811197626,-0.9415367418958288,5551445.0,5551518.0,73.0,384.59415279043697,9.082524730120786,9.105622634067936,3.0874471558479146,193.0,3.052137377749249,0.0,0.0,0.0,0.0,0.0,0.0,0.0,0.0,0.0,0.0,0.0,0.0,0.0,-9.620532023793906,-0.6794598741803236,0.6916666666666667
28,39410.12285,3.507793,1,29,2,1,1,1,1,2,-29.18269231,n/a,n/a,5553058.0,5556567.0,0.0,0.0,0.0,5554241.0,5553575.0,5555568.0,5553575.0,5553968.0,5555574.0,5556568.0,3509.0,517.0,393.0,994.0,1993.0,-5555574.0,0.0,0.0,0.0,1.0,0.0,0.0,0.0,0.05884604636849078,-10.124981507519466,-0.7269217492578078,0.07269217492578157,5554225.0,5554296.0,71.0,446.82415162774373,10.215171367876108,10.51536721761565,-3.063235400964016,257.0,3.046313242130963,0.0,0.0,0.0,0.0,0.0,0.0,0.0,0.0,0.0,0.0,0.0,0.0,0.0,-10.338664968011889,0.606399672655556,0.325
29,39413.6391,3.507694,1,30,2,1,1,2,3,1,-29.18269231,n/a,n/a,5556574.0,5560084.0,0.0,0.0,0.0,5558174.0,5557091.0,5559084.0,5557091.0,5557884.0,5559090.0,5560084.0,3510.0,517.0,793.0,994.0,1993.0,-5559090.0,0.0,0.0,0.0,1.0,0.0,0.0,0.0,0.1626920105481776,-8.847676148109318,-0.46730683880859075,-0.5953835279635394,5558153.0,5558222.0,69.0,412.50933252869817,9.011278377281094,9.321409238042387,3.12737924276631,269.0,3.095528608034409,0.0,0.0,0.0,0.0,0.0,0.0,0.0,0.0,0.0,0.0,0.0,0.0,0.0,-9.938795487708695,-0.10959030228714745,0.5291666666666667
30,39417.15527,3.5076204,1,31,2,1,2,1,2,2,-29.18269231,n/a,n/a,5560091.0,5563600.0,0.0,0.0,0.0,5561433.0,5560607.0,5562600.0,5560607.0,5561200.0,5562607.0,5563600.0,3509.0,516.0,593.0,993.0,1993.0,-5562607.0,0.0,0.0,0.0,1.0,0.0,0.0,0.0,-0.1349997534335921,-8.601907366217393,-0.7165371528398408,-0.30461482826041314,5561413.0,5561489.0,76.0,334.0039717493564,8.476921877952114,8.626255465781655,-3.0929801246300217,213.0,-3.0564186332456735,0.0,0.0,0.0,0.0,0.0,0.0,0.0,0.0,0.0,0.0,0.0,0.0,0.0,-9.816386463126085,-0.3287709068614463,0.4041666666666667
31,39420.67138,3.5077058,1,32,2,2,1,1,4,2,-29.18269231,n/a,n/a,5563607.0,5567115.0,0.0,0.0,0.0,5565082.0,5564123.0,5566116.0,5564123.0,5565116.0,5566123.0,5567116.0,3508.0,516.0,993.0,993.0,1993.0,-5566123.0,0.0,0.0,0.0,1.0,0.0,0.0,0.0,-0.02769225711458158,8.428830759251248,-0.7234602171184842,-0.418845388858071,5565062.0,5565113.0,51.0,471.0189401189241,8.462007546671247,9.303537849510162,-0.03600571782068268,-54.0,-0.0804530663205539,1.0,8.435753823529895,8.875368405223904,-0.4119223245794236,-0.6334603814960881,5565116.0,5565144.0,28.0,51.772122180966015,0.4922805004267485,0.6012413285445144,0.4667922527232449,-0.3527060545960181,9.946956089347536,0.09497826198219472,0.4708333333333333
32,39424.18742,3.5078097,1,33,2,1,2,1,4,2,-29.18269231,n/a,n/a,5567123.0,5570632.0,0.0,0.0,0.0,5568899.0,5567639.0,5569632.0,5567639.0,5568633.0,5569639.0,5570632.0,3509.0,516.0,994.0,993.0,1993.0,-5569639.0,0.0,0.0,0.0,1.0,0.0,0.0,0.0,0.1349997534335921,-9.920751111299417,-0.6196142529387973,-0.1211536248763013,5568879.0,5568924.0,45.0,358.9108831657927,10.068097558690376,10.032861423653639,-3.0920634866032515,246.0,-3.0320022612422903,1.0,-9.899981918463478,-9.536521043834574,-0.10384596417968683,0.03807685353255263,5568926.0,5568955.0,29.0,143.81105048021308,0.39018699821161307,1.1653853429514929,-0.3722693311190488,0.37719695731343195,-10.2407377483458,0.43105518899611933,0.6208333333333333
33,39427.70356,3.5078334,1,34,2,1,1,1,2,1,-29.18269231,n/a,n/a,5570639.0,5574148.0,0.0,0.0,0.0,5572222.0,5571155.0,5573149.0,5571155.0,5571748.0,5573155.0,5574148.0,3509.0,516.0,593.0,993.0,1994.0,-5573155.0,0.0,0.0,0.0,1.0,0.0,0.0,0.0,-0.06576911064713421,-8.598445834078069,-0.6680757028893171,-0.7511524742330696,5572206.0,5572257.0,51.0,432.1284597844319,8.533081144376688,9.677197084938571,3.1318566529092515,458.0,3.0839710935366917,1.0,-8.584599705520779,-9.290752261942648,-0.7442294099544223,-0.6438449779140591,5572260.0,5572288.0,28.0,90.51610540618583,0.713252036195627,0.9259841100267421,-3.000381940676075,2.93833205835129,-9.946956089347532,-0.09497826198219472,0.525
34,39431.21975,3.5078005,1,35,2,1,1,1,5,1,-29.18269231,n/a,n/a,5574155.0,5577664.0,0.0,0.0,0.0,5576064.0,5574672.0,5576665.0,5574672.0,5575864.0,5576671.0,5577665.0,3509.0,517.0,1192.0,994.0,1993.0,-5576671.0,0.0,0.0,0.0,1.0,0.0,0.0,0.0,-0.1765381391054684,-8.681522605421817,-0.7788447313476512,-1.3361514057786381,5576042.0,5576097.0,55.0,400.11029302342246,8.523224243304156,9.497316980936837,3.0761591338051124,178.0,3.062053319073394,1.0,-8.681522605421817,-9.31498298691791,-1.3292283414999906,-1.2773053594101473,5576099.0,5576121.0,22.0,98.65366597070262,0.6355848102293482,0.7984817561039168,-3.0598082729717975,-2.882945020592563,-9.636853227071585,-0.6502357935704143,0.6833333333333333
35,39434.73589,3.5077768,1,36,2,2,1,1,1,1,-29.18269231,n/a,n/a,5577671.0,5581181.0,0.0,0.0,0.0,5578848.0,5578188.0,5580180.0,5578188.0,5578581.0,5580187.0,5581181.0,3510.0,517.0,393.0,994.0,1992.0,-5580187.0,0.0,0.0,0.0,1.0,0.0,0.0,0.0,-0.1903842676627592,9.186906297762965,-0.8757676312486907,-0.2561533783098934,5578826.0,5578888.0,62.0,446.5484538125777,9.397739098893267,9.881886136712502,-0.06598013032569058,245.0,-0.10845228103128948,0.0,0.0,0.0,0.0,0.0,0.0,0.0,0.0,0.0,0.0,0.0,0.0,0.0,9.653174430349267,0.6210117129605087,0.32083333333333336
36,39438.25201,3.9910956,1,37,2,2,1,2,2,2,-29.18269231,n/a,n/a,5581187.0,5585180.0,0.0,0.0,0.0,5582704.0,5582187.0,5584180.0,5582187.0,5582780.0,5584187.0,5585180.0,3993.0,1000.0,593.0,993.0,1993.0,-5584187.0,0.0,0.0,0.0,1.0,0.0,0.0,0.0,0.03461532139322895,7.629216835067663,-0.7442294099544223,0.3599993424895802,5582690.0,5582736.0,46.0,457.2138882918988,7.674457198345042,8.332194757469221,-0.14438477033717917,-90.0,-0.1804480300434756,0.0,0.0,0.0,0.0,0.0,0.0,0.0,0.0,0.0,0.0,0.0,0.0,0.0,9.514444202488978,0.869416398144713,0.25
37,39442.25143,3.5078273,1,38,2,1,1,1,5,1,-29.18269231,n/a,n/a,5585187.0,5588696.0,0.0,0.0,0.0,5587146.0,5585703.0,5587696.0,5585703.0,5586896.0,5587703.0,5588696.0,3509.0,516.0,1193.0,993.0,1993.0,-5587703.0,0.0,0.0,0.0,1.0,0.0,0.0,0.0,-0.22153805691666445,-8.518830594873643,-0.7373063456757749,-0.8411523098554617,5587121.0,5587199.0,78.0,367.1622589954365,8.29794236209875,8.344220493091283,3.1290776624618766,225.0,-3.0955289161398625,1.0,-0.22153805691666445,-8.518830594873643,-0.7373063456757749,-0.8411523098554617,5587121.0,5587199.0,78.0,367.1622589954365,8.29794236209875,8.344220493091283,3.1290776624618766,-3.0955289161398625,-9.587889617238542,-0.7379080354001346,0.7083333333333334
38,39445.76758,3.5078339,1,39,2,1,1,1,5,1,-29.18269231,n/a,n/a,5588703.0,5592212.0,0.0,0.0,0.0,5590629.0,5589219.0,5591212.0,5589219.0,5590412.0,5591219.0,5592212.0,3509.0,516.0,1193.0,993.0,1993.0,-5591219.0,0.0,0.0,0.0,1.0,0.0,0.0,0.0,-0.20423039622005,-9.28036766552468,-1.1180748810012933,-1.5369202698593643,5590612.0,5590692.0,80.0,352.44694775446163,9.085796563374519,9.141866403821098,3.0954773926161794,200.0,3.068828407704897,1.0,-8.73344558751166,-8.7542147803476,-1.6857661518502511,-1.6476892983176985,5591169.0,5591189.0,20.0,29.190202011029633,0.043372873388742066,0.13846128557291892,-2.070143048475034,-0.9272952180016009,-9.612371422155066,-0.6940719144852764,0.6958333333333333
39,39449.28375,3.5078052,1,40,2,2,1,2,3,2,-29.18269231,n/a,n/a,5592219.0,5595729.0,0.0,0.0,0.0,5593735.0,5592735.0,5594728.0,5592736.0,5593529.0,5594735.0,5595729.0,3510.0,517.0,793.0,994.0,1993.0,-5594735.0,0.0,0.0,0.0,1.0,0.0,0.0,0.0,0.21461499263802103,8.934214451592387,-1.0973056881653591,-1.0107673846822867,5593722.0,5593787.0,65.0,463.1304201070586,8.720028876246168,9.059750829300556,-0.009924247415199627,193.0,0.06921137421142326,1.0,0.21461499263802103,8.934214451592387,-1.0973056881653591,-1.0107673846822867,5593722.0,5593787.0,65.0,463.1304201070586,8.720028876246168,9.059750829300556,-0.009924247415199627,0.06921137421142326,9.987759097541739,0.021918060457431065,0.49166666666666664
40,39452.79987,3.5078487,1,41,2,1,2,1,2,2,-29.18269231,n/a,n/a,5595735.0,5599245.0,0.0,0.0,0.0,5596852.0,5596252.0,5598244.0,5596252.0,5596845.0,5598251.0,5599245.0,3510.0,517.0,593.0,994.0,1992.0,-5598251.0,0.0,0.0,0.0,1.0,0.0,0.0,0.0,-0.031153789253905263,-8.993060497960878,-0.9449982740351486,-0.7234602171184842,5596839.0,5596907.0,68.0,421.3071580728217,8.96464449748173,9.132923740769236,-3.1168777179115326,-6.0,3.090782533805344,0.0,0.0,0.0,0.0,0.0,0.0,0.0,0.0,0.0,0.0,0.0,0.0,0.0,-9.596050218877382,-0.7232959950951818,0.2916666666666667
41,39456.31607,3.5078108,1,42,2,1,2,2,4,1,-29.18269231,n/a,n/a,5599251.0,5602760.0,0.0,0.0,0.0,5600718.0,5599768.0,5601761.0,5599768.0,5600761.0,5601768.0,5602760.0,3509.0,517.0,993.0,992.0,1993.0,-5601768.0,0.0,0.0,0.0,1.0,0.0,0.0,0.0,0.006923064278647363,-10.097289250404884,-0.6126911886601539,-0.4430761138333289,5600704.0,5600775.0,71.0,368.5412022640951,10.105635842133381,10.168084946265715,-3.1248076593366094,-57.0,-3.100729552791388,0.0,0.0,0.0,0.0,0.0,0.0,0.0,0.0,0.0,0.0,0.0,0.0,0.0,-9.938795487708695,-0.10959030228714745,0.4666666666666667
42,39459.83221,3.5078321,1,43,2,1,2,2,2,1,-29.18269231,n/a,n/a,5602767.0,5606276.0,0.0,0.0,0.0,5604310.0,5603284.0,5605277.0,5603284.0,5603877.0,5605284.0,5606277.0,3509.0,517.0,593.0,993.0,1993.0,-5605284.0,0.0,0.0,0.0,1.0,0.0,0.0,0.0,-0.08999983562239604,-8.882291469502547,-0.4880760316445289,0.24923031403124998,5604285.0,5604341.0,56.0,400.69342361658283,8.823152091093787,9.383434720726319,-3.057930130248881,408.0,-3.0566439363833897,0.0,0.0,0.0,0.0,0.0,0.0,0.0,0.0,0.0,0.0,0.0,0.0,0.0,-10.004080300819417,0.007306020152478333,0.5
43,39463.34836,3.5078183,1,44,2,1,2,1,4,2,-29.18269231,n/a,n/a,5606283.0,5609793.0,0.0,0.0,0.0,5607827.0,5606800.0,5608793.0,5606800.0,5607793.0,5608800.0,5609793.0,3510.0,517.0,993.0,993.0,1993.0,-5608800.0,0.0,0.0,0.0,1.0,0.0,0.0,0.0,0.020769192835938154,-7.850754891984323,-0.6369219136354117,-0.05884604636849078,5607805.0,5607860.0,55.0,414.22880740170234,7.892722161980735,8.923868122612145,-3.068285378952837,12.0,3.067825543090352,1.0,-7.871524084820261,-8.581138173381454,-0.062307578507810525,-0.19384579980208289,5607862.0,5607886.0,24.0,85.79278587194787,0.7217024721765848,0.8271396054505443,2.9583071638399994,2.917930558108863,-10.012240902458258,0.021918060457431065,0.5041666666666667
44,39466.86451,3.5078228,1,45,2,2,1,1,3,2,-29.18269231,n/a,n/a,5609800.0,5613309.0,0.0,0.0,0.0,5611316.0,5610316.0,5612309.0,5610316.0,5611109.0,5612316.0,5613309.0,3509.0,516.0,793.0,993.0,1993.0,-5612316.0,0.0,0.0,0.0,1.0,0.0,0.0,0.0,-0.10384596417968683,8.446138419947863,-0.7165371528398408,-0.6715372350286407,5611302.0,5611371.0,69.0,462.4126288747658,8.550102804143817,8.735650783902893,-0.0052631092975956575,193.0,0.10400582267729935,1.0,-1.156151734533846,-1.007305852542963,-0.4465376459726526,-0.24923031403124998,5612238.0,5612260.0,22.0,34.05795043386592,0.2471543643625956,0.2596149104492171,-0.924494104879519,0.9272952180016122,9.987759097541739,0.021918060457431065,0.49166666666666664
45,39470.38066,3.5078087,1,46,2,2,1,2,3,1,-29.18269231,n/a,n/a,5613316.0,5616825.0,0.0,0.0,0.0,5614642.0,5613832.0,5615825.0,5613832.0,5614625.0,5615832.0,5616826.0,3509.0,516.0,793.0,994.0,1993.0,-5615832.0,0.0,0.0,0.0,1.0,0.0,0.0,0.0,-0.15230741413020657,8.840753083830675,-0.3703839389075513,0.3807685353255184,5614628.0,5614692.0,64.0,456.9969010732519,9.024376275373879,9.041273461619312,-0.08333235729623746,3.0,-0.13826937004674622,0.0,0.0,0.0,0.0,0.0,0.0,0.0,0.0,0.0,0.0,0.0,0.0,0.0,9.808225861487239,0.343382947166399,0.4
46,39473.89695,3.5076536,1,47,2,1,2,2,3,2,-29.18269231,n/a,n/a,5616832.0,5620341.0,0.0,0.0,0.0,5618382.0,5617348.0,5619341.0,5617348.0,5618142.0,5619348.0,5620341.0,3509.0,516.0,794.0,993.0,1993.0,-5619348.0,0.0,0.0,0.0,1.0,0.0,0.0,0.0,-0.0692306427864579,-9.81690514711973,-0.9346136776171815,-0.38769159960416577,5618355.0,5618439.0,84.0,408.0270557727543,9.763005787248462,10.121342990571884,-3.0855434659468446,213.0,-3.0590762618597456,1.0,-9.799597486423115,-9.567674833088478,-0.3461532139322894,-0.28384563542447894,5618441.0,5618462.0,21.0,33.86193182499417,0.24014652083526944,0.2910364330952673,-0.26245939982626837,2.672625945817464,-10.012240902458258,0.021918060457431065,0.5041666666666667
47,39477.41294,3.5078979,1,48,2,1,2,2,5,1,-29.18269231,n/a,n/a,5620348.0,5623858.0,0.0,0.0,0.0,5622248.0,5620865.0,5622857.0,5620865.0,5622058.0,5622864.0,5623858.0,3510.0,517.0,1193.0,994.0,1992.0,-5622864.0,0.0,0.0,0.0,1.0,0.0,0.0,0.0,0.07615370706510526,-10.166519893191342,-0.8203831170195276,0.1211536248763013,5622234.0,5622305.0,71.0,438.2914238895589,10.285856985090264,10.38533600566585,-3.04992731290257,176.0,-3.0283588774579164,1.0,0.07615370706510526,-10.166519893191342,-0.8203831170195276,0.1211536248763013,5622234.0,5622305.0,71.0,438.2914238895589,10.285856985090264,10.38533600566585,-3.04992731290257,-3.0283588774579164,-10.363146772928411,0.6502357935704143,0.6833333333333333
48,39480.92909,3.4996143,1,49,2,1,2,2,5,1,-29.18269231,n/a,n/a,5623864.0,5627365.0,0.0,0.0,0.0,5626174.0,5624374.0,5626366.0,5624374.0,5625564.0,5626372.0,5627365.0,3501.0,510.0,1190.0,993.0,1992.0,-5626372.0,0.0,0.0,0.0,1.0,0.0,0.0,0.0,-0.3011532961210934,-11.14613348861972,-0.7199986849791604,0.9103829526419196,5626148.0,5626203.0,55.0,426.3641110521252,10.966847298106213,10.955213299239887,-2.9923749548331977,584.0,-2.97685953897915,1.0,-11.11151816722649,-11.108056635087168,0.9138444847812434,0.9242290811992143,5626205.0,5626231.0,26.0,90.09224363452162,0.010946325754138135,0.5960472891339335,-1.2490457723982544,-0.19283978271264843,-10.763016253231605,1.3662257685131216,0.8875
49,39484.43695,3.6327789,1,50,2,1,2,1,1,1,-29.18269231,n/a,n/a,5627372.0,5631007.0,0.0,0.0,0.0,5628832.0,5628015.0,5630007.0,5628015.0,5628405.0,5630013.0,5631007.0,3635.0,643.0,390.0,994.0,1992.0,-5630013.0,0.0,0.0,0.0,1.0,0.0,0.0,0.0,-0.02769225711458158,-9.263060004828066,-0.6646141707499973,-0.4430761138333289,5628810.0,5628862.0,52.0,415.43072898858065,9.238024493698253,10.472590752334655,-3.117609247099801,405.0,3.076431638966569,1.0,-9.242290811992127,-10.014212479061133,-0.4361530495546855,-0.48115296736588153,5628864.0,5628891.0,27.0,95.40343738512459,0.7732322113657736,0.9560849523381374,3.083362593181043,2.9669204545815555,-9.800065259848402,-0.3579949874713517,0.3958333333333333
50,39488.07806,3.5078507,1,51,2,2,2,1,5,2,-29.18269231,n/a,n/a,5631013.0,5634523.0,0.0,0.0,0.0,5631946.0,5631530.0,5633522.0,5631530.0,5632723.0,5633529.0,5634523.0,3510.0,517.0,1193.0,994.0,1992.0,-5633529.0,0.0,0.0,0.0,0.0,0.0,1.0,0.0,0.1107690284583342,10.95574922095696,-0.34961474607161314,-0.8688445669700473,5631931.0,5632006.0,75.0,470.37864586303755,10.85740277334307,11.336906709557285,0.047840901672922216,-792.0,0.06110462516666599,0.0,0.0,0.0,0.0,0.0,0.0,0.0,0.0,0.0,0.0,0.0,0.0,0.0,0.0,0.0,0.0
51,39491.5942,3.5078207,1,52,2,2,1,1,1,2,-29.18269231,n/a,n/a,5634529.0,5638038.0,0.0,0.0,0.0,5635889.0,5635046.0,5637039.0,5635046.0,5635439.0,5637045.0,5638038.0,3509.0,517.0,393.0,993.0,1993.0,-5637045.0,0.0,0.0,0.0,1.0,0.0,0.0,0.0,0.024230724975261835,9.692289990104104,-0.2976917639817697,0.5746143351276013,5635864.0,5635906.0,42.0,463.8040448634585,9.707331656257915,9.634399144917904,-0.08998192120292335,425.0,-0.11775943084420212,1.0,9.636905475874942,9.263060004828063,0.5676912708489539,0.373845471046871,5635908.0,5635935.0,27.0,121.64849241648648,0.4211135598899327,0.8136367926287701,2.663240222211141,2.8480983721188244,9.824547064764921,0.31415886655649355,0.4083333333333333
52,39495.1104,3.507784,1,53,2,1,1,2,5,2,-29.18269231,n/a,n/a,5638045.0,5641554.0,0.0,0.0,0.0,5638912.0,5638562.0,5640555.0,5638562.0,5639755.0,5640562.0,5641554.0,3509.0,517.0,1193.0,992.0,1993.0,-5640562.0,0.0,0.0,0.0,0.0,0.0,1.0,0.0,-0.08999983562239604,-10.831134063941336,-0.6334603814960881,0.9761520632890558,5638900.0,5638990.0,90.0,416.6934885223081,10.861068857767725,11.152852963100893,-2.9928445387742393,-855.0,-2.982005710847204,0.0,0.0,0.0,0.0,0.0,0.0,0.0,0.0,0.0,0.0,0.0,0.0,0.0,0.0,0.0,0.0
53,39498.6265,3.5078437,1,54,2,1,1,1,3,1,-29.18269231,n/a,n/a,5641561.0,5645071.0,0.0,0.0,0.0,5643121.0,5642078.0,5644071.0,5642078.0,5642871.0,5644078.0,5645071.0,3510.0,517.0,793.0,993.0,1993.0,-5644078.0,0.0,0.0,0.0,1.0,0.0,0.0,0.0,0.11423056059765394,-9.12459871925515,-0.837690777716142,-0.8619215026913999,5643100.0,5643171.0,71.0,388.2119397132953,9.238861054821548,9.512533429181664,3.138969954470258,229.0,3.069844443195128,1.0,-1.031536577518221,-0.9034598883632762,-0.15230741413020657,-0.11769209273697762,5643642.0,5643668.0,26.0,44.48289535442493,0.1326719969701552,0.37362104511889627,-0.2639637236257092,0.4097579279243896,-9.971437894264056,-0.05114214106733653,0.5125
54,39502.14268,3.507796,1,55,2,1,1,1,2,2,-29.18269231,n/a,n/a,5645078.0,5648587.0,0.0,0.0,0.0,5646511.0,5645594.0,5647588.0,5645594.0,5646187.0,5647594.0,5648587.0,3509.0,516.0,593.0,993.0,1994.0,-5647594.0,0.0,0.0,0.0,1.0,0.0,0.0,0.0,-0.0034615321393236813,-10.228827471699153,-0.4846144995052052,-0.328845553235675,5646491.0,5646533.0,42.0,436.1385499506524,10.226552330210422,10.166564679684893,-3.126360250219964,304.0,-3.0962930580933135,1.0,-0.0034615321393236813,-10.228827471699153,-0.4846144995052052,-0.328845553235675,5646491.0,5646533.0,42.0,436.1385499506524,10.226552330210422,10.166564679684893,-3.126360250219964,-3.0962930580933135,-10.093846918846667,0.1680384635069623,0.45
55,39505.66719,3.5077997,1,56,2,2,2,1,4,1,-29.18269231,n/a,n/a,5648602.0,5652111.0,0.0,0.0,0.0,5650135.0,5649119.0,5651112.0,5649119.0,5650111.0,5651118.0,5652111.0,3509.0,517.0,992.0,993.0,1993.0,-5651118.0,0.0,0.0,0.0,1.0,0.0,0.0,0.0,-0.03807685353255263,8.916906790895773,-0.7649986027903605,0.22153805691666445,5650114.0,5650184.0,70.0,456.149810595201,9.009161262455274,9.318241351137365,-0.10972375233436765,3.0,-0.17247723804002543,0.0,0.0,0.0,0.0,0.0,0.0,0.0,0.0,0.0,0.0,0.0,0.0,0.0,10.004080300819421,-0.007306020152478333,0.49583333333333335
56,39509.18332,3.5077936,1,57,2,1,2,2,1,1,-29.18269231,n/a,n/a,5652118.0,5655628.0,0.0,0.0,0.0,5653328.0,5652635.0,5654628.0,5652635.0,5653028.0,5654634.0,5655628.0,3510.0,517.0,393.0,994.0,1993.0,-5654634.0,0.0,0.0,0.0,1.0,0.0,0.0,0.0,-0.14192281771223947,-9.996904818364518,-0.1903842676627592,-0.3253840210963513,5653308.0,5653387.0,79.0,422.6693121359837,9.855906613123295,10.149557553410897,3.1278948802169277,280.0,-3.088704861495517,0.0,0.0,0.0,0.0,0.0,0.0,0.0,0.0,0.0,0.0,0.0,0.0,0.0,-9.685816836904632,-0.5625635517406978,0.3375
57,39512.69946,3.507811,1,58,2,1,1,1,1,2,-29.18269231,n/a,n/a,5655634.0,5659144.0,0.0,0.0,0.0,5656884.0,5656151.0,5658144.0,5656151.0,5656544.0,5658151.0,5659144.0,3510.0,517.0,393.0,993.0,1993.0,-5658151.0,0.0,0.0,0.0,1.0,0.0,0.0,0.0,-0.12807668915494866,-10.6442113284179,-0.4049992603007802,0.1488458819908829,5656864.0,5656934.0,70.0,427.8793827066913,10.530709007125123,10.856553521697625,-3.0889750389226474,320.0,-3.049316232955048,1.0,-10.63036519986061,-10.39498101438665,0.14538434985156315,0.020769192835938154,5656936.0,5656956.0,20.0,36.21306038233459,0.2663356005667813,0.23538418547395756,0.4868992318112675,0.4899573262537342,-10.273380154901162,0.4895033502159303,0.35833333333333334
58,39516.21563,3.5078047,1,59,2,2,2,1,4,1,-29.18269231,n/a,n/a,5659151.0,5662660.0,0.0,0.0,0.0,5660843.0,5659667.0,5661660.0,5659667.0,5660660.0,5661667.0,5662660.0,3509.0,516.0,993.0,993.0,1993.0,-5661667.0,0.0,0.0,0.0,1.0,0.0,0.0,0.0,0.031153789253905263,8.951522112289002,-0.6784602993072881,0.4292299852760381,5660827.0,5660894.0,67.0,493.1927506521128,8.988879172909616,9.581679155359955,-0.12354299625369054,167.0,-0.13990451649619481,0.0,0.0,0.0,0.0,0.0,0.0,0.0,0.0,0.0,0.0,0.0,0.0,0.0,9.840868268042604,0.2849347859465881,0.5791666666666667
59,39519.73176,3.5078228,1,60,2,1,1,1,5,1,-29.18269231,n/a,n/a,5662666.0,5666176.0,0.0,0.0,0.0,5664643.0,5663183.0,5665176.0,5663183.0,5664376.0,5665183.0,5666176.0,3510.0,517.0,1193.0,993.0,1993.0,-5665183.0,0.0,0.0,0.0,1.0,0.0,0.0,0.0,-0.26307644258854074,-10.55074996065618,-0.2976917639817697,-0.7788447313476512,5664621.0,5664711.0,90.0,373.4254531035233,10.298919098252748,10.577516194738067,3.0948568587062257,245.0,3.0859307733818353,1.0,-0.7234602171184842,-0.6749987671679644,0.6784602993072881,0.7511524742330696,5665834.0,5665864.0,30.0,37.712347264612724,0.08736512133996698,0.24817036975240755,-0.9827937232473416,2.0968627457916593,-9.563407812322021,-0.7817441563149927,0.7208333333333333
60,39523.24792,3.5078218,1,61,2,1,2,2,2,1,-29.18269231,n/a,n/a,5666183.0,5669692.0,0.0,0.0,0.0,5667509.0,5666699.0,5668692.0,5666699.0,5667292.0,5668699.0,5669692.0,3509.0,516.0,593.0,993.0,1993.0,-5668699.0,0.0,0.0,0.0,1.0,0.0,0.0,0.0,-0.10384596417968683,-9.332290647614524,-0.418845388858071,-0.35653781035025656,5667485.0,5667564.0,79.0,403.01750869501916,9.228655021700412,9.336711528042528,-3.1348410682575567,193.0,3.0681192034971483,0.0,0.0,0.0,0.0,0.0,0.0,0.0,0.0,0.0,0.0,0.0,0.0,0.0,-9.79190465820956,-0.3726070277763045,0.39166666666666666
61,39526.76417,3.5077266,1,62,2,1,2,2,3,1,-29.18269231,n/a,n/a,5669699.0,5673208.0,0.0,0.0,0.0,5671049.0,5670216.0,5672209.0,5670216.0,5671008.0,5672215.0,5673209.0,3509.0,517.0,792.0,994.0,1993.0,-5672215.0,0.0,0.0,0.0,1.0,0.0,0.0,0.0,0.0,-8.92382985517442,-0.3634608746289039,-0.578075867266925,5671033.0,5671090.0,57.0,378.12166560903233,8.926410189945752,9.802405070304644,3.1175476377473466,25.0,3.083293035221984,1.0,0.0,-8.92382985517442,-0.3634608746289039,-0.578075867266925,5671033.0,5671090.0,57.0,378.12166560903233,8.926410189945752,9.802405070304644,3.1175476377473466,3.083293035221984,-9.824547064764921,-0.31415886655649355,0.4083333333333333
62,39530.28859,3.5078864,1,63,2,2,1,2,1,1,-29.18269231,n/a,n/a,5673223.0,5676732.0,0.0,0.0,0.0,5674467.0,5673740.0,5675733.0,5673740.0,5674133.0,5675740.0,5676733.0,3509.0,517.0,393.0,993.0,1993.0,-5675740.0,0.0,0.0,0.0,1.0,0.0,0.0,0.0,-0.1488458819908829,9.52267491527728,-0.3530762782109368,0.4949990959231723,5674448.0,5674525.0,77.0,496.7925086918326,9.708632569636329,10.131550370569023,-0.0874641848544194,315.0,-0.15677949687357548,1.0,-0.1488458819908829,9.52267491527728,-0.3530762782109368,0.4949990959231723,5674448.0,5674525.0,77.0,496.7925086918326,9.708632569636329,10.131550370569023,-0.0874641848544194,-0.15677949687357548,9.718459243459998,0.5041153905208829,0.3541666666666667
63,39533.80472,3.5078285,1,64,2,2,1,2,3,1,-29.18269231,n/a,n/a,5676739.0,5680249.0,0.0,0.0,0.0,5677599.0,5677256.0,5679249.0,5677256.0,5678049.0,5679256.0,5680249.0,3510.0,517.0,793.0,993.0,1993.0,-5679256.0,0.0,0.0,0.0,0.0,0.0,1.0,0.0,-0.0034615321393236813,6.428065182722617,-0.65769110647135,0.2284611211953118,5677579.0,5677627.0,48.0,370.2441751941252,6.4922878598057725,6.827914042825191,-0.136920470745124,-470.0,-0.15781425317362896,0.0,0.0,0.0,0.0,0.0,0.0,0.0,0.0,0.0,0.0,0.0,0.0,0.0,0.0,0.0,0.0
64,39537.32087,3.5078024,1,65,2,2,1,1,1,2,-29.18269231,n/a,n/a,5680256.0,5683765.0,0.0,0.0,0.0,5681489.0,5680772.0,5682765.0,5680772.0,5681165.0,5682772.0,5683765.0,3509.0,516.0,393.0,993.0,1993.0,-5682772.0,0.0,0.0,0.0,1.0,0.0,0.0,0.0,1.8415350981197813,7.961523920442657,-0.3911531317434855,0.4949990959231723,5681514.0,5681581.0,67.0,366.2123596493372,6.183811846745947,6.535923604129668,-0.1437969889868414,349.0,-0.18482740477154047,1.0,1.8415350981197813,7.961523920442657,-0.3911531317434855,0.4949990959231723,5681514.0,5681581.0,67.0,366.2123596493372,6.183811846745947,6.535923604129668,-0.1437969889868414,-0.18482740477154047,9.751101650015354,0.44566722930107205,0.37083333333333335
65,39540.83702,3.5078202,1,66,2,2,1,2,5,1,-29.18269231,n/a,n/a,5683772.0,5687281.0,0.0,0.0,0.0,5685715.0,5684289.0,5686281.0,5684289.0,5685481.0,5686288.0,5687281.0,3509.0,517.0,1192.0,993.0,1992.0,-5686288.0,0.0,0.0,0.0,1.0,0.0,0.0,0.0,-0.13153822129426843,8.795753166019471,-0.38423006746484206,-0.6403834457747355,5685696.0,5685776.0,80.0,479.2558994991254,8.930965573062391,9.228196036647509,0.02868542141756461,215.0,0.08186405359091618,0.0,0.0,0.0,0.0,0.0,0.0,0.0,0.0,0.0,0.0,0.0,0.0,0.0,10.403949781122614,-0.7232959950951818,0.7041666666666667
66,39544.35317,3.50782,1,67,2,2,1,1,1,1,-29.18269231,n/a,n/a,5687288.0,5690798.0,0.0,0.0,0.0,5689015.0,5687805.0,5689797.0,5687805.0,5688198.0,5689804.0,5690798.0,3510.0,517.0,393.0,994.0,1992.0,-5689804.0,0.0,0.0,0.0,1.0,0.0,0.0,0.0,-0.20769192835937367,9.124598719255147,-1.007305852542963,-0.7719216670690039,5688997.0,5689050.0,53.0,485.1379109464842,9.33525867056316,10.05046423381664,-0.02521720529928021,799.0,-0.11286321181425556,1.0,9.124598719255147,9.588444025924417,-0.7753831992083275,-0.872306099109371,5689052.0,5689075.0,23.0,58.55403277360035,0.4738633949191874,0.5710688808921024,0.205991336675835,0.2199838695079368,10.191774138512757,-0.343382947166399,0.5958333333333333
67,39547.86933,3.9994015,1,68,2,2,2,2,2,1,-29.18269231,n/a,n/a,5690804.0,5694805.0,0.0,0.0,0.0,5692664.0,5691814.0,5693805.0,5691814.0,5692404.0,5693812.0,5694805.0,4001.0,1010.0,590.0,993.0,1991.0,-5693812.0,0.0,1.0,0.0,0.0,0.0,0.0,0.0,0.0,0.0,0.0,0.0,0.0,0.0,0.0,0.0,0.0,0.0,0.0,0.0,0.0,0.0,0.0,0.0,0.0,0.0,0.0,0.0,0.0,0.0,0.0,0.0,0.0,0.0,0.0,0.0,0.0
68,39551.87706,3.5078148,1,69,2,2,1,1,5,2,-29.18269231,n/a,n/a,5694812.0,5698321.0,0.0,0.0,0.0,5696028.0,5695328.0,5697322.0,5695328.0,5696522.0,5697328.0,5698321.0,3509.0,516.0,1194.0,993.0,1994.0,-5697328.0,0.0,0.0,0.0,0.0,0.0,1.0,0.0,-0.31846095681770786,8.120754398851506,-0.4465376459726526,0.3426916817929658,5696010.0,5696080.0,70.0,429.3869817117457,8.476039095660687,8.595067947092899,-0.09324806451708825,-512.0,-0.1503834943721416,0.0,0.0,0.0,0.0,0.0,0.0,0.0,0.0,0.0,0.0,0.0,0.0,0.0,0.0,0.0,0.0
69,39555.39329,3.5077759,1,70,2,2,1,2,5,2,-29.18269231,n/a,n/a,5698328.0,5701837.0,0.0,0.0,0.0,5700254.0,5698845.0,5700838.0,5698845.0,5700037.0,5700844.0,5701837.0,3509.0,517.0,1192.0,993.0,1993.0,-5700844.0,0.0,0.0,0.0,1.0,0.0,0.0,0.0,0.0692306427864579,8.428830759251248,-0.8584599705520762,-1.2599976987135328,5700234.0,5700301.0,67.0,471.1846171635345,8.369238116718583,8.698031308360891,0.04799623697109228,197.0,0.10085662959832195,0.0,0.0,0.0,0.0,0.0,0.0,0.0,0.0,0.0,0.0,0.0,0.0,0.0,10.387628577844932,-0.6940719144852764,0.6958333333333333
70,39558.90938,3.5078452,1,71,2,1,1,1,1,1,-29.18269231,n/a,n/a,5701844.0,5705354.0,0.0,0.0,0.0,5703127.0,5702361.0,5704353.0,5702361.0,5702754.0,5704360.0,5705354.0,3510.0,517.0,393.0,994.0,1992.0,-5704360.0,0.0,0.0,0.0,1.0,0.0,0.0,0.0,-0.12807668915494866,-9.134983315673118,-1.0003827882643157,-0.35653781035025656,5703114.0,5703193.0,79.0,414.56975916021815,9.029889441981119,9.373195633313868,-3.0702305648902075,360.0,-3.020535709473545,0.0,0.0,0.0,0.0,0.0,0.0,0.0,0.0,0.0,0.0,0.0,0.0,0.0,-10.2407377483458,0.43105518899611933,0.375
71,39562.42555,3.5078051,1,72,2,2,2,1,2,1,-29.18269231,n/a,n/a,5705360.0,5708870.0,0.0,0.0,0.0,5706286.0,5705877.0,5707869.0,5705877.0,5706470.0,5707876.0,5708870.0,3510.0,517.0,593.0,994.0,1992.0,-5707876.0,0.0,0.0,0.0,0.0,0.0,1.0,0.0,0.020769192835938154,9.764982165029881,-0.6611526386106736,-0.9830751275677012,5706269.0,5706342.0,73.0,465.22242176765207,9.749529246910798,10.038586438827176,0.033025288377078306,-201.0,0.0911593876587036,0.0,0.0,0.0,0.0,0.0,0.0,0.0,0.0,0.0,0.0,0.0,0.0,0.0,0.0,0.0,0.0
72,39565.94171,3.5078134,1,73,2,1,2,1,2,1,-29.18269231,n/a,n/a,5708876.0,5712385.0,0.0,0.0,0.0,5710386.0,5709393.0,5711386.0,5709393.0,5709986.0,5711393.0,5712385.0,3509.0,517.0,593.0,992.0,1993.0,-5711393.0,0.0,0.0,0.0,1.0,0.0,0.0,0.0,-0.048461449950519736,-9.681905393686137,-1.031536577518221,-0.38769159960416577,5710371.0,5710451.0,80.0,419.1270006018102,9.654935451502594,10.109231416276602,-3.07485754888876,385.0,3.06550357118496,0.0,0.0,0.0,0.0,0.0,0.0,0.0,0.0,0.0,0.0,0.0,0.0,0.0,-9.979598495902897,-0.0365301007623838,0.4875
73,39569.45786,3.5078193,1,74,2,1,2,1,3,1,-29.18269231,n/a,n/a,5712392.0,5715902.0,0.0,0.0,0.0,5713942.0,5712909.0,5714902.0,5712909.0,5713703.0,5714909.0,5715902.0,3510.0,517.0,794.0,993.0,1993.0,-5714909.0,0.0,0.0,0.0,1.0,0.0,0.0,0.0,0.2284611211953118,-9.218060087016866,-0.6819218314466118,-0.418845388858071,5713922.0,5714006.0,84.0,429.39899635789914,9.450183709952285,9.80876607407898,-3.1137508209021068,219.0,-3.073076089734859,1.0,0.2284611211953118,-9.218060087016866,-0.6819218314466118,-0.418845388858071,5713922.0,5714006.0,84.0,429.39899635789914,9.450183709952285,9.80876607407898,-3.1137508209021068,-3.073076089734859,-10.0204015040971,0.0365301007623838,0.5083333333333333
74,39572.97401,3.5078203,1,75,2,2,1,2,4,1,-29.18269231,n/a,n/a,5715909.0,5719418.0,0.0,0.0,0.0,5717285.0,5716425.0,5718418.0,5716425.0,5717418.0,5718425.0,5719418.0,3509.0,516.0,993.0,993.0,1993.0,-5718425.0,0.0,0.0,0.0,0.0,0.0,1.0,0.0,-0.39807619602213284,9.384213629704364,-0.33923014965364207,0.3946146638828092,5717262.0,5717305.0,43.0,479.084676823859,9.809776880483394,9.737255452504213,-0.07487744157402533,-156.0,-0.12223850227076387,0.0,0.0,0.0,0.0,0.0,0.0,0.0,0.0,0.0,0.0,0.0,0.0,0.0,0.0,0.0,0.0
75,39576.49016,3.5078046,1,76,2,2,1,2,5,2,-29.18269231,n/a,n/a,5719425.0,5722934.0,0.0,0.0,0.0,5721791.0,5719941.0,5721935.0,5719942.0,5721134.0,5721941.0,5722934.0,3509.0,517.0,1192.0,993.0,1994.0,-5721941.0,0.0,0.0,0.0,1.0,0.0,0.0,0.0,0.26653797472786445,9.612674750899679,-0.747690942093746,-1.8069197767265524,5721765.0,5721827.0,62.0,500.7354145674415,9.405968231023794,10.794348269136455,0.1128518043368827,631.0,0.13736193830379798,0.0,0.0,0.0,0.0,0.0,0.0,0.0,0.0,0.0,0.0,0.0,0.0,0.0,10.811979863064652,-1.453898010342838,0.9125
76,39580.00632,3.674544,1,77,2,2,1,2,4,1,-29.18269231,n/a,n/a,5722941.0,5726617.0,0.0,0.0,0.0,5724700.0,5723624.0,5725617.0,5723624.0,5724617.0,5725624.0,5726618.0,3676.0,683.0,993.0,994.0,1993.0,-5725624.0,0.0,0.0,0.0,1.0,0.0,0.0,0.0,0.1765381391054684,8.88921453378119,-0.882690695527338,-0.7719216670690039,5724682.0,5724758.0,76.0,508.6335769786237,8.71338049989814,9.13100280140105,-0.01271286295907431,65.0,-0.12275627488563988,1.0,-0.7649986027903605,-0.7892293277656184,-0.9138444847812434,-0.6542295743320262,5725816.0,5725839.0,23.0,30.08857153114703,0.26074322572289693,0.2729566799791346,-1.6638600555193055,1.3535028958718822,10.061204512291306,-0.10959030228714745,0.5291666666666667
77,39583.68922,3.507697,1,78,2,2,2,2,3,1,-29.18269231,n/a,n/a,5726624.0,5730133.0,0.0,0.0,0.0,5728184.0,5727140.0,5729133.0,5727140.0,5727934.0,5729140.0,5730133.0,3509.0,516.0,794.0,993.0,1993.0,-5729140.0,0.0,0.0,0.0,1.0,0.0,0.0,0.0,-0.048461449950519736,8.788830101740832,-1.1042287524440024,-0.3011532961210934,5728165.0,5728206.0,41.0,497.1933275903005,8.873705661004514,8.897859442650446,-0.09062457023095552,231.0,-0.12324517064418974,0.0,0.0,0.0,0.0,0.0,0.0,0.0,0.0,0.0,0.0,0.0,0.0,0.0,9.971437894264056,0.05114214106733653,0.5125
78,39587.20523,3.5078544,1,79,2,1,1,2,2,2,-29.18269231,n/a,n/a,5730140.0,5733649.0,0.0,0.0,0.0,5731523.0,5730656.0,5732649.0,5730656.0,5731249.0,5732656.0,5733649.0,3509.0,516.0,593.0,993.0,1993.0,-5732656.0,0.0,0.0,0.0,1.0,0.0,0.0,0.0,0.017307660696614473,-10.374211821550716,-0.7615370706510368,-0.26307644258854074,5731503.0,5731576.0,73.0,446.816702572133,10.403467698207857,10.764210119779136,-3.0936613719329316,254.0,-3.0627243293326165,1.0,0.017307660696614473,-10.374211821550716,-0.7615370706510368,-0.26307644258854074,5731503.0,5731576.0,73.0,446.816702572133,10.403467698207857,10.764210119779136,-3.0936613719329316,-3.0627243293326165,-10.14281052867971,0.25571070533667867,0.425
79,39590.72143,3.5077986,1,80,2,1,2,1,1,1,-29.18269231,n/a,n/a,5733656.0,5737165.0,0.0,0.0,0.0,5734832.0,5734173.0,5736166.0,5734173.0,5734566.0,5736172.0,5737165.0,3509.0,517.0,393.0,993.0,1993.0,-5736172.0,0.0,0.0,0.0,1.0,0.0,0.0,0.0,0.0,-9.034598883632754,-0.6438449779140591,-0.9623059347317631,5734819.0,5734887.0,68.0,401.0853023551055,9.040209863114654,9.353926464435993,3.1063581994896126,253.0,3.063430021582391,1.0,0.0,-9.034598883632754,-0.6438449779140591,-0.9623059347317631,5734819.0,5734887.0,68.0,401.0853023551055,9.040209863114654,9.353926464435993,3.1063581994896126,3.063430021582391,-9.66133503198811,-0.606399672655556,0.325
80,39594.23756,3.5078165,1,81,2,1,2,1,1,1,-29.18269231,n/a,n/a,5737172.0,5740682.0,0.0,0.0,0.0,5738589.0,5737689.0,5739682.0,5737689.0,5738082.0,5739688.0,5740682.0,3510.0,517.0,393.0,994.0,1993.0,-5739688.0,0.0,0.0,0.0,1.0,0.0,0.0,0.0,0.048461449950519736,-9.591905558063742,-0.8861522276666618,-0.5538451422916632,5738571.0,5738641.0,70.0,442.332176341865,9.646092682957192,10.058596544532287,-3.10713591949151,489.0,3.0730558081708885,1.0,0.048461449950519736,-9.591905558063742,-0.8861522276666618,-0.5538451422916632,5738571.0,5738641.0,70.0,442.332176341865,9.646092682957192,10.058596544532287,-3.10713591949151,3.0730558081708885,-9.889831877875647,-0.19726254411686778,0.44166666666666665
81,39597.75373,3.5078203,1,82,2,2,2,1,3,1,-29.18269231,n/a,n/a,5740688.0,5744198.0,0.0,0.0,0.0,5741805.0,5741205.0,5743197.0,5741205.0,5741998.0,5743205.0,5744198.0,3510.0,517.0,793.0,993.0,1992.0,-5743205.0,0.0,0.0,0.0,0.0,0.0,1.0,0.0,-0.2284611211953118,8.903060662338486,-1.0869210917473882,-0.6784602993072881,5741791.0,5741841.0,50.0,453.9672525958719,9.140652619048218,9.431642914976218,-0.04470105923556088,-207.0,-0.05875582271572267,0.0,0.0,0.0,0.0,0.0,0.0,0.0,0.0,0.0,0.0,0.0,0.0,0.0,0.0,0.0,0.0
82,39601.27001,3.5077254,1,83,2,1,2,1,1,2,-29.18269231,n/a,n/a,5744205.0,5747714.0,0.0,0.0,0.0,5745730.0,5744721.0,5746714.0,5744721.0,5745114.0,5746721.0,5747714.0,3509.0,516.0,393.0,993.0,1993.0,-5746721.0,0.0,0.0,0.0,1.0,0.0,0.0,0.0,0.30461482826041314,-8.321523262932237,-1.2392285058775947,-0.23538418547395523,5745714.0,5745794.0,80.0,440.9439593354471,8.684351546772586,8.85835833119354,-3.025741359925004,600.0,-3.016219823023835,0.0,0.0,0.0,0.0,0.0,0.0,0.0,0.0,0.0,0.0,0.0,0.0,0.0,-9.995919699180579,-0.007306020152478333,0.49583333333333335
83,39604.78605,3.5078114,1,84,2,2,1,2,1,2,-29.18269231,n/a,n/a,5747720.0,5751230.0,0.0,0.0,0.0,5749064.0,5748237.0,5750230.0,5748237.0,5748631.0,5750237.0,5751230.0,3510.0,517.0,394.0,993.0,1993.0,-5750237.0,0.0,0.0,0.0,1.0,0.0,0.0,0.0,-0.07615370706510526,9.508828786719992,-0.5192298208984342,0.578075867266925,5749045.0,5749086.0,41.0,494.0760341592127,9.647588775411545,9.66347316553872,-0.11398552333044955,414.0,-0.13835097017712522,1.0,-1.0661518989114498,-1.699612280407542,-0.9761520632890578,-0.40153772816145655,5749812.0,5749841.0,29.0,65.11811672622726,0.855250658613783,0.8784997585905039,-2.4048666210812795,2.4594672302111897,9.816386463126085,0.3287709068614463,0.4041666666666667
84,39608.30228,3.507732,1,85,2,2,1,1,5,1,-29.18269231,n/a,n/a,5751237.0,5754746.0,0.0,0.0,0.0,5753130.0,5751753.0,5753746.0,5751753.0,5752947.0,5753753.0,5754746.0,3509.0,516.0,1194.0,993.0,1993.0,-5753753.0,0.0,0.0,0.0,1.0,0.0,0.0,0.0,0.14538434985156315,8.913445258756454,-1.0280750453789012,-0.9311521454778579,5753114.0,5753194.0,80.0,501.2907960903864,8.768596589579845,9.125183063898586,-0.011053635853651603,167.0,0.06263177229840977,0.0,0.0,0.0,0.0,0.0,0.0,0.0,0.0,0.0,0.0,0.0,0.0,0.0,10.354986171289568,-0.6356237532654615,0.6791666666666667
85,39611.81834,3.507822,1,86,2,1,1,1,2,2,-29.18269231,n/a,n/a,5754753.0,5758262.0,0.0,0.0,0.0,5756346.0,5755269.0,5757263.0,5755269.0,5755863.0,5757269.0,5758262.0,3509.0,516.0,594.0,993.0,1994.0,-5757269.0,0.0,0.0,0.0,1.0,0.0,0.0,0.0,-0.08307677134374868,-9.207675490598898,-0.6369219136354117,-0.5607682065703105,5756327.0,5756402.0,75.0,411.9481802171879,9.12491650233209,9.287776466952073,-3.1332468686067267,464.0,3.0860321277119587,1.0,0.3011532961210934,0.3773070031861947,0.20769192835937367,0.33576861751432235,5757855.0,5757876.0,21.0,30.04982967736786,0.14900679650489304,0.15971885898691596,-1.0343608691901844,-1.0489620469804948,-9.938795487708695,-0.10959030228714745,0.5291666666666667
86,39615.33449,3.5077949,1,87,2,2,2,1,4,1,-29.18269231,n/a,n/a,5758269.0,5761778.0,0.0,0.0,0.0,5759819.0,5758786.0,5760779.0,5758786.0,5759778.0,5760785.0,5761779.0,3509.0,517.0,992.0,994.0,1993.0,-5760785.0,0.0,0.0,0.0,1.0,0.0,0.0,0.0,-0.05884604636849078,8.318061730792914,-0.46384530666926704,0.18346120338411182,5759800.0,5759853.0,53.0,447.3556936037193,8.4018801244141,9.184616366674984,-0.0771194755449701,22.0,-0.1110317997554527,0.0,0.0,0.0,0.0,0.0,0.0,0.0,0.0,0.0,0.0,0.0,0.0,0.0,9.979598495902893,0.0365301007623838,0.5083333333333333
87,39618.85077,3.5077022,1,88,2,2,2,2,3,2,-29.18269231,n/a,n/a,5761785.0,5765295.0,0.0,0.0,0.0,5763629.0,5762302.0,5764294.0,5762302.0,5763095.0,5764301.0,5765295.0,3510.0,517.0,793.0,994.0,1992.0,-5764301.0,0.0,0.0,0.0,1.0,0.0,0.0,0.0,-0.06576911064713421,8.951522112289002,-0.27346103900650787,1.0038443204036394,5763611.0,5763672.0,61.0,444.42621786388986,9.10730750443944,9.259340309963974,-0.1407145137664384,516.0,-0.14972178652146387,0.0,0.0,0.0,0.0,0.0,0.0,0.0,0.0,0.0,0.0,0.0,0.0,0.0,9.69397743854347,0.5479515114357452,0.6541666666666667
88,39622.3668,3.6494676,1,89,2,1,2,1,4,2,-29.18269231,n/a,n/a,5765301.0,5768952.0,0.0,0.0,0.0,5767178.0,5765961.0,5767952.0,5765962.0,5766951.0,5767960.0,5768952.0,3651.0,661.0,989.0,992.0,1991.0,-5767960.0,0.0,0.0,0.0,1.0,0.0,0.0,0.0,-0.3461532139322894,-9.84459740423431,-0.6369219136354117,0.4569222423906236,5767157.0,5767228.0,71.0,386.6501098616835,9.56122048035472,9.772599227757484,-3.0269373727971782,206.0,-2.9976418023441984,0.0,0.0,0.0,0.0,0.0,0.0,0.0,0.0,0.0,0.0,0.0,0.0,0.0,-10.199934740151596,0.3579949874713517,0.6
89,39626.02462,3.5078361,1,90,2,1,2,2,1,2,-29.18269231,n/a,n/a,5768959.0,5772468.0,0.0,0.0,0.0,5770518.0,5769476.0,5771469.0,5769476.0,5769869.0,5771475.0,5772468.0,3509.0,517.0,393.0,993.0,1993.0,-5771475.0,0.0,0.0,0.0,1.0,0.0,0.0,0.0,0.044999917811196055,-8.7992146981588,-0.7788447313476512,-0.05884604636849078,5770505.0,5770559.0,54.0,370.84554832724274,8.873473405589776,9.944557720265298,-3.0603627838936434,636.0,-3.0299744486640523,1.0,-9.408444354679625,-9.373829033286396,-0.0034615321393236813,0.017307660696614473,5770591.0,5770616.0,25.0,36.92751641435287,0.04036805477370588,0.18395039064492444,-0.5404195002706009,1.2252407462131925,-10.028562105735942,0.05114214106733653,0.5125
90,39629.54076,3.5078105,1,91,2,1,1,2,1,2,-29.18269231,n/a,n/a,5772475.0,5775984.0,0.0,0.0,0.0,5773758.0,5772992.0,5774985.0,5772992.0,5773385.0,5774991.0,5775985.0,3509.0,517.0,393.0,994.0,1993.0,-5774991.0,0.0,0.0,0.0,1.0,0.0,0.0,0.0,-0.09346136776171972,-9.304598390499939,-0.6715372350286407,0.062307578507810525,5773741.0,5773820.0,79.0,405.97031660895163,9.240323233632742,9.428555274299896,-3.062091276209393,356.0,-3.014960795946574,1.0,-9.848058936373635,-33.26532385889301,-0.3703839389075513,18.726888873736858,5774728.0,5774782.0,54.0,16380.886565488754,30.217116429798924,49.27588997065205,-2.4574590403517638,-2.4753432842798135,-10.2407377483458,0.43105518899611933,0.375
91,39633.0569,3.5078408,1,92,2,2,2,2,5,1,-29.18269231,n/a,n/a,5775991.0,5779501.0,0.0,0.0,0.0,5776918.0,5776508.0,5778501.0,5776508.0,5777701.0,5778508.0,5779501.0,3510.0,517.0,1193.0,993.0,1993.0,-5778508.0,0.0,0.0,0.0,0.0,0.0,1.0,0.0,-0.14538434985156315,8.909983726617133,-0.3703839389075513,-0.792690859904942,5776900.0,5776954.0,54.0,484.01110298217526,9.065210098825656,9.611931184539117,0.046602319690853156,-801.0,0.06992192659457104,0.0,0.0,0.0,0.0,0.0,0.0,0.0,0.0,0.0,0.0,0.0,0.0,0.0,0.0,0.0,0.0
92,39636.57305,3.50784,1,93,2,2,1,2,3,2,-29.18269231,n/a,n/a,5779507.0,5783017.0,0.0,0.0,0.0,5781017.0,5780024.0,5782017.0,5780024.0,5780817.0,5782024.0,5783017.0,3510.0,517.0,793.0,993.0,1993.0,-5782024.0,0.0,0.0,0.0,1.0,0.0,0.0,0.0,0.11423056059765394,8.193446573777292,-0.6784602993072881,-0.4257684531367144,5781001.0,5781044.0,43.0,440.4738252080692,8.083166740624579,8.152965687400972,-0.03126658534636816,184.0,-0.10634366953318983,1.0,0.11423056059765394,8.193446573777292,-0.6784602993072881,-0.4257684531367144,5781001.0,5781044.0,43.0,440.4738252080692,8.083166740624579,8.152965687400972,-0.03126658534636816,-0.10634366953318983,9.979598495902893,0.0365301007623838,0.4875
93,39640.08921,3.6411328,1,94,2,2,2,1,5,1,-29.18269231,n/a,n/a,5783023.0,5786666.0,0.0,0.0,0.0,5784966.0,5783674.0,5785667.0,5783674.0,5784866.0,5785673.0,5786666.0,3643.0,651.0,1192.0,993.0,1993.0,-5785673.0,0.0,0.0,0.0,1.0,0.0,0.0,0.0,-0.1384612855729158,8.539599787709582,-0.7511524742330696,0.2319226533346355,5784950.0,5785017.0,67.0,447.3333726186905,8.733566321844886,8.94645353503973,-0.11280191959692885,84.0,-0.13505721598934023,0.0,0.0,0.0,0.0,0.0,0.0,0.0,0.0,0.0,0.0,0.0,0.0,0.0,9.726619845098835,0.4895033502159303,0.6375
94,39643.73868,3.5078637,1,95,2,2,1,2,5,1,-29.18269231,n/a,n/a,5786673.0,5790183.0,0.0,0.0,0.0,5788606.0,5787190.0,5789183.0,5787190.0,5788383.0,5789189.0,5790183.0,3510.0,517.0,1193.0,994.0,1993.0,-5789189.0,0.0,0.0,0.0,1.0,0.0,0.0,0.0,-0.2976917639817697,9.934597239856707,-0.1765381391054684,-0.006923064278647363,5788586.0,5788633.0,47.0,408.6322848094426,10.233694715579624,10.229677298179151,-0.01657493663235732,203.0,-0.05959038119939261,0.0,0.0,0.0,0.0,0.0,0.0,0.0,0.0,0.0,0.0,0.0,0.0,0.0,10.395789179483778,-0.708683954790229,0.7
95,39647.2633,3.5076828,1,96,2,2,2,1,5,2,-29.18269231,n/a,n/a,5790198.0,5793707.0,0.0,0.0,0.0,5792164.0,5790714.0,5792707.0,5790714.0,5791907.0,5792714.0,5793707.0,3509.0,516.0,1193.0,993.0,1993.0,-5792714.0,0.0,0.0,0.0,1.0,0.0,0.0,0.0,-0.15230741413020657,8.643445751889269,-0.1384612855729158,1.2876899558281163,5792139.0,5792210.0,71.0,429.0725435373291,8.910621814491474,8.997598117328694,-0.16074201287448772,232.0,-0.1763436556318007,0.0,0.0,0.0,0.0,0.0,0.0,0.0,0.0,0.0,0.0,0.0,0.0,0.0,9.5797290155997,0.7525200757050873,0.7125
96,39650.77931,3.5079182,1,97,2,1,2,2,3,2,-29.18269231,n/a,n/a,5793714.0,5797223.0,0.0,0.0,0.0,5795323.0,5794230.0,5796223.0,5794230.0,5795023.0,5796230.0,5797223.0,3509.0,516.0,793.0,993.0,1993.0,-5796230.0,0.0,0.0,0.0,1.0,0.0,0.0,0.0,-0.010384596417967108,-8.62267655905333,-0.31846095681770786,0.2699995068671842,5795305.0,5795355.0,50.0,392.32606465716634,8.63237270783612,8.963738232265953,-3.073370716981817,282.0,-3.0604076760206937,1.0,-9.107291058558536,-9.87921272562754,0.7511524742330696,0.6646141707499973,5795543.0,5795577.0,34.0,124.66856427690188,0.7767573225018986,1.1866544157436736,3.029951180765225,2.941908768214693,-10.077525715568985,0.13881438289705686,0.5375
97,39654.29551,3.5078262,1,98,2,2,2,1,3,2,-29.18269231,n/a,n/a,5797230.0,5800740.0,0.0,0.0,0.0,5798840.0,5797746.0,5799739.0,5797746.0,5798540.0,5799746.0,5800740.0,3510.0,516.0,794.0,994.0,1993.0,-5799746.0,0.0,0.0,0.0,1.0,0.0,0.0,0.0,-0.1488458819908829,8.885753001641872,-0.4292299852760381,0.328845553235675,5798820.0,5798886.0,66.0,441.3185747531477,9.06634741835035,9.230877562757808,-0.08371195378975885,280.0,-0.11198238190226999,0.0,0.0,0.0,0.0,0.0,0.0,0.0,0.0,0.0,0.0,0.0,0.0,0.0,9.922474284431008,0.13881438289705686,0.5375
98,39657.81166,3.5078088,1,99,2,2,2,1,3,1,-29.18269231,n/a,n/a,5800746.0,5804255.0,0.0,0.0,0.0,5802279.0,5801263.0,5803255.0,5801263.0,5802056.0,5803262.0,5804255.0,3509.0,517.0,793.0,993.0,1992.0,-5803262.0,0.0,0.0,0.0,1.0,0.0,0.0,0.0,-0.12461515701562499,8.646907284028588,-0.2284611211953118,0.3253840210963513,5802251.0,5802312.0,61.0,471.6844745220136,8.788990293280698,9.50574352803036,-0.06305756777071905,195.0,-0.09774822583543913,0.0,0.0,0.0,0.0,0.0,0.0,0.0,0.0,0.0,0.0,0.0,0.0,0.0,10.004080300819421,-0.007306020152478333,0.49583333333333335
99,39661.32779,3.5078361,1,100,2,2,2,1,5,1,-29.18269231,n/a,n/a,5804262.0,5807771.0,0.0,0.0,0.0,5806179.0,5804779.0,5806772.0,5804779.0,5805972.0,5806778.0,5807771.0,3509.0,517.0,1193.0,993.0,1993.0,-5806778.0,0.0,0.0,0.0,1.0,0.0,0.0,0.0,-0.02769225711458158,7.352294263921831,-0.48115296736588153,0.36692240676822757,5806162.0,5806200.0,38.0,439.3419355615456,7.428555235770401,7.48337456269949,-0.1144137001853059,190.0,-0.16073805962774038,1.0,7.078833224915319,7.379986521036413,0.4119223245794236,0.46730683880859075,5806214.0,5806236.0,22.0,53.63823726092531,0.30620377558253553,0.3776878970358823,-0.18187574172745558,-0.3072588153311357,9.620532023793903,0.6794598741803236,0.6916666666666667
100,39811.08952,3.724244865,2,1,2,2,1,2,2,1,-29.18269231,n/a,n/a,5954025.0,5957749.0,0.0,0.0,0.0,5955648.0,5954748.0,5956749.0,5954748.0,5955348.0,5956756.0,5957750.0,3724.0,723.0,600.0,994.0,2001.0,-5956756.0,0.0,0.0,0.0,1.0,0.0,0.0,0.0,0.3773070031861947,10.000366350503844,-0.9346136776171815,-0.9692289990104104,5955630.0,5955699.0,69.0,460.12922226233735,9.62312160488855,9.999029096031473,0.0035971067875438805,282.0,-0.062354026373347804,0.0,0.0,0.0,0.0,0.0,0.0,0.0,0.0,0.0,0.0,0.0,0.0,0.0,9.889831877875652,0.19726254411686778,0.44166666666666665
101,39814.8221,3.507818,2,2,2,2,1,2,3,1,-29.18269231,n/a,n/a,5957756.0,5961265.0,0.0,0.0,0.0,5959332.0,5958273.0,5960265.0,5958273.0,5959066.0,5960272.0,5961265.0,3509.0,517.0,793.0,993.0,1992.0,-5960272.0,0.0,0.0,0.0,1.0,0.0,0.0,0.0,0.40153772816145655,10.36728875727207,-0.6507680421927026,-0.35653781035025656,5959317.0,5959389.0,72.0,472.8174287790432,9.970093530331061,10.16181444418877,-0.029515566326651376,251.0,-0.056235424788077325,1.0,0.40153772816145655,10.36728875727207,-0.6507680421927026,-0.35653781035025656,5959317.0,5959389.0,72.0,472.8174287790432,9.970093530331061,10.16181444418877,-0.029515566326651376,-0.056235424788077325,10.044883309013624,-0.08036622167724199,0.5208333333333334
102,39818.3383,3.5077728,2,3,2,2,2,2,1,1,-29.18269231,n/a,n/a,5961272.0,5964781.0,0.0,0.0,0.0,5962938.0,5961789.0,5963782.0,5961789.0,5962181.0,5963789.0,5964781.0,3509.0,517.0,392.0,992.0,1993.0,-5963789.0,0.0,0.0,0.0,1.0,0.0,0.0,0.0,0.294230231842446,9.342675244032495,-0.7061525564218697,0.20423039622005,5962922.0,5962993.0,71.0,487.41205148338685,9.0941274600199,9.493061774135182,-0.10027464416034569,741.0,-0.11915377505428898,0.0,0.0,0.0,0.0,0.0,0.0,0.0,0.0,0.0,0.0,0.0,0.0,0.0,9.865350072959124,0.24109866503172597,0.5666666666666667
103,39821.85444,3.5077914,2,4,2,1,2,2,3,2,-29.18269231,n/a,n/a,5964788.0,5968297.0,0.0,0.0,0.0,5966315.0,5965305.0,5967298.0,5965305.0,5966097.0,5967304.0,5968298.0,3509.0,517.0,792.0,994.0,1993.0,-5967304.0,0.0,0.0,0.0,1.0,0.0,0.0,0.0,0.3426916817929658,-8.979214369403588,-0.4430761138333289,0.5642297387096302,5966294.0,5966371.0,77.0,376.46626563026507,9.376171793856072,9.47373033087541,-3.0339523834711826,197.0,-3.0122524295510904,0.0,0.0,0.0,0.0,0.0,0.0,0.0,0.0,0.0,0.0,0.0,0.0,0.0,-9.995919699180579,-0.007306020152478333,0.49583333333333335
104,39825.37057,3.5161679,2,5,2,1,2,1,3,2,-29.18269231,n/a,n/a,5968304.0,5971823.0,0.0,0.0,0.0,5969846.0,5968829.0,5970822.0,5968830.0,5969623.0,5970829.0,5971824.0,3519.0,526.0,793.0,995.0,1993.0,-5970829.0,0.0,0.0,0.0,1.0,0.0,0.0,0.0,0.079615239204425,-9.955366432692646,-0.7303832813971315,-0.01384612855729079,5969831.0,5969890.0,59.0,342.60862992271785,10.06053093264515,10.984178924391504,-3.0703097028142543,208.0,-3.046909848777776,1.0,0.079615239204425,-9.955366432692646,-0.7303832813971315,-0.01384612855729079,5969831.0,5969890.0,59.0,342.60862992271785,10.06053093264515,10.984178924391504,-3.0703097028142543,-3.046909848777776,-10.004080300819417,0.007306020152478333,0.5
105,39828.9034,3.507993,2,6,2,2,2,1,2,2,-29.18269231,n/a,n/a,5971839.0,5975347.0,0.0,0.0,0.0,5973205.0,5972355.0,5974346.0,5972356.0,5972946.0,5974353.0,5975347.0,3508.0,517.0,590.0,994.0,1991.0,-5974353.0,0.0,0.0,0.0,1.0,0.0,0.0,0.0,0.1349997534335921,10.069596993290302,-0.46384530666926704,-0.2699995068671842,5973189.0,5973258.0,69.0,443.594514548455,9.936488238420527,10.262824018273106,-0.019509719422368465,243.0,-0.06784702152920455,1.0,0.1349997534335921,10.069596993290302,-0.46384530666926704,-0.2699995068671842,5973189.0,5973258.0,69.0,443.594514548455,9.936488238420527,10.262824018273106,-0.019509719422368465,-0.06784702152920455,10.159131731957393,-0.2849347859465881,0.4166666666666667
106,39832.41955,3.5078173,2,7,2,2,1,2,1,2,-29.18269231,n/a,n/a,5975353.0,5978862.0,0.0,0.0,0.0,5976896.0,5975870.0,5977863.0,5975870.0,5976263.0,5977869.0,5978862.0,3509.0,517.0,393.0,993.0,1993.0,-5977869.0,0.0,0.0,0.0,1.0,0.0,0.0,0.0,0.06576911064713421,9.027675819354107,-0.9034598883632762,-0.7373063456757749,5976873.0,5976927.0,54.0,452.3499125472473,8.963446817788046,9.58898760852362,-0.01853785300970236,610.0,0.07189901328757212,0.0,0.0,0.0,0.0,0.0,0.0,0.0,0.0,0.0,0.0,0.0,0.0,0.0,10.004080300819421,-0.007306020152478333,0.5
107,39835.93568,3.5078271,2,8,2,2,1,1,5,2,-29.18269231,n/a,n/a,5978869.0,5982379.0,0.0,0.0,0.0,5980779.0,5979386.0,5981379.0,5979386.0,5980579.0,5981385.0,5982379.0,3510.0,517.0,1193.0,994.0,1993.0,-5981385.0,0.0,0.0,0.0,1.0,0.0,0.0,0.0,0.6680757028893171,8.643445751889269,-0.9761520632890578,-1.4088435807044195,5980763.0,5980815.0,52.0,424.04749855257603,7.9870989331376565,8.359510531819687,0.05420033543381718,184.0,0.08623613259846569,0.0,0.0,0.0,0.0,0.0,0.0,0.0,0.0,0.0,0.0,0.0,0.0,0.0,10.37130737456725,-0.6648478338753709,0.6875
108,39839.45189,3.507781,2,9,2,2,2,2,5,2,-29.18269231,n/a,n/a,5982386.0,5985895.0,0.0,0.0,0.0,5984262.0,5982902.0,5984895.0,5982903.0,5984095.0,5984902.0,5985895.0,3509.0,517.0,1192.0,993.0,1993.0,-5984902.0,0.0,0.0,0.0,1.0,0.0,0.0,0.0,0.28730716756379865,9.335752179753849,-0.46384530666926704,0.5088452244804671,5984248.0,5984298.0,50.0,492.795769672635,9.10057602616534,9.616876409376594,-0.10708685788491783,153.0,-0.13212338903754803,0.0,0.0,0.0,0.0,0.0,0.0,0.0,0.0,0.0,0.0,0.0,0.0,0.0,9.653174430349267,0.6210117129605087,0.675
109,39842.96813,3.5076971,2,10,2,2,1,2,4,1,-29.18269231,n/a,n/a,5985902.0,5989411.0,0.0,0.0,0.0,5987611.0,5986418.0,5988411.0,5986418.0,5987411.0,5988418.0,5989411.0,3509.0,516.0,993.0,993.0,1993.0,-5988418.0,0.0,0.0,0.0,1.0,0.0,0.0,0.0,0.1107690284583342,9.726905311497333,-0.5919219958242157,-0.6023065922421829,5987591.0,5987667.0,76.0,472.9117484423705,9.616141890270852,10.109789664711608,0.0010799131871083382,180.0,0.03321833467199665,0.0,0.0,0.0,0.0,0.0,0.0,0.0,0.0,0.0,0.0,0.0,0.0,0.0,10.175452935235075,-0.31415886655649355,0.5875
110,39846.48414,3.507824,2,11,2,1,2,1,3,1,-29.18269231,n/a,n/a,5989418.0,5992927.0,0.0,0.0,0.0,5990928.0,5989934.0,5991927.0,5989935.0,5990728.0,5991934.0,5992928.0,3509.0,517.0,793.0,994.0,1993.0,-5991934.0,0.0,0.0,0.0,1.0,0.0,0.0,0.0,0.09692289990103947,-9.48459806174473,-0.7165371528398408,0.2007688640807263,5990909.0,5990980.0,71.0,372.92196740203053,9.6253308653332,9.626995723736789,-3.0461465560704326,181.0,-3.0443569122197283,1.0,0.09692289990103947,-9.48459806174473,-0.7165371528398408,0.2007688640807263,5990909.0,5990980.0,71.0,372.92196740203053,9.6253308653332,9.626995723736789,-3.0461465560704326,-3.0443569122197283,-9.979598495902897,-0.0365301007623838,0.4875
111,39850.0003,3.5078326,2,12,2,2,2,2,5,1,-29.18269231,n/a,n/a,5992934.0,5996443.0,0.0,0.0,0.0,5994860.0,5993450.0,5995443.0,5993450.0,5994644.0,5995450.0,5996443.0,3509.0,516.0,1194.0,993.0,1993.0,-5995450.0,0.0,0.0,0.0,1.0,0.0,0.0,0.0,0.23538418547395523,8.913445258756454,-0.46730683880859075,0.34961474607161314,5994844.0,5994882.0,38.0,421.1269961067263,8.71642729949973,8.751899257977197,-0.093859818751679,200.0,-0.14167331593466784,1.0,0.23538418547395523,8.913445258756454,-0.46730683880859075,0.34961474607161314,5994844.0,5994882.0,38.0,421.1269961067263,8.71642729949973,8.751899257977197,-0.093859818751679,-0.14167331593466784,9.612371422155066,0.6940719144852764,0.6958333333333333
112,39853.51644,3.5078328,2,13,2,2,1,2,1,2,-29.18269231,n/a,n/a,5996450.0,5999959.0,0.0,0.0,0.0,5997726.0,5996967.0,5998960.0,5996967.0,5997359.0,5998966.0,5999959.0,3509.0,517.0,392.0,993.0,1993.0,-5998966.0,0.0,0.0,0.0,1.0,0.0,0.0,0.0,0.31846095681770786,8.8303684874127,-0.5399990137343723,-0.24923031403124998,5997708.0,5997761.0,53.0,475.49330768412636,8.516872445101358,9.096249168783398,-0.03414694959948915,349.0,0.08190873243351335,1.0,8.999983562239525,-33.26532385889301,-1.1699978630911367,18.726888873736858,5998350.0,5998403.0,53.0,16753.45084186474,46.71447648450107,51.82271430605626,-2.7016080891852905,-2.5264835124423737,9.751101650015354,0.44566722930107205,0.37083333333333335
113,39857.0326,3.5078403,2,14,2,2,1,1,5,1,-29.18269231,n/a,n/a,5999966.0,6003475.0,0.0,0.0,0.0,6001699.0,6000483.0,6002476.0,6000483.0,6001675.0,6002482.0,6003475.0,3509.0,517.0,1192.0,993.0,1993.0,-6002482.0,0.0,0.0,0.0,1.0,0.0,0.0,0.0,0.2319226533346355,9.823828211398373,-0.46730683880859075,-0.48115296736588153,6001683.0,6001723.0,40.0,460.8783749212141,9.591915551655468,9.592052337895717,0.0014435211915054063,8.0,-0.027429941588766573,0.0,0.0,0.0,0.0,0.0,0.0,0.0,0.0,0.0,0.0,0.0,0.0,0.0,10.199934740151596,-0.3579949874713517,0.6
114,39860.54877,3.5078459,2,15,2,2,2,1,5,2,-29.18269231,n/a,n/a,6003482.0,6006992.0,0.0,0.0,0.0,6005409.0,6003999.0,6005992.0,6003999.0,6005192.0,6005999.0,6006992.0,3510.0,517.0,1193.0,993.0,1993.0,-6005999.0,0.0,0.0,0.0,1.0,0.0,0.0,0.0,0.19384579980208289,8.930752919453068,-0.2561533783098934,1.2980745522460855,6005396.0,6005466.0,70.0,456.87926259222036,8.874072936229924,8.877415522293536,-0.17605057346012906,204.0,-0.1803417639743724,0.0,0.0,0.0,0.0,0.0,0.0,0.0,0.0,0.0,0.0,0.0,0.0,0.0,9.60421082051622,0.708683954790229,0.7
115,39864.06494,3.5078071,2,16,2,2,1,1,5,2,-29.18269231,n/a,n/a,6006998.0,6010508.0,0.0,0.0,0.0,6008975.0,6007515.0,6009507.0,6007515.0,6008708.0,6009515.0,6010508.0,3510.0,517.0,1193.0,993.0,1992.0,-6009515.0,0.0,0.0,0.0,1.0,0.0,0.0,0.0,0.12461515701562499,8.35960011646479,-0.4119223245794236,-1.2392285058775947,6008957.0,6008994.0,37.0,368.7547296281636,8.276437204496155,8.181062273575929,0.10012643264146381,249.0,0.10257366284401385,1.0,8.297292537956979,8.581138173381458,-0.9311521454778579,-1.041921173936192,6009009.0,6009030.0,21.0,40.92488183308921,0.30469348928903855,0.38210360492649054,0.3720677588581234,0.3418051719808872,10.436592187677979,-0.7817441563149927,0.7208333333333333
116,39867.58108,3.5078264,2,17,2,2,2,2,4,2,-29.18269231,n/a,n/a,6010514.0,6014024.0,0.0,0.0,0.0,6012241.0,6011031.0,6013024.0,6011031.0,6012024.0,6013031.0,6014024.0,3510.0,517.0,993.0,993.0,1993.0,-6013031.0,0.0,0.0,0.0,1.0,0.0,0.0,0.0,0.2388457176132789,8.757676312486923,-0.4880760316445289,0.3115378925390605,6012221.0,6012262.0,41.0,454.879509794022,8.556275891525678,8.56660460591223,-0.0935900670791824,197.0,-0.10565949393099447,0.0,0.0,0.0,0.0,0.0,0.0,0.0,0.0,0.0,0.0,0.0,0.0,0.0,9.808225861487239,0.343382947166399,0.5958333333333333
117,39871.09724,3.5078199,2,18,2,2,1,2,2,1,-29.18269231,n/a,n/a,6014031.0,6017540.0,0.0,0.0,0.0,6015774.0,6014547.0,6016540.0,6014547.0,6015141.0,6016547.0,6017540.0,3509.0,516.0,594.0,993.0,1993.0,-6016547.0,0.0,0.0,0.0,1.0,0.0,0.0,0.0,0.3599993424895802,9.560751768809835,-0.3703839389075513,-0.1765381391054684,6015748.0,6015818.0,70.0,429.33736928999156,9.202794217222234,9.3056388524041,-0.021065356070748508,607.0,0.05657146620736029,0.0,0.0,0.0,0.0,0.0,0.0,0.0,0.0,0.0,0.0,0.0,0.0,0.0,10.199934740151596,-0.3579949874713517,0.6
118,39874.61335,3.5078331,2,19,2,1,1,1,4,1,-29.18269231,n/a,n/a,6017547.0,6021056.0,0.0,0.0,0.0,6019390.0,6018063.0,6020056.0,6018063.0,6019057.0,6020063.0,6021056.0,3509.0,516.0,994.0,993.0,1993.0,-6020063.0,0.0,0.0,0.0,0.0,1.0,0.0,0.0,0.0,0.0,0.0,0.0,0.0,0.0,0.0,0.0,0.0,0.0,0.0,0.0,0.0,0.0,0.0,0.0,0.0,0.0,0.0,0.0,0.0,0.0,0.0,0.0,0.0,0.0,0.0,0.0,0.0
119,39878.12952,3.5078343,2,20,2,2,1,1,4,1,-29.18269231,n/a,n/a,6021063.0,6024572.0,0.0,0.0,0.0,6022772.0,6021579.0,6023573.0,6021580.0,6022572.0,6023579.0,6024573.0,3509.0,517.0,992.0,994.0,1994.0,-6023579.0,0.0,0.0,0.0,1.0,0.0,0.0,0.0,0.03461532139322895,9.498444190302026,-0.6126911886601539,-0.578075867266925,6022754.0,6022821.0,67.0,461.66019822837245,9.463892173966624,9.567878339959119,-0.0036576281659891083,182.0,0.0470496415045251,0.0,0.0,0.0,0.0,0.0,0.0,0.0,0.0,0.0,0.0,0.0,0.0,0.0,10.175452935235075,-0.31415886655649355,0.5875
120,39881.64581,3.6576957,2,21,2,1,2,1,4,1,-29.18269231,n/a,n/a,6024579.0,6028238.0,0.0,0.0,0.0,6026529.0,6025246.0,6027239.0,6025246.0,6026238.0,6027245.0,6028239.0,3659.0,667.0,992.0,994.0,1993.0,-6027245.0,0.0,0.0,0.0,1.0,0.0,0.0,0.0,0.33923014965364207,-9.744212972193948,-0.5642297387096302,0.9242290811992143,6026509.0,6026581.0,72.0,400.47905662444765,10.192709887468586,10.266482420450837,-2.9950368747050646,271.0,-2.9903019503519177,1.0,-11.44382525260149,-12.14997780902336,1.0557673024934828,1.0799980274687426,6027151.0,6027170.0,19.0,99.2121381907986,0.7065681573450424,0.7253789059901637,-3.107292385950154,-2.8908270180268243,-10.265219553262321,0.47489130991097755,0.6333333333333333
121,39885.31183,3.5078118,2,22,2,1,1,2,3,1,-29.18269231,n/a,n/a,6028245.0,6031755.0,0.0,0.0,0.0,6029922.0,6028762.0,6030754.0,6028762.0,6029555.0,6030761.0,6031755.0,3510.0,517.0,793.0,994.0,1992.0,-6030761.0,0.0,0.0,0.0,1.0,0.0,0.0,0.0,0.20423039622005,-9.616136283039,-0.38423006746484206,0.017307660696614473,6029903.0,6029973.0,70.0,388.87154977975683,9.828572340998385,9.883567183599595,-3.100727154857927,348.0,-3.0655191612609394,0.0,0.0,0.0,0.0,0.0,0.0,0.0,0.0,0.0,0.0,0.0,0.0,0.0,-9.857189471320286,-0.25571070533667867,0.5708333333333333
122,39888.82798,3.5078363,2,23,2,1,1,2,2,2,-29.18269231,n/a,n/a,6031761.0,6035271.0,0.0,0.0,0.0,6033244.0,6032278.0,6034271.0,6032278.0,6032871.0,6034278.0,6035271.0,3510.0,517.0,593.0,993.0,1993.0,-6034278.0,0.0,0.0,0.0,1.0,0.0,0.0,0.0,0.26307644258854074,-9.931135707717383,-0.6646141707499973,0.1765381391054684,6033226.0,6033298.0,72.0,409.1451103885882,10.228856171333144,10.25114903420436,-3.059266417445927,355.0,-3.032986367378192,0.0,0.0,0.0,0.0,0.0,0.0,0.0,0.0,0.0,0.0,0.0,0.0,0.0,-10.044883309013624,0.08036622167724199,0.475
123,39892.34415,3.5078157,2,24,2,2,2,2,1,2,-29.18269231,n/a,n/a,6035277.0,6038786.0,0.0,0.0,0.0,6036394.0,6035794.0,6037787.0,6035794.0,6036188.0,6037794.0,6038786.0,3509.0,517.0,394.0,992.0,1993.0,-6037794.0,0.0,0.0,0.0,1.0,0.0,0.0,0.0,0.10384596417968683,10.813826403244725,-0.7546140063723894,-1.1630747988124932,6036382.0,6036425.0,43.0,459.48824062620713,10.717766615490214,10.682988653741662,0.038119857230327604,194.0,0.05219136558710392,1.0,0.10384596417968683,10.813826403244725,-0.7546140063723894,-1.1630747988124932,6036382.0,6036425.0,43.0,459.48824062620713,10.717766615490214,10.682988653741662,0.038119857230327604,0.05219136558710392,10.395789179483769,-0.708683954790229,0.29583333333333334
124,39895.8603,3.5078074,2,25,2,1,2,1,4,1,-29.18269231,n/a,n/a,6038794.0,6042303.0,0.0,0.0,0.0,6040327.0,6039310.0,6041303.0,6039310.0,6040304.0,6041310.0,6042303.0,3509.0,516.0,994.0,993.0,1993.0,-6041310.0,0.0,0.0,0.0,1.0,0.0,0.0,0.0,0.0692306427864579,-10.613057539163995,-0.45346071025129997,0.5642297387096302,6040306.0,6040380.0,74.0,387.734952183504,10.730655835136297,10.827332238368673,-3.0466103634014337,2.0,-3.0407151580418414,1.0,-10.339596500157487,-33.26532385889301,0.3253840210963513,18.726888873736858,6041149.0,6041209.0,60.0,32318.72565816427,29.397352870094046,122.78890702480074,-2.4652334410195644,-2.744333741701413,-10.004080300819417,0.007306020152478333,0.5
125,39899.37645,3.5078127,2,26,2,2,1,2,2,2,-29.18269231,n/a,n/a,6042310.0,6045819.0,0.0,0.0,0.0,6043703.0,6042826.0,6044819.0,6042826.0,6043419.0,6044826.0,6045819.0,3509.0,516.0,593.0,993.0,1993.0,-6044826.0,0.0,0.0,0.0,0.0,1.0,0.0,0.0,0.0,0.0,0.0,0.0,0.0,0.0,0.0,0.0,0.0,0.0,0.0,0.0,0.0,0.0,0.0,0.0,0.0,0.0,0.0,0.0,0.0,0.0,0.0,0.0,0.0,0.0,0.0,0.0,0.0
126,39902.89269,3.5077276,2,27,2,1,2,2,1,1,-29.18269231,n/a,n/a,6045826.0,6049335.0,0.0,0.0,0.0,6047052.0,6046342.0,6048336.0,6046342.0,6046736.0,6048343.0,6049335.0,3509.0,516.0,394.0,992.0,1994.0,-6048343.0,0.0,0.0,0.0,1.0,0.0,0.0,0.0,0.20423039622005,-9.093444930001246,-0.2319226533346355,0.3703839389075513,6047026.0,6047073.0,47.0,377.7694042484754,9.317163715577967,9.331430360731757,-3.0769027003376994,290.0,3.076258265035555,1.0,0.20423039622005,-9.093444930001246,-0.2319226533346355,0.3703839389075513,6047026.0,6047073.0,47.0,377.7694042484754,9.317163715577967,9.331430360731757,-3.0769027003376994,3.076258265035555,-9.693977438543474,-0.5479515114357452,0.3416666666666667
127,39906.40875,3.5078356,2,28,2,1,1,1,1,2,-29.18269231,n/a,n/a,6049342.0,6052851.0,0.0,0.0,0.0,6050708.0,6049859.0,6051851.0,6049859.0,6050252.0,6051858.0,6052852.0,3509.0,517.0,393.0,994.0,1992.0,-6051858.0,0.0,0.0,0.0,1.0,0.0,0.0,0.0,0.2561533783098934,-8.871906873084576,-0.46730683880859075,0.5399990137343723,6050688.0,6050743.0,55.0,391.11951906046227,9.183471513194505,9.987115923662127,-3.0316846830249444,436.0,-3.017538591925913,0.0,0.0,0.0,0.0,0.0,0.0,0.0,0.0,0.0,0.0,0.0,0.0,0.0,-10.167292333596235,0.29954682625154083,0.4125
128,39909.92492,3.5078086,2,29,2,1,2,2,5,2,-29.18269231,n/a,n/a,6052858.0,6056368.0,0.0,0.0,0.0,6054801.0,6053375.0,6055367.0,6053375.0,6054568.0,6055374.0,6056368.0,3510.0,517.0,1193.0,994.0,1992.0,-6055374.0,0.0,0.0,0.0,1.0,0.0,0.0,0.0,0.4084607924401,-9.886135789906188,-0.5503836101523394,1.1734593952304604,6054782.0,6054854.0,72.0,346.7819686690475,10.43792860200064,10.463540627442928,-2.975680700780921,214.0,-2.961650385896021,0.0,0.0,0.0,0.0,0.0,0.0,0.0,0.0,0.0,0.0,0.0,0.0,0.0,-10.403949781122614,0.7232959950951818,0.7041666666666667
129,39913.44106,3.507808,2,30,2,1,2,1,1,1,-29.18269231,n/a,n/a,6056374.0,6059883.0,0.0,0.0,0.0,6057817.0,6056891.0,6058884.0,6056891.0,6057284.0,6058891.0,6059883.0,3509.0,517.0,393.0,992.0,1993.0,-6058891.0,0.0,0.0,0.0,1.0,0.0,0.0,0.0,0.21115346049869735,-9.983058689807226,-0.5157682887591105,0.31499942467838415,6057797.0,6057871.0,74.0,412.91700094980143,10.228007448136468,10.390854136481874,-3.060278288696538,513.0,-3.0491834618638127,0.0,0.0,0.0,0.0,0.0,0.0,0.0,0.0,0.0,0.0,0.0,0.0,0.0,-9.914313682792171,-0.15342642320200958,0.45416666666666666
130,39916.95735,3.5076961,2,31,2,1,2,1,5,2,-29.18269231,n/a,n/a,6059891.0,6063400.0,0.0,0.0,0.0,6061807.0,6060407.0,6062400.0,6060407.0,6061600.0,6062407.0,6063400.0,3509.0,516.0,1193.0,993.0,1993.0,-6062407.0,0.0,0.0,0.0,1.0,0.0,0.0,0.0,-0.21807652477734077,-10.246135132395768,0.5607682065703105,2.1253807335442563,6061780.0,6061823.0,43.0,371.7263097900864,10.14938282839867,10.220990629935786,-2.9868170480928953,180.0,-2.946986672051249,0.0,0.0,0.0,0.0,0.0,0.0,0.0,0.0,0.0,0.0,0.0,0.0,0.0,-10.37130737456725,0.6648478338753709,0.6875
131,39920.47342,3.5077866,2,32,2,2,1,1,5,1,-29.18269231,n/a,n/a,6063407.0,6066916.0,0.0,0.0,0.0,6065306.0,6063923.0,6065916.0,6063923.0,6065117.0,6065923.0,6066916.0,3509.0,516.0,1194.0,993.0,1993.0,-6065923.0,0.0,0.0,0.0,1.0,0.0,0.0,0.0,0.1384612855729158,9.993443286225197,-0.5538451422916632,-0.8342292455768183,6065283.0,6065342.0,59.0,503.1236377565656,9.858969798034453,10.807147816609685,0.02844332813595355,166.0,0.06731387579270515,1.0,9.993443286225197,10.5230577035416,-0.8238446491588473,-0.9415367418958288,6065344.0,6065363.0,19.0,66.46632473740357,0.5425337406302041,0.5845993875502635,0.21866894587394825,-0.3067704016292752,10.354986171289568,-0.6356237532654615,0.6791666666666667
132,39923.98953,3.5078184,2,33,2,2,1,2,1,1,-29.18269231,n/a,n/a,6066923.0,6070432.0,0.0,0.0,0.0,6068216.0,6067439.0,6069432.0,6067439.0,6067832.0,6069439.0,6070432.0,3509.0,516.0,393.0,993.0,1993.0,-6069439.0,0.0,0.0,0.0,1.0,0.0,0.0,0.0,0.22153805691666445,9.17306016920567,-0.6473065100533828,-0.08307677134374868,6068197.0,6068233.0,36.0,505.1162353354062,8.969286667558539,9.029468125774896,-0.06294843271058718,365.0,-0.14271028294210378,1.0,8.446138419947863,8.965368240846296,-0.03807685353255263,-0.10730749631901051,6068251.0,6068270.0,19.0,84.24839535681369,0.5238248646359259,0.6552086933482194,0.13255153229667402,0.11649146069465283,9.767422853293038,0.4164431486911666,0.37916666666666665
133,39927.50581,3.5077133,2,34,2,1,1,1,1,1,-29.18269231,n/a,n/a,6070439.0,6073948.0,0.0,0.0,0.0,6071349.0,6070956.0,6072949.0,6070956.0,6071349.0,6072955.0,6073948.0,3509.0,517.0,393.0,993.0,1993.0,-6072955.0,0.0,0.0,0.0,1.0,0.0,0.0,0.0,0.4292299852760381,-10.007289414782488,-0.7546140063723894,0.9692289990104104,6071330.0,6071372.0,42.0,395.7886912754681,10.577928525708858,10.473333278744297,-2.9778965251858676,-19.0,-2.9715537739051974,1.0,-9.993443286225197,-9.858443532791602,0.9865366597070249,1.1042287524440024,6071374.0,6071403.0,29.0,101.44973239764066,0.1790987496325451,0.8609269548122721,-0.71701181980693,-0.35735890650260715,-10.607964822093633,1.08859700271901,0.1875
134,39931.02182,3.5078629,2,35,2,1,1,2,4,1,-29.18269231,n/a,n/a,6073955.0,6077465.0,0.0,0.0,0.0,6075765.0,6074472.0,6076464.0,6074472.0,6075465.0,6076471.0,6077465.0,3510.0,517.0,993.0,994.0,1992.0,-6076471.0,0.0,0.0,0.0,1.0,0.0,0.0,0.0,0.18346120338411182,-7.400755713872346,-0.1903842676627592,0.07269217492578157,6075737.0,6075801.0,64.0,304.65907758806924,7.5887782588928046,7.980784367137367,-3.1069191982741797,272.0,-3.078659788283471,1.0,-7.39037111745438,-8.276523345121042,0.06576911064713421,-0.006923064278647363,6075803.0,6075829.0,26.0,56.55601639636771,0.889128743711521,0.9109618842076556,3.059744663786716,2.907673447375059,-9.734780446737677,-0.47489130991097755,0.6333333333333333
135,39934.53801,3.5078073,2,36,2,2,1,1,5,1,-29.18269231,n/a,n/a,6077471.0,6080981.0,0.0,0.0,0.0,6079414.0,6077988.0,6079980.0,6077988.0,6079181.0,6079987.0,6080981.0,3510.0,517.0,1193.0,994.0,1992.0,-6079987.0,0.0,0.0,0.0,1.0,0.0,0.0,0.0,0.33230708537499865,9.875751193488217,-0.41538385671874734,-0.5815373994062447,6079393.0,6079460.0,67.0,484.8623752197656,9.544890384097059,9.942784550773709,0.017408469722503598,212.0,0.04841108215646569,0.0,0.0,0.0,0.0,0.0,0.0,0.0,0.0,0.0,0.0,0.0,0.0,0.0,10.403949781122614,-0.7232959950951818,0.7041666666666667
136,39938.05416,3.9994574,2,37,2,1,2,2,2,1,-29.18269231,n/a,n/a,6080987.0,6084988.0,0.0,0.0,0.0,6082014.0,6081997.0,6083988.0,6081997.0,6082588.0,6083995.0,6084988.0,4001.0,1010.0,591.0,993.0,1991.0,-6083995.0,0.0,1.0,0.0,0.0,0.0,0.0,0.0,0.0,0.0,0.0,0.0,0.0,0.0,0.0,0.0,0.0,0.0,0.0,0.0,0.0,0.0,0.0,0.0,0.0,0.0,0.0,0.0,0.0,0.0,0.0,0.0,0.0,0.0,0.0,0.0,0.0
137,39942.06191,3.5078038,2,38,2,2,1,2,1,1,-29.18269231,n/a,n/a,6084995.0,6088504.0,0.0,0.0,0.0,6086654.0,6085512.0,6087505.0,6085512.0,6085905.0,6087511.0,6088504.0,3509.0,517.0,393.0,993.0,1993.0,-6087511.0,0.0,0.0,0.0,1.0,0.0,0.0,0.0,0.3115378925390605,8.546522851988229,-0.7096140885611933,-0.6369219136354117,6086633.0,6086688.0,55.0,461.66019822837006,8.23530578877612,8.820909000793414,-0.00882700907294783,728.0,0.05064428011143813,0.0,0.0,0.0,0.0,0.0,0.0,0.0,0.0,0.0,0.0,0.0,0.0,0.0,10.126489325402028,-0.22648662472677322,0.5625
138,39945.57805,3.5078268,2,39,2,1,1,2,5,1,-29.18269231,n/a,n/a,6088511.0,6092021.0,0.0,0.0,0.0,6090477.0,6089028.0,6091021.0,6089028.0,6090220.0,6091027.0,6092021.0,3510.0,517.0,1192.0,994.0,1993.0,-6091027.0,0.0,0.0,0.0,1.0,0.0,0.0,0.0,0.24923031403124998,-9.169598637066347,-0.3080763603997368,-0.36692240676822757,6090462.0,6090531.0,69.0,392.47662205765755,9.419012775615473,9.559893240214073,3.1353450318280567,242.0,-3.0716524711864865,0.0,0.0,0.0,0.0,0.0,0.0,0.0,0.0,0.0,0.0,0.0,0.0,0.0,-9.571568413960863,-0.76713211601004,0.7166666666666667
139,39949.09433,3.5077142,2,40,2,2,1,1,1,1,-29.18269231,n/a,n/a,6092028.0,6095537.0,0.0,0.0,0.0,6093420.0,6092544.0,6094536.0,6092544.0,6092937.0,6094544.0,6095537.0,3509.0,516.0,393.0,993.0,1992.0,-6094544.0,0.0,0.0,0.0,1.0,0.0,0.0,0.0,0.3530762782109368,9.865366597070249,-0.4257684531367144,0.1765381391054684,6093396.0,6093465.0,69.0,509.9448976319376,9.53133990272737,9.866667318662738,-0.0632343596316454,459.0,-0.08113092081280945,0.0,0.0,0.0,0.0,0.0,0.0,0.0,0.0,0.0,0.0,0.0,0.0,0.0,9.857189471320286,0.25571070533667867,0.425
140,39952.61036,3.5078233,2,41,2,2,1,2,4,2,-29.18269231,n/a,n/a,6095543.0,6099053.0,0.0,0.0,0.0,6097426.0,6096060.0,6098053.0,6096060.0,6097053.0,6098060.0,6099053.0,3510.0,517.0,993.0,993.0,1993.0,-6098060.0,0.0,0.0,0.0,1.0,0.0,0.0,0.0,0.07615370706510526,9.474213465326763,-0.03807685353255263,-0.4949990959231723,6097408.0,6097450.0,42.0,453.6383028666318,9.409160704093031,9.463827602803315,0.04858053063270844,355.0,0.08973267374369825,1.0,9.470751933187437,9.117675654976507,-0.5123067566197868,-0.4846144995052052,6097452.0,6097475.0,23.0,119.69567934408589,0.3541605841131695,0.8554537819175847,-3.0633215130685185,-2.9584818363273087,10.34682556965073,-0.6210117129605087,0.675
141,39956.1265,3.5078361,2,42,2,2,1,1,1,2,-29.18269231,n/a,n/a,6099059.0,6102569.0,0.0,0.0,0.0,6100443.0,6099576.0,6101569.0,6099576.0,6099970.0,6101576.0,6102569.0,3510.0,517.0,394.0,993.0,1993.0,-6101576.0,0.0,0.0,0.0,1.0,0.0,0.0,0.0,0.29076869970312236,9.394598226122339,-0.6161527207994736,0.1903842676627592,6100421.0,6100499.0,78.0,465.64755696897936,9.139486526050577,9.237562731391098,-0.08836245956570238,451.0,-0.08930285180089206,0.0,0.0,0.0,0.0,0.0,0.0,0.0,0.0,0.0,0.0,0.0,0.0,0.0,9.84902886968145,0.2703227456416354,0.42083333333333334
142,39959.64267,3.5079609,2,43,2,2,1,1,2,2,-29.18269231,n/a,n/a,6102576.0,6106085.0,0.0,0.0,0.0,6103959.0,6103092.0,6105085.0,6103092.0,6103685.0,6105092.0,6106085.0,3509.0,516.0,593.0,993.0,1993.0,-6105092.0,0.0,0.0,0.0,1.0,0.0,0.0,0.0,0.1626920105481776,8.231523427309842,-0.5053836923411433,-0.27346103900650787,6103942.0,6103984.0,42.0,433.3172177160709,8.07216380837566,8.213479811619619,-0.028735117201210695,257.0,-0.09539123162711538,0.0,0.0,0.0,0.0,0.0,0.0,0.0,0.0,0.0,0.0,0.0,0.0,0.0,9.857189471320286,0.25571070533667867,0.425
143,39963.15896,3.5077706,2,44,2,2,2,1,3,1,-29.18269231,n/a,n/a,6106092.0,6109601.0,0.0,0.0,0.0,6107625.0,6106608.0,6108602.0,6106608.0,6107401.0,6108608.0,6109601.0,3509.0,516.0,793.0,993.0,1994.0,-6108608.0,0.0,0.0,0.0,1.0,0.0,0.0,0.0,0.29076869970312236,9.197290894180933,0.0034615321393236813,0.09346136776171972,6107605.0,6107671.0,66.0,431.86187740204326,8.906976904154286,9.080709907710085,-0.010104591956171383,204.0,0.06370284210445125,0.0,0.0,0.0,0.0,0.0,0.0,0.0,0.0,0.0,0.0,0.0,0.0,0.0,9.995919699180575,0.007306020152478333,0.5
144,39966.675,3.507782,2,45,2,1,1,2,1,1,-29.18269231,n/a,n/a,6109608.0,6113117.0,0.0,0.0,0.0,6111018.0,6110125.0,6112118.0,6110125.0,6110518.0,6112124.0,6113118.0,3509.0,517.0,393.0,994.0,1993.0,-6112124.0,0.0,0.0,0.0,1.0,0.0,0.0,0.0,0.0553845142291671,-8.903060662338486,-0.5123067566197868,0.2007688640807263,6110999.0,6111055.0,56.0,435.1300262426657,8.986780114279288,9.704487924012096,-3.0621619798111186,481.0,-3.0397589645524077,1.0,-8.903060662338486,-9.529597979555927,0.22153805691666445,0.40153772816145655,6111057.0,6111078.0,21.0,57.692202322048736,0.6518810409225453,0.6674386925056803,-2.861834206414517,2.895356129491114,-10.11832872376319,0.2118745844218205,0.4375
145,39970.1913,3.5078069,2,46,2,1,1,1,3,1,-29.18269231,n/a,n/a,6113125.0,6116634.0,0.0,0.0,0.0,6114668.0,6113641.0,6115633.0,6113641.0,6114434.0,6115640.0,6116634.0,3509.0,516.0,793.0,994.0,1992.0,-6115640.0,0.0,0.0,0.0,1.0,0.0,0.0,0.0,0.26307644258854074,-8.086139077458283,-0.713075620700517,-0.1384612855729158,6114647.0,6114701.0,54.0,420.677440425726,8.36896537418604,8.74184567585349,-3.072878452278682,213.0,-3.055163041577984,1.0,-8.054985288204376,-8.56383051268484,-0.16961507482682103,-0.26307644258854074,6114703.0,6114722.0,19.0,68.59794513800219,0.5173572167665822,0.5501331907956791,2.9599438235897777,2.8676144888581843,-9.987759097541739,-0.021918060457431065,0.5041666666666667
146,39973.70731,3.5078431,2,47,2,1,1,1,1,2,-29.18269231,n/a,n/a,6116640.0,6120150.0,0.0,0.0,0.0,6117840.0,6117157.0,6119150.0,6117157.0,6117550.0,6119157.0,6120150.0,3510.0,517.0,393.0,993.0,1993.0,-6119157.0,0.0,0.0,0.0,1.0,0.0,0.0,0.0,0.05884604636849078,-10.00036635050384,-0.5676912708489539,0.43269151741536177,6117817.0,6117898.0,81.0,417.7489143326779,10.108833749174307,10.08073401692918,-3.0424691644232733,267.0,-3.0152358728842796,1.0,-10.460750125033789,-33.26532385889301,-0.1730766069661447,18.726888873736858,6118998.0,6119062.0,64.0,41181.33961063059,29.61852930776252,124.99054999516352,-2.4495478526536285,-2.7042544360260177,-10.330504366373047,0.5917876323506033,0.32916666666666666
147,39977.22347,3.5078152,2,48,2,2,2,2,5,1,-29.18269231,n/a,n/a,6120156.0,6123665.0,0.0,0.0,0.0,6121467.0,6120673.0,6122666.0,6120673.0,6121866.0,6122673.0,6123665.0,3509.0,517.0,1193.0,992.0,1993.0,-6122673.0,0.0,0.0,0.0,0.0,0.0,1.0,0.0,0.22499958905598813,9.228444683434834,-0.2561533783098934,-0.1765381391054684,6121445.0,6121509.0,64.0,460.20878497083584,9.00379709643704,9.319303433213014,-0.008842522313982333,-421.0,0.040869423229759505,0.0,0.0,0.0,0.0,0.0,0.0,0.0,0.0,0.0,0.0,0.0,0.0,0.0,0.0,0.0,0.0
148,39980.7396,3.5078437,2,49,2,2,2,2,5,2,-29.18269231,n/a,n/a,6123672.0,6127182.0,0.0,0.0,0.0,6125665.0,6124189.0,6126182.0,6124189.0,6125383.0,6126189.0,6127182.0,3510.0,517.0,1194.0,993.0,1993.0,-6126189.0,0.0,0.0,0.0,1.0,0.0,0.0,0.0,0.3530762782109368,9.148829444230408,-0.36692240676822757,0.5849989315455684,6125643.0,6125686.0,43.0,455.1242003403201,8.84711410528194,8.85930513135642,-0.10780551787752315,260.0,-0.13521096315582445,0.0,0.0,0.0,0.0,0.0,0.0,0.0,0.0,0.0,0.0,0.0,0.0,0.0,9.55524721068318,0.7963561966199455,0.725
149,39984.25578,3.5078191,2,50,2,1,2,1,2,2,-29.18269231,n/a,n/a,6127189.0,6130698.0,0.0,0.0,0.0,6128965.0,6127705.0,6129698.0,6127705.0,6128298.0,6129705.0,6130698.0,3509.0,516.0,593.0,993.0,1993.0,-6129705.0,0.0,0.0,0.0,1.0,0.0,0.0,0.0,-0.08653830348307236,-9.854982000652281,-0.28384563542447894,1.1838439916484296,6128949.0,6129035.0,86.0,432.9133832052947,9.878087117766388,10.056780334848197,-2.9924601221203466,651.0,-2.992345295688482,0.0,0.0,0.0,0.0,0.0,0.0,0.0,0.0,0.0,0.0,0.0,0.0,0.0,-10.2407377483458,0.43105518899611933,0.6208333333333333
150,39987.77193,3.6411473,2,51,2,1,2,2,2,1,-29.18269231,n/a,n/a,6130705.0,6134347.0,0.0,0.0,0.0,6132764.0,6131355.0,6133348.0,6131355.0,6131948.0,6133354.0,6134347.0,3642.0,650.0,593.0,993.0,1993.0,-6133354.0,0.0,0.0,0.0,1.0,0.0,0.0,0.0,0.22153805691666445,-10.547288428516861,-0.5538451422916632,1.1803824595091077,6132743.0,6132824.0,81.0,458.1229498717441,10.907573939617473,11.186513507699242,-2.981922086972812,795.0,-2.9642854381838695,0.0,0.0,0.0,0.0,0.0,0.0,0.0,0.0,0.0,0.0,0.0,0.0,0.0,-10.387628577844932,0.6940719144852764,0.6958333333333333
151,39991.42145,3.5077722,2,52,2,1,1,2,4,1,-29.18269231,n/a,n/a,6134355.0,6137863.0,0.0,0.0,0.0,6136621.0,6134871.0,6136864.0,6134871.0,6135864.0,6136871.0,6137863.0,3508.0,516.0,993.0,992.0,1993.0,-6136871.0,0.0,0.0,0.0,1.0,0.0,0.0,0.0,0.418845388858071,-9.069214205025983,-0.9657674668710867,-0.7684601349296841,6136599.0,6136639.0,40.0,421.55751847480263,9.490110907694024,9.437467290412318,-3.1208003202582115,735.0,3.0997668404117165,1.0,0.418845388858071,-9.069214205025983,-0.9657674668710867,-0.7684601349296841,6136599.0,6136639.0,40.0,421.55751847480263,9.490110907694024,9.437467290412318,-3.1208003202582115,3.0997668404117165,-9.285947356601435,-1.2785535266834014,0.8625
152,39994.93755,3.5077968,2,53,2,1,2,2,3,2,-29.18269231,n/a,n/a,6137870.0,6141380.0,0.0,0.0,0.0,6139787.0,6138387.0,6140380.0,6138387.0,6139180.0,6140387.0,6141380.0,3510.0,517.0,793.0,993.0,1993.0,-6140387.0,0.0,0.0,0.0,1.0,0.0,0.0,0.0,0.2561533783098934,-10.266904325231705,-0.4742299030872381,1.2738438272708255,6139765.0,6139838.0,73.0,422.20681473774835,10.667263247845444,10.843194588769975,-2.9769774517180494,585.0,-2.965422536145706,1.0,0.2561533783098934,-10.266904325231705,-0.4742299030872381,1.2738438272708255,6139765.0,6139838.0,73.0,422.20681473774835,10.667263247845444,10.843194588769975,-2.9769774517180494,-2.965422536145706,-10.37130737456725,0.6648478338753709,0.6875
153,39998.4537,3.5078239,2,54,2,2,2,1,5,1,-29.18269231,n/a,n/a,6141387.0,6144896.0,0.0,0.0,0.0,6143280.0,6141903.0,6143897.0,6141903.0,6143096.0,6143903.0,6144896.0,3509.0,516.0,1193.0,993.0,1994.0,-6143903.0,0.0,0.0,0.0,1.0,0.0,0.0,0.0,0.2284611211953118,9.003445094378845,-0.43269151741536177,0.05192298208984342,6143257.0,6143306.0,49.0,427.7903061193394,8.788355644986071,8.948523221711609,-0.05517077967300592,161.0,-0.15535504498523703,1.0,9.01382969079682,8.819983890994733,0.048461449950519736,0.373845471046871,6143308.0,6143328.0,20.0,61.89219895327104,0.3787491983961702,0.5513841502632022,-2.10808104109568,2.405044484683433,9.653174430349267,0.6210117129605087,0.675
154,40001.96985,3.5078248,2,55,2,1,2,1,5,2,-29.18269231,n/a,n/a,6144903.0,6148412.0,0.0,0.0,0.0,6147152.0,6145419.0,6147412.0,6145419.0,6146612.0,6147419.0,6148413.0,3509.0,516.0,1193.0,994.0,1993.0,-6147419.0,0.0,0.0,0.0,1.0,0.0,0.0,0.0,0.15230741413020657,-8.854599212387962,-0.1730766069661447,2.0976884764296746,6147136.0,6147205.0,69.0,389.97752449870507,9.288742705166642,9.291253938413755,-2.894625562136364,524.0,-2.8950778933608268,1.0,-0.24576878189192627,0.1349997534335921,0.1903842676627592,0.017307660696614473,6147946.0,6147965.0,19.0,83.89208005789524,0.41825851978513706,0.5497736942217547,0.4266274931268761,-2.7061066115768764,-10.70589204175972,1.2639414863784486,0.8583333333333333
155,40005.4861,3.5077254,2,56,2,1,1,1,1,1,-29.18269231,n/a,n/a,6148419.0,6151929.0,0.0,0.0,0.0,6149862.0,6148935.0,6150928.0,6148936.0,6149329.0,6150935.0,6151929.0,3510.0,517.0,393.0,994.0,1993.0,-6150935.0,0.0,0.0,0.0,1.0,0.0,0.0,0.0,0.006923064278647363,-9.633443943735614,-0.5503836101523394,0.079615239204425,6149837.0,6149900.0,63.0,387.5482010933112,9.660930317490168,9.9991321524671,-3.076335354949623,508.0,3.0688299806762163,0.0,0.0,0.0,0.0,0.0,0.0,0.0,0.0,0.0,0.0,0.0,0.0,0.0,-10.093846918846667,0.1680384635069623,0.45
156,40009.00216,3.507843,2,57,2,1,1,1,4,2,-29.18269231,n/a,n/a,6151935.0,6155444.0,0.0,0.0,0.0,6153168.0,6152451.0,6154445.0,6152452.0,6153445.0,6154452.0,6155444.0,3509.0,517.0,993.0,992.0,1994.0,-6154452.0,0.0,0.0,0.0,0.0,0.0,1.0,0.0,-0.12807668915494866,-10.42613480364056,-0.5192298208984342,0.8480753741341092,6153154.0,6153201.0,47.0,387.89244007250994,10.388432240992184,10.398729467168952,-3.0095916001541734,-291.0,-3.0023318794802663,0.0,0.0,0.0,0.0,0.0,0.0,0.0,0.0,0.0,0.0,0.0,0.0,0.0,0.0,0.0,0.0
157,40012.51833,3.5078081,2,58,2,1,2,2,3,2,-29.18269231,n/a,n/a,6155451.0,6158960.0,0.0,0.0,0.0,6156634.0,6155968.0,6157961.0,6155968.0,6156760.0,6157968.0,6158960.0,3509.0,517.0,792.0,992.0,1993.0,-6157968.0,0.0,0.0,0.0,0.0,0.0,1.0,0.0,0.2526918461705697,-8.376907777161405,-0.40153772816145655,-0.26653797472786445,6156614.0,6156663.0,49.0,333.22179034332436,8.630655513484388,8.639260956700644,-3.125950126916797,-146.0,3.0942954225010926,0.0,0.0,0.0,0.0,0.0,0.0,0.0,0.0,0.0,0.0,0.0,0.0,0.0,0.0,0.0,0.0
158,40016.03447,3.5078403,2,59,2,2,2,2,1,1,-29.18269231,n/a,n/a,6158967.0,6162477.0,0.0,0.0,0.0,6160277.0,6159484.0,6161477.0,6159484.0,6159877.0,6161484.0,6162477.0,3510.0,517.0,393.0,993.0,1993.0,-6161484.0,0.0,0.0,0.0,1.0,0.0,0.0,0.0,0.21807652477734077,9.346136776171814,-0.1765381391054684,0.19730733194140657,6160259.0,6160331.0,72.0,420.8012446472496,9.135712582459565,9.34711108258234,-0.04093275525414657,382.0,0.05632019774772234,1.0,0.21807652477734077,9.346136776171814,-0.1765381391054684,0.19730733194140657,6160259.0,6160331.0,72.0,420.8012446472496,9.135712582459565,9.34711108258234,-0.04093275525414657,0.05632019774772234,10.216255943429278,-0.3872190680812572,0.3875
159,40019.55082,3.5076476,2,60,2,2,1,2,2,1,-29.18269231,n/a,n/a,6162484.0,6165993.0,0.0,0.0,0.0,6163767.0,6163000.0,6164993.0,6163000.0,6163593.0,6165000.0,6165993.0,3509.0,516.0,593.0,993.0,1993.0,-6165000.0,0.0,0.0,0.0,1.0,0.0,0.0,0.0,0.2699995068671842,8.214215766613227,-0.543460545873696,0.30461482826041314,6163750.0,6163787.0,37.0,448.67511720823063,7.989355657487411,7.99839641164054,-0.10635102769541507,157.0,-0.1271463341219362,1.0,0.2699995068671842,8.214215766613227,-0.543460545873696,0.30461482826041314,6163750.0,6163787.0,37.0,448.67511720823063,7.989355657487411,7.99839641164054,-0.10635102769541507,-0.1271463341219362,9.7592622516542,0.43105518899611933,0.375
160,40023.0668,3.5077962,2,61,2,1,2,1,1,2,-29.18269231,n/a,n/a,6166000.0,6169509.0,0.0,0.0,0.0,6167149.0,6166516.0,6168509.0,6166516.0,6166909.0,6168516.0,6169509.0,3509.0,516.0,393.0,993.0,1993.0,-6168516.0,0.0,0.0,0.0,1.0,0.0,0.0,0.0,0.28038410328515523,-9.169598637066347,-0.28730716756379865,0.28038410328515523,6167132.0,6167173.0,41.0,394.5594138271304,9.467018916847023,9.427046028541682,-3.0815915015053887,223.0,-3.078761557490624,1.0,-0.4396145816940092,-0.19730733194140657,0.24576878189192627,0.41538385671874734,6168789.0,6168818.0,29.0,59.780369412997096,0.29577369202006154,0.5905032942120675,-0.6107259643892065,-0.739786666398571,-9.628692625432748,-0.6648478338753709,0.30833333333333335
161,40026.58293,3.507852,2,62,2,1,2,2,4,2,-29.18269231,n/a,n/a,6169516.0,6173025.0,0.0,0.0,0.0,6171215.0,6170032.0,6172025.0,6170032.0,6171025.0,6172032.0,6173026.0,3509.0,516.0,993.0,994.0,1993.0,-6172032.0,0.0,0.0,0.0,1.0,0.0,0.0,0.0,0.2423072497526026,-9.546905640252541,-0.32192248895702763,0.5296144173164012,6171200.0,6171240.0,40.0,429.7666370298915,9.826179527598129,9.858074036481547,-3.054823797335693,175.0,-3.0501697960386216,1.0,0.2423072497526026,-9.546905640252541,-0.32192248895702763,0.5296144173164012,6171200.0,6171240.0,40.0,429.7666370298915,9.826179527598129,9.858074036481547,-3.054823797335693,-3.0501697960386216,-10.167292333596235,0.29954682625154083,0.5833333333333334
162,40030.09911,3.5078245,2,63,2,2,2,2,1,1,-29.18269231,n/a,n/a,6173032.0,6176541.0,0.0,0.0,0.0,6174798.0,6173548.0,6175541.0,6173548.0,6173942.0,6175548.0,6176541.0,3509.0,516.0,394.0,993.0,1993.0,-6175548.0,0.0,0.0,0.0,0.0,0.0,0.0,1.0,0.4465376459726526,8.975752837264263,-0.40153772816145655,0.5503836101523394,6174787.0,6174850.0,63.0,509.07018742304876,8.582171404353138,9.140167584382512,-0.11114717703865856,845.0,-0.11843623615399883,0.0,0.0,0.0,0.0,0.0,0.0,0.0,0.0,0.0,0.0,0.0,0.0,0.0,0.0,0.0,0.0
163,40033.61522,3.507856,2,64,2,1,1,1,3,2,-29.18269231,n/a,n/a,6176548.0,6180057.0,0.0,0.0,0.0,6178274.0,6177065.0,6179058.0,6177065.0,6177858.0,6179064.0,6180057.0,3509.0,517.0,793.0,993.0,1993.0,-6179064.0,0.0,0.0,0.0,1.0,0.0,0.0,0.0,0.2423072497526026,-10.59574987846738,-0.4846144995052052,0.1869227355234355,6178255.0,6178328.0,73.0,458.13602718400176,10.858841769387281,11.07228560589341,-3.079710729603098,397.0,-3.0599053241481102,1.0,0.5399990137343723,0.49153756378385255,0.23538418547395523,0.38769159960416577,6179704.0,6179723.0,19.0,29.485174622686067,0.15983135027377504,0.19900046910478575,-1.8788491078186624,2.269988916516562,-9.808225861487243,-0.343382947166399,0.5958333333333333
164,40037.13141,3.5077955,2,65,2,2,1,2,5,1,-29.18269231,n/a,n/a,6180064.0,6183573.0,0.0,0.0,0.0,6181614.0,6180581.0,6182574.0,6180581.0,6181773.0,6182580.0,6183574.0,3509.0,517.0,1192.0,994.0,1993.0,-6182580.0,0.0,0.0,0.0,0.0,0.0,1.0,0.0,0.010384596417967108,10.034981671897073,-0.328845553235675,0.11423056059765394,6181591.0,6181663.0,72.0,447.2411007289417,10.03438403532344,10.131537361273105,-0.04417014724544501,-182.0,-0.07797727824428947,0.0,0.0,0.0,0.0,0.0,0.0,0.0,0.0,0.0,0.0,0.0,0.0,0.0,0.0,0.0,0.0
165,40040.64758,3.5911179,2,66,2,1,2,2,3,1,-29.18269231,n/a,n/a,6183580.0,6187173.0,0.0,0.0,0.0,6185124.0,6184180.0,6186173.0,6184180.0,6184974.0,6186180.0,6187173.0,3593.0,600.0,794.0,993.0,1993.0,-6186180.0,0.0,0.0,0.0,1.0,0.0,0.0,0.0,-0.031153789253905263,-9.619597815178322,-0.31499942467838415,0.6473065100533828,6185107.0,6185145.0,38.0,403.3803141132325,9.636612036930076,9.607717386268174,-3.041566577423809,133.0,-3.0390918583876765,1.0,-9.616136283039,-9.474213465326763,0.6473065100533828,0.3946146638828092,6185147.0,6185190.0,43.0,68.07924328097099,0.2898193494376683,0.6075457327411383,1.0590574844795522,0.5120790940885461,-9.930634886069853,-0.12420234259210018,0.4625
166,40044.24703,3.5078397,2,67,2,1,1,2,5,1,-29.18269231,n/a,n/a,6187180.0,6190689.0,0.0,0.0,0.0,6188823.0,6187696.0,6189689.0,6187696.0,6188890.0,6189696.0,6190689.0,3509.0,516.0,1194.0,993.0,1993.0,-6189696.0,0.0,0.0,0.0,1.0,0.0,0.0,0.0,0.28384563542447894,-10.183827553887957,-0.3080763603997368,0.4569222423906236,6188802.0,6188871.0,69.0,470.7178168552451,10.495589781452091,10.555169075579636,-3.06864033750223,-88.0,-3.0555645622445913,1.0,-8.380369309300727,-33.26532385889301,-0.45346071025129997,18.726888873736858,6189895.0,6189938.0,43.0,23521.138282342592,31.418891977586807,118.46271036732544,-2.4849364386616006,-2.843166765197792,-9.889831877875647,-0.19726254411686778,0.5541666666666667
167,40047.76319,3.5078315,2,68,2,2,1,2,5,2,-29.18269231,n/a,n/a,6190696.0,6194205.0,0.0,0.0,0.0,6192622.0,6191213.0,6193206.0,6191213.0,6192406.0,6193212.0,6194205.0,3509.0,517.0,1193.0,993.0,1993.0,-6193212.0,0.0,0.0,0.0,1.0,0.0,0.0,0.0,0.05192298208984342,9.51575185099864,-0.3599993424895802,-0.1903842676627592,6192603.0,6192646.0,43.0,435.62197322657227,9.465348706392177,9.426662800523747,-0.017920539322400876,197.0,0.040771219539253244,1.0,0.05192298208984342,9.51575185099864,-0.3599993424895802,-0.1903842676627592,6192603.0,6192646.0,43.0,435.62197322657227,9.465348706392177,9.426662800523747,-0.017920539322400876,0.040771219539253244,10.387628577844932,-0.6940719144852764,0.6958333333333333
168,40051.27938,3.5077505,2,69,2,2,2,2,1,2,-29.18269231,n/a,n/a,6194212.0,6197721.0,0.0,0.0,0.0,6195462.0,6194729.0,6196722.0,6194729.0,6195122.0,6196729.0,6197722.0,3509.0,517.0,393.0,993.0,1993.0,-6196729.0,0.0,0.0,0.0,1.0,0.0,0.0,0.0,0.19730733194140657,9.48459806174473,-0.1384612855729158,0.45346071025129997,6195443.0,6195503.0,60.0,475.1575454850413,9.306134576129407,9.840201347977649,-0.06364853628389897,321.0,-0.11174493731706596,0.0,0.0,0.0,0.0,0.0,0.0,0.0,0.0,0.0,0.0,0.0,0.0,0.0,10.273380154901162,-0.4895033502159303,0.35833333333333334
169,40054.79552,3.5328462,2,70,2,1,2,2,5,1,-29.18269231,n/a,n/a,6197728.0,6201263.0,0.0,0.0,0.0,6199121.0,6198271.0,6200262.0,6198271.0,6199463.0,6200270.0,6201263.0,3535.0,543.0,1192.0,993.0,1991.0,-6200270.0,0.0,0.0,0.0,0.0,0.0,1.0,0.0,0.3011532961210934,-9.709597650800719,-0.26307644258854074,0.33576861751432235,6199104.0,6199175.0,71.0,428.0637006817492,10.02864646536638,10.175861266930205,-3.081843661774023,-359.0,-3.0523494577726566,0.0,0.0,0.0,0.0,0.0,0.0,0.0,0.0,0.0,0.0,0.0,0.0,0.0,0.0,0.0,0.0
170,40058.33666,3.5078228,2,71,2,1,1,2,4,1,-29.18269231,n/a,n/a,6201269.0,6204778.0,0.0,0.0,0.0,6203479.0,6201786.0,6203779.0,6201786.0,6202779.0,6203786.0,6204778.0,3509.0,517.0,993.0,992.0,1993.0,-6203786.0,0.0,0.0,0.0,1.0,0.0,0.0,0.0,-0.062307578507810525,-8.70575333039708,-0.65769110647135,-0.5019221602018197,6203465.0,6203516.0,51.0,362.9247659385931,8.644849242784664,9.12745902502637,-3.1235729782737804,686.0,3.0877139719021183,0.0,0.0,0.0,0.0,0.0,0.0,0.0,0.0,0.0,0.0,0.0,0.0,0.0,-9.334910966434478,-1.190881284853685,0.8375
171,40061.85279,3.5078602,2,72,2,2,1,2,2,1,-29.18269231,n/a,n/a,6204785.0,6208294.0,0.0,0.0,0.0,6205985.0,6205302.0,6207295.0,6205302.0,6205896.0,6207302.0,6208294.0,3509.0,517.0,594.0,992.0,1993.0,-6207302.0,0.0,0.0,0.0,1.0,0.0,0.0,0.0,0.044999917811196055,9.702674586522072,-0.17999967124479208,0.7546140063723894,6205970.0,6206034.0,64.0,496.4228794609453,9.702792522415844,10.063874736332659,-0.0964737751825869,74.0,-0.13975677185220545,1.0,0.044999917811196055,9.702674586522072,-0.17999967124479208,0.7546140063723894,6205970.0,6206034.0,64.0,496.4228794609453,9.702792522415844,10.063874736332659,-0.0964737751825869,-0.13975677185220545,9.677656235265788,0.5771755920456506,0.3333333333333333
172,40065.36899,3.5078159,2,73,2,1,2,1,1,1,-29.18269231,n/a,n/a,6208302.0,6211811.0,0.0,0.0,0.0,6209418.0,6208818.0,6210811.0,6208818.0,6209211.0,6210818.0,6211811.0,3509.0,516.0,393.0,993.0,1993.0,-6210818.0,0.0,0.0,0.0,1.0,0.0,0.0,0.0,0.11423056059765394,-9.993443286225197,-0.6023065922421829,-0.08653830348307236,6209397.0,6209455.0,58.0,451.2474445268559,10.120824448701606,10.898093423605959,-3.090609475565908,186.0,-3.0605088691424545,0.0,0.0,0.0,0.0,0.0,0.0,0.0,0.0,0.0,0.0,0.0,0.0,0.0,-9.587889617238542,-0.7379080354001346,0.2875
173,40068.88514,3.5078278,2,74,2,2,2,2,1,1,-29.18269231,n/a,n/a,6211818.0,6215327.0,0.0,0.0,0.0,6213027.0,6212334.0,6214328.0,6212334.0,6212727.0,6214334.0,6215327.0,3509.0,516.0,393.0,993.0,1994.0,-6214334.0,0.0,0.0,0.0,1.0,0.0,0.0,0.0,-0.11423056059765394,10.232289003838472,-0.062307578507810525,-0.05192298208984342,6213010.0,6213057.0,47.0,435.44161898003773,10.346524775841514,10.372421418534474,-0.0010036798235618235,283.0,-0.06579119765250589,0.0,0.0,0.0,0.0,0.0,0.0,0.0,0.0,0.0,0.0,0.0,0.0,0.0,10.314183163095365,-0.5625635517406978,0.3375
174,40072.4013,3.5078105,2,75,2,1,1,2,4,2,-29.18269231,n/a,n/a,6215334.0,6218843.0,0.0,0.0,0.0,6217043.0,6215851.0,6217844.0,6215851.0,6216843.0,6217850.0,6218844.0,3509.0,517.0,992.0,994.0,1993.0,-6217850.0,0.0,0.0,0.0,1.0,0.0,0.0,0.0,0.26307644258854074,-9.84459740423431,-0.5815373994062447,-0.2561533783098934,6217013.0,6217099.0,86.0,410.93253023194893,10.112909836191138,10.27276951508374,-3.1094119860881175,170.0,-3.065027512717648,0.0,0.0,0.0,0.0,0.0,0.0,0.0,0.0,0.0,0.0,0.0,0.0,0.0,-9.840868268042604,-0.2849347859465881,0.5791666666666667
175,40075.91744,3.50794,2,76,2,2,1,1,3,1,-29.18269231,n/a,n/a,6218850.0,6222360.0,0.0,0.0,0.0,6220366.0,6219367.0,6221359.0,6219367.0,6220160.0,6221366.0,6222360.0,3510.0,517.0,793.0,994.0,1992.0,-6221366.0,0.0,0.0,0.0,1.0,0.0,0.0,0.0,0.08307677134374868,9.238829279852808,-0.15576894626953025,0.2976917639817697,6220349.0,6220402.0,53.0,534.6576410003444,9.166974997937517,10.209851685621523,-0.04948697338127401,189.0,-0.0760178024302156,1.0,0.08307677134374868,9.238829279852808,-0.15576894626953025,0.2976917639817697,6220349.0,6220402.0,53.0,534.6576410003444,9.166974997937517,10.209851685621523,-0.04948697338127401,-0.0760178024302156,9.987759097541739,0.021918060457431065,0.49166666666666664
176,40079.43378,3.5076626,2,77,2,1,2,1,3,2,-29.18269231,n/a,n/a,6222366.0,6225876.0,0.0,0.0,0.0,6224249.0,6222883.0,6224875.0,6222883.0,6223676.0,6224882.0,6225876.0,3510.0,517.0,793.0,994.0,1992.0,-6224882.0,0.0,0.0,0.0,1.0,0.0,0.0,0.0,0.28730716756379865,-9.87921272562754,-0.5226913530377578,1.2253823773203039,6224229.0,6224312.0,83.0,435.2137767620824,10.315710761039355,10.414072799351933,-2.9713135528265697,553.0,-2.9580823738072484,1.0,-10.007289414782488,-33.26532385889301,0.8757676312486907,18.726888873736858,6225051.0,6225132.0,81.0,11639.491966658365,29.318913619325052,43.784140638147605,-2.4869696098461644,-2.5807390513703012,-10.34682556965073,0.6210117129605087,0.675
177,40082.94977,3.5078244,2,78,2,1,2,2,3,1,-29.18269231,n/a,n/a,6225882.0,6229391.0,0.0,0.0,0.0,6227892.0,6226399.0,6228392.0,6226399.0,6227192.0,6228398.0,6229391.0,3509.0,517.0,793.0,993.0,1993.0,-6228398.0,0.0,0.0,0.0,1.0,0.0,0.0,0.0,-0.031153789253905263,-10.2357505359778,-0.23538418547395523,1.5923047840885314,6227871.0,6227942.0,71.0,423.0223445909586,10.366978428293766,10.37877537403903,-2.964367268640074,679.0,-2.958129599638812,0.0,0.0,0.0,0.0,0.0,0.0,0.0,0.0,0.0,0.0,0.0,0.0,0.0,-10.46923459423334,0.8401923175348076,0.7375
178,40086.46591,3.5078415,2,79,2,1,1,1,4,2,-29.18269231,n/a,n/a,6229398.0,6232908.0,0.0,0.0,0.0,6231182.0,6229915.0,6231908.0,6229915.0,6230909.0,6231915.0,6232908.0,3510.0,517.0,994.0,993.0,1993.0,-6231915.0,0.0,0.0,0.0,1.0,0.0,0.0,0.0,0.30461482826041314,-9.699213054382751,0.03807685353255263,0.24923031403124998,6231161.0,6231220.0,59.0,421.44933680207896,10.006056070671871,10.446549005621678,-3.1204885208627156,252.0,3.1061300733405686,0.0,0.0,0.0,0.0,0.0,0.0,0.0,0.0,0.0,0.0,0.0,0.0,0.0,-9.75110165001536,-0.44566722930107205,0.625
179,40089.98208,3.5077877,2,80,2,1,2,2,2,2,-29.18269231,n/a,n/a,6232915.0,6236424.0,0.0,0.0,0.0,6234408.0,6233431.0,6235424.0,6233431.0,6234024.0,6235431.0,6236424.0,3509.0,516.0,593.0,993.0,1993.0,-6235431.0,0.0,0.0,0.0,1.0,0.0,0.0,0.0,0.15576894626953025,-9.619597815178322,-0.05192298208984342,0.8411523098554617,6234395.0,6234437.0,42.0,449.73356766475,9.816077566823862,9.831025512954565,-3.0504857962381102,371.0,-3.031868630682992,1.0,0.15576894626953025,-9.619597815178322,-0.05192298208984342,0.8411523098554617,6234395.0,6234437.0,42.0,449.73356766475,9.816077566823862,9.831025512954565,-3.0504857962381102,-3.031868630682992,-9.971437894264056,-0.05114214106733653,0.48333333333333334
180,40093.49819,3.6661685,2,81,2,2,2,2,4,1,-29.18269231,n/a,n/a,6236431.0,6240098.0,0.0,0.0,0.0,6238347.0,6237107.0,6239099.0,6237108.0,6238097.0,6239105.0,6240098.0,3667.0,677.0,989.0,993.0,1992.0,-6239105.0,0.0,0.0,0.0,1.0,0.0,0.0,0.0,0.43269151741536177,8.338830923628855,-0.5330759494557249,0.17999967124479208,6238330.0,6238384.0,54.0,463.3147228895837,7.938231361664844,8.640461970091753,-0.08994926750196437,233.0,0.11724917099419523,0.0,0.0,0.0,0.0,0.0,0.0,0.0,0.0,0.0,0.0,0.0,0.0,0.0,9.775583454931882,0.4018311083862139,0.6125
181,40097.17268,3.6494673,2,82,2,1,2,2,3,2,-29.18269231,n/a,n/a,6240105.0,6243756.0,0.0,0.0,0.0,6242215.0,6240765.0,6242757.0,6240765.0,6241555.0,6242763.0,6243757.0,3651.0,660.0,790.0,994.0,1992.0,-6242763.0,0.0,0.0,0.0,1.0,0.0,0.0,0.0,-0.3911531317434855,-8.45306148422651,0.21461499263802103,3.091148200415345,6242200.0,6242276.0,76.0,316.94081810121065,8.559720181132164,8.566474524794481,-2.7988679433225596,645.0,-2.797861999505826,1.0,-10.322288839460873,-33.26532385889301,1.246151570156242,18.726888873736858,6243495.0,6243539.0,44.0,38463.333189153665,28.843700050092128,120.10692136767966,-2.490506840740328,-2.8014767243198575,-10.428431586039133,0.76713211601004,0.7166666666666667
182,40100.83049,3.6578023,2,83,2,2,1,2,1,1,-29.18269231,n/a,n/a,6243763.0,6247422.0,0.0,0.0,0.0,6245223.0,6244429.0,6246423.0,6244430.0,6244823.0,6246429.0,6247423.0,3659.0,667.0,393.0,994.0,1994.0,-6246429.0,0.0,0.0,0.0,1.0,0.0,0.0,0.0,0.26307644258854074,8.909983726617133,-0.3599993424895802,0.4742299030872381,6245199.0,6245268.0,69.0,497.04067278925487,8.687056118891048,8.836641388855755,-0.09617951078811746,376.0,-0.1308171756188385,1.0,0.26307644258854074,8.909983726617133,-0.3599993424895802,0.4742299030872381,6245199.0,6245268.0,69.0,497.04067278925487,8.687056118891048,8.836641388855755,-0.09617951078811746,-0.1308171756188385,9.775583454931882,0.4018311083862139,0.38333333333333336
183,40104.49662,3.507825,2,84,2,1,1,1,3,2,-29.18269231,n/a,n/a,6247429.0,6250939.0,0.0,0.0,0.0,6249022.0,6247946.0,6249938.0,6247946.0,6248739.0,6249945.0,6250939.0,3510.0,517.0,793.0,994.0,1992.0,-6249945.0,0.0,0.0,0.0,1.0,0.0,0.0,0.0,-0.017307660696614473,-10.938441560260346,-0.11423056059765394,0.7199986849791604,6249008.0,6249082.0,74.0,430.4596113346435,10.952949561025823,11.228254669972479,-3.0653540180383274,269.0,-3.0430896804994845,1.0,-9.944981836274675,-10.315365775182226,0.1730766069661447,0.6057681243815065,6250487.0,6250510.0,23.0,91.08244943651147,0.5695666874422002,0.8388343053493488,-2.278763403236904,-2.291955514751054,-9.938795487708695,-0.10959030228714745,0.5291666666666667
184,40108.01278,3.7577704,2,85,2,1,1,2,4,1,-29.18269231,n/a,n/a,6250945.0,6254704.0,0.0,0.0,0.0,6252555.0,6251712.0,6253705.0,6251712.0,6252705.0,6253711.0,6254704.0,3759.0,767.0,993.0,993.0,1993.0,-6253711.0,0.0,1.0,0.0,0.0,0.0,0.0,0.0,0.0,0.0,0.0,0.0,0.0,0.0,0.0,0.0,0.0,0.0,0.0,0.0,0.0,0.0,0.0,0.0,0.0,0.0,0.0,0.0,0.0,0.0,0.0,0.0,0.0,0.0,0.0,0.0,0.0
185,40111.77904,3.7576694,2,86,2,2,2,1,3,1,-29.18269231,n/a,n/a,6254712.0,6258471.0,0.0,0.0,0.0,6256837.0,6255478.0,6257471.0,6255478.0,6256271.0,6257478.0,6258471.0,3759.0,766.0,793.0,993.0,1993.0,-6257478.0,0.0,1.0,0.0,0.0,0.0,0.0,0.0,0.0,0.0,0.0,0.0,0.0,0.0,0.0,0.0,0.0,0.0,0.0,0.0,0.0,0.0,0.0,0.0,0.0,0.0,0.0,0.0,0.0,0.0,0.0,0.0,0.0,0.0,0.0,0.0,0.0
186,40115.54503,3.8494378,2,87,2,2,2,2,5,1,-29.18269231,n/a,n/a,6258477.0,6262328.0,0.0,0.0,0.0,6260920.0,6259337.0,6261329.0,6259337.0,6260527.0,6261335.0,6262328.0,3851.0,860.0,1190.0,993.0,1992.0,-6261335.0,0.0,1.0,0.0,0.0,0.0,0.0,0.0,0.0,0.0,0.0,0.0,0.0,0.0,0.0,0.0,0.0,0.0,0.0,0.0,0.0,0.0,0.0,0.0,0.0,0.0,0.0,0.0,0.0,0.0,0.0,0.0,0.0,0.0,0.0,0.0,0.0
187,40119.4028,3.682775,2,88,2,1,1,2,5,2,-29.18269231,n/a,n/a,6262335.0,6266020.0,0.0,0.0,0.0,6264168.0,6263028.0,6265020.0,6263028.0,6264219.0,6265026.0,6266020.0,3685.0,693.0,1191.0,994.0,1992.0,-6265026.0,0.0,0.0,0.0,1.0,0.0,0.0,0.0,0.2769225711458316,-9.723443779358009,-0.7373063456757749,-0.3115378925390605,6264154.0,6264234.0,80.0,466.9024623072601,10.009425853662934,10.235090283324814,-3.0990430648492002,-65.0,-3.0521881624042684,1.0,-9.647290072292908,-9.636905475874936,-0.4707683709479144,-0.5711528029882775,6264440.0,6264461.0,21.0,101.61855451984732,0.10092013693426316,0.33605398343644427,1.4677147182721724,1.895804198661549,-9.87351067459797,-0.22648662472677322,0.5625
188,40123.09394,3.5077882,2,89,2,1,2,1,5,1,-29.18269231,n/a,n/a,6266026.0,6269536.0,0.0,0.0,0.0,6267926.0,6266543.0,6268535.0,6266543.0,6267736.0,6268543.0,6269536.0,3510.0,517.0,1193.0,993.0,1992.0,-6268543.0,0.0,0.0,0.0,1.0,0.0,0.0,0.0,0.3011532961210934,-9.664597732989522,-0.5019221602018197,1.0938441560260355,6267908.0,6267987.0,79.0,413.3435933899147,10.092703488670749,10.161068610589773,-2.982815471573058,172.0,-2.963506420917504,0.0,0.0,0.0,0.0,0.0,0.0,0.0,0.0,0.0,0.0,0.0,0.0,0.0,-10.363146772928411,0.6502357935704143,0.6833333333333333
189,40126.61007,3.641145,2,90,2,1,1,1,1,1,-29.18269231,n/a,n/a,6269542.0,6273185.0,0.0,0.0,0.0,6271452.0,6270192.0,6272186.0,6270192.0,6270585.0,6272192.0,6273185.0,3643.0,650.0,393.0,993.0,1994.0,-6272192.0,0.0,0.0,0.0,0.0,0.0,0.0,1.0,0.079615239204425,-9.103829526419212,-0.48115296736588153,-0.04153838567187631,6271434.0,6271476.0,42.0,433.64431278985126,9.193960993157312,9.162414679136964,-3.093758833985685,849.0,3.054968864325014,0.0,0.0,0.0,0.0,0.0,0.0,0.0,0.0,0.0,0.0,0.0,0.0,0.0,0.0,0.0,0.0
190,40130.25957,3.5078122,2,91,2,2,1,1,4,2,-29.18269231,n/a,n/a,6273192.0,6276701.0,0.0,0.0,0.0,6275042.0,6273709.0,6275702.0,6273709.0,6274701.0,6275708.0,6276702.0,3509.0,517.0,992.0,994.0,1993.0,-6275708.0,0.0,0.0,0.0,1.0,0.0,0.0,0.0,0.15576894626953025,8.134600527408802,-0.2526918461705697,-0.6126911886601539,6275013.0,6275069.0,56.0,430.85724821900584,7.9869489122429185,8.570963978495218,0.04508872596454288,312.0,0.04080191820073701,1.0,-2.1773037156340997,-2.1738421834947763,-0.3599993424895802,-0.26307644258854074,6276008.0,6276030.0,22.0,35.66199515969717,0.096984693276715,0.213523509430942,-1.5350972141155639,-1.8669114726698552,10.297861959817682,-0.5333394711307924,0.65
191,40133.77572,3.6995222,2,92,2,1,1,1,2,1,-29.18269231,n/a,n/a,6276708.0,6280409.0,0.0,0.0,0.0,6278235.0,6277418.0,6279409.0,6277418.0,6278008.0,6279416.0,6280409.0,3701.0,710.0,590.0,993.0,1991.0,-6279416.0,0.0,0.0,0.0,1.0,0.0,0.0,0.0,0.33230708537499865,-8.771522441044214,-0.08653830348307236,0.7407678778150986,6278219.0,6278268.0,49.0,413.7383729797933,9.141342765902413,9.541384167451339,-3.0509670493606826,211.0,-3.025967524567854,0.0,0.0,0.0,0.0,0.0,0.0,0.0,0.0,0.0,0.0,0.0,0.0,0.0,-10.191774138512754,0.343382947166399,0.4
192,40137.4835,3.5078356,2,93,2,1,2,2,5,1,-29.18269231,n/a,n/a,6280416.0,6283925.0,0.0,0.0,0.0,6282309.0,6280932.0,6282925.0,6280932.0,6282126.0,6282932.0,6283925.0,3509.0,516.0,1194.0,993.0,1993.0,-6282932.0,0.0,0.0,0.0,1.0,0.0,0.0,0.0,0.19730733194140657,-9.463828868908793,-0.4742299030872381,0.7649986027903605,6282293.0,6282333.0,40.0,397.4389814935814,9.74028952245044,9.68604980587646,-3.0140198265453835,167.0,-3.0046485555522544,1.0,-9.460367336769469,-9.373829033286396,0.7546140063723894,0.8549984384127565,6282335.0,6282372.0,37.0,96.18174331051708,0.13253645598775987,0.8257912792110855,-0.8593372010554041,-0.6066051085945279,-10.354986171289571,0.6356237532654615,0.6791666666666667
193,40140.99983,3.5076591,2,94,2,1,1,2,3,2,-29.18269231,n/a,n/a,6283932.0,6287441.0,0.0,0.0,0.0,6285458.0,6284449.0,6286442.0,6284449.0,6285241.0,6286448.0,6287441.0,3509.0,517.0,792.0,993.0,1993.0,-6286448.0,0.0,0.0,0.0,1.0,0.0,0.0,0.0,-0.07269217492578157,-10.180366021748632,-0.08307677134374868,0.6957679600039025,6285444.0,6285491.0,47.0,387.7225049092956,10.137636297939212,10.144217637167841,-3.0646898208516005,203.0,-3.0489864621952245,1.0,-9.965751029110612,-10.311904243042902,0.837690777716142,0.6888448957252552,6285503.0,6285523.0,20.0,45.50375312954708,0.37679854577917143,0.45871505059485435,2.7354945952721716,2.803137209304333,-10.004080300819417,0.007306020152478333,0.49583333333333335
194,40144.51582,3.5077985,2,95,2,1,2,2,3,1,-29.18269231,n/a,n/a,6287448.0,6290958.0,0.0,0.0,0.0,6288281.0,6287965.0,6289958.0,6287965.0,6288758.0,6289964.0,6290958.0,3510.0,517.0,793.0,994.0,1993.0,-6289964.0,0.0,0.0,0.0,0.0,0.0,1.0,0.0,0.05192298208984342,-9.290752261942648,-0.21807652477734077,-0.5746143351276013,6288266.0,6288324.0,58.0,418.26886471191784,9.349475917165996,9.915634188285594,3.1034488810960315,-492.0,3.0920003538732512,0.0,0.0,0.0,0.0,0.0,0.0,0.0,0.0,0.0,0.0,0.0,0.0,0.0,0.0,0.0,0.0
195,40148.03195,3.5078397,2,96,2,1,1,2,2,2,-29.18269231,n/a,n/a,6290964.0,6294474.0,0.0,0.0,0.0,6291898.0,6291481.0,6293473.0,6291481.0,6292074.0,6293480.0,6294474.0,3510.0,517.0,593.0,994.0,1992.0,-6293480.0,0.0,0.0,0.0,0.0,0.0,1.0,0.0,0.12461515701562499,-10.775749549712168,-0.14192281771223947,1.7965351803085814,6291876.0,6291957.0,81.0,407.60020685316897,11.071385195618829,11.146242064098994,-2.965598302960318,-198.0,-2.9633224418273914,0.0,0.0,0.0,0.0,0.0,0.0,0.0,0.0,0.0,0.0,0.0,0.0,0.0,0.0,0.0,0.0
196,40151.54812,3.5077984,2,97,2,1,2,1,3,1,-29.18269231,n/a,n/a,6294480.0,6297990.0,0.0,0.0,0.0,6295806.0,6294997.0,6296990.0,6294997.0,6295790.0,6296997.0,6297990.0,3510.0,517.0,793.0,993.0,1993.0,-6296997.0,0.0,0.0,0.0,1.0,0.0,0.0,0.0,0.328845553235675,-9.003445094378849,-0.1626920105481776,0.0553845142291671,6295786.0,6295852.0,66.0,401.08073817631384,9.334838300806956,9.324708404140933,-3.1182289531186016,-4.0,-3.0959165296729725,1.0,0.328845553235675,-9.003445094378849,-0.1626920105481776,0.0553845142291671,6295786.0,6295852.0,66.0,401.08073817631384,9.334838300806956,9.324708404140933,-3.1182289531186016,-3.0959165296729725,-9.800065259848402,-0.3579949874713517,0.3958333333333333
197,40155.06428,3.507818,2,98,2,1,2,2,3,2,-29.18269231,n/a,n/a,6297996.0,6301505.0,0.0,0.0,0.0,6299006.0,6298513.0,6300506.0,6298513.0,6299307.0,6300513.0,6301506.0,3509.0,517.0,794.0,993.0,1993.0,-6300513.0,0.0,0.0,0.0,0.0,0.0,1.0,0.0,0.03807685353255263,-9.488059593884055,0.006923064278647363,0.01384612855729079,6298989.0,6299057.0,68.0,447.3471373577623,9.526138963064632,9.538455159402373,-3.140865909531692,-318.0,3.0907643776958147,0.0,0.0,0.0,0.0,0.0,0.0,0.0,0.0,0.0,0.0,0.0,0.0,0.0,0.0,0.0,0.0
198,40158.58045,3.5078264,2,99,2,1,1,2,2,2,-29.18269231,n/a,n/a,6301513.0,6305022.0,0.0,0.0,0.0,6302589.0,6302029.0,6304022.0,6302029.0,6302622.0,6304029.0,6305022.0,3509.0,516.0,593.0,993.0,1993.0,-6304029.0,0.0,0.0,0.0,1.0,0.0,0.0,0.0,-0.01384612855729079,-10.014212479061133,-0.3080763603997368,0.543460545873696,6302572.0,6302627.0,55.0,440.516138936778,10.036555297861675,10.509066773399875,-3.0566469899082453,-50.0,-3.04228452679505,0.0,0.0,0.0,0.0,0.0,0.0,0.0,0.0,0.0,0.0,0.0,0.0,0.0,-10.444752789316816,0.7963561966199455,0.2708333333333333
199,40162.0967,3.5077258,2,100,2,1,1,2,4,1,-29.18269231,n/a,n/a,6305029.0,6308538.0,0.0,0.0,0.0,6305845.0,6305545.0,6307539.0,6305545.0,6306538.0,6307545.0,6308538.0,3509.0,516.0,993.0,993.0,1994.0,-6307545.0,0.0,0.0,0.0,0.0,0.0,1.0,0.0,0.29076869970312236,-10.370750289411392,-0.21115346049869735,1.142305605976555,6305830.0,6305902.0,72.0,440.9031964730647,10.747085121086249,11.074757028927522,-3.0153200392450317,-708.0,-3.0014195065737406,0.0,0.0,0.0,0.0,0.0,0.0,0.0,0.0,0.0,0.0,0.0,0.0,0.0,0.0,0.0,0.0
