,onset,duration,run_number,trial_number,task,ext_mot_pos,ext_mot_ver_dir,staircase_num,fix_off_prct,trial_type,ext_mot_ori,direction_report,response_duration,trial_onset,trial_offset,button_press_onset,button_left,button_right,fix_break,motion_onset,motion_offset,fixation_onset,fixation_offset,response_onset,response_offset,trial_duration,fix_check_duration,fixation_duration,response_duration,motion_duration,reaction_time,miss_time_trial,blink_trial,no_saccade_trial,main_sac_trial,innacurate_sac_trial,early_sac_trial,late_sac_trial,sac_x_onset_trial,sac_x_offset_trial,sac_y_onset_trial,sac_y_offset_trial,sac_t_onset_trial,sac_t_offset_trial,sac_dur_trial,sac_vpeak_trial,sac_dist_trial,sac_amp_trial,sac_dist_ang_trial,sac_lat_trial,sac_amp_ang_trial,cor_sac_trial,cor_sac_x_onset_trial,cor_sac_x_offset_trial,cor_sac_y_onset_trial,cor_sac_y_offset_trial,cor_sac_t_onset_trial,cor_sac_t_offset_trial,cor_sac_dur_trial,cor_sac_vpeak_trial,cor_sac_dist_trial,cor_sac_amp_trial,cor_sac_dist_ang_trial,cor_sac_amp_ang_trial,gabor_sac_onset_x,gabor_sac_onset_y,sac_onset_gabor_path_prct
0,42077.22571,3.7410177,1,1,2,1,2,1,2,2,-29.23076923,n/a,n/a,1339039.0,1342780.0,0.0,0.0,0.0,1340189.0,1339779.0,1341779.0,1339779.0,1340380.0,1341786.0,1342781.0,3741.0,740.0,601.0,995.0,2000.0,-1341786.0,0.0,0.0,0.0,0.0,0.0,1.0,0.0,-0.020769192835938154,-9.134983315673118,-0.5053836923411433,-0.8999983562239525,1340169.0,1340217.0,48.0,422.5417228851387,9.122752863575558,9.420650500068595,3.0983230579506973,-211.0,3.041850877629784,0.0,0.0,0.0,0.0,0.0,0.0,0.0,0.0,0.0,0.0,0.0,0.0,0.0,0.0,0.0,0.0
1,42080.97508,3.5994756,1,2,2,2,2,2,5,1,-29.23076923,n/a,n/a,1342787.0,1346387.0,0.0,0.0,0.0,1345813.0,1343397.0,1345386.0,1343397.0,1344586.0,1345396.0,1346387.0,3600.0,610.0,1189.0,991.0,1989.0,-1345396.0,0.0,0.0,0.0,0.0,0.0,0.0,1.0,-0.11769209273697762,8.397676969997338,-0.5711528029882775,1.664996959014313,1345796.0,1345849.0,53.0,378.4414987433673,8.804082918321303,9.04122840204021,-0.2568034028307302,1210.0,-0.2511072891531136,0.0,0.0,0.0,0.0,0.0,0.0,0.0,0.0,0.0,0.0,0.0,0.0,0.0,0.0,0.0,0.0
2,42084.58289,3.9327821,1,3,2,1,1,2,1,1,-29.23076923,n/a,n/a,1346394.0,1350328.0,0.0,0.0,0.0,1348438.0,1347337.0,1349329.0,1347337.0,1347727.0,1349336.0,1350329.0,3934.0,943.0,390.0,993.0,1992.0,-1349336.0,0.0,0.0,0.0,1.0,0.0,0.0,0.0,0.02769225711458158,-11.11151816722649,-0.4396145816940092,-0.578075867266925,1348419.0,1348482.0,63.0,524.4598810706119,11.140070933587063,11.595520941036503,3.1291632129127134,692.0,3.093810760095907,0.0,0.0,0.0,0.0,0.0,0.0,0.0,0.0,0.0,0.0,0.0,0.0,0.0,-9.914184972776885,-0.1533544697617185,0.5416666666666666
3,42088.52398,3.5077857,1,4,2,1,1,2,5,1,-29.23076923,n/a,n/a,1350335.0,1353845.0,0.0,0.0,0.0,1352568.0,1350852.0,1352845.0,1350852.0,1352045.0,1352852.0,1353845.0,3510.0,517.0,1193.0,993.0,1993.0,-1352852.0,0.0,0.0,0.0,1.0,0.0,0.0,0.0,-0.0692306427864579,-11.018056799464771,-0.4361530495546855,-1.5923047840885314,1352554.0,1352621.0,67.0,497.15617251422947,11.00969940745109,11.202282273659137,3.036386578032804,509.0,3.0270112075503914,0.0,0.0,0.0,0.0,0.0,0.0,0.0,0.0,0.0,0.0,0.0,0.0,0.0,-9.309393352347321,-1.2341383518919415,0.85
4,42092.04012,3.5994899,1,5,2,2,1,2,4,2,-29.23076923,n/a,n/a,1353852.0,1357453.0,0.0,0.0,0.0,1355835.0,1354461.0,1356453.0,1354462.0,1355452.0,1356460.0,1357454.0,3601.0,610.0,990.0,994.0,1992.0,-1356460.0,0.0,0.0,0.0,1.0,0.0,0.0,0.0,-0.19384579980208289,10.637288264139253,-0.21461499263802103,-0.7719216670690039,1355813.0,1355887.0,74.0,416.5572772990174,10.845462453968281,11.24955820307848,0.05140880193460118,361.0,0.05479870335271638,0.0,0.0,0.0,0.0,0.0,0.0,0.0,0.0,0.0,0.0,0.0,0.0,0.0,10.347346538760224,-0.6207204728450597,0.675
5,42095.64792,3.5078327,1,6,2,1,1,2,5,1,-29.23076923,n/a,n/a,1357459.0,1360968.0,0.0,0.0,0.0,1359485.0,1357976.0,1359969.0,1357976.0,1359169.0,1359976.0,1360969.0,3509.0,517.0,1193.0,993.0,1993.0,-1359976.0,0.0,0.0,0.0,1.0,0.0,0.0,0.0,0.10730749631901051,-9.827289743537696,-0.418845388858071,-1.1284594774192644,1359464.0,1359526.0,62.0,444.5763506667602,9.959908356649322,10.002954676045524,3.070285188804503,295.0,3.0553189779996046,0.0,0.0,0.0,0.0,0.0,0.0,0.0,0.0,0.0,0.0,0.0,0.0,0.0,-9.513714845735688,-0.869008661983082,0.7458333333333333
6,42099.16408,3.5078396,1,7,2,2,1,2,4,1,-29.23076923,n/a,n/a,1360975.0,1364484.0,0.0,0.0,0.0,1362785.0,1361492.0,1363485.0,1361492.0,1362485.0,1363492.0,1364485.0,3509.0,517.0,993.0,993.0,1993.0,-1363492.0,0.0,0.0,0.0,1.0,0.0,0.0,0.0,-0.07615370706510526,9.584982493785098,-0.4292299852760381,-1.0834595596080643,1362756.0,1362825.0,69.0,350.1992715974361,9.683262313255225,10.15770077024208,0.06761443723244072,271.0,0.07128318527962577,0.0,0.0,0.0,0.0,0.0,0.0,0.0,0.0,0.0,0.0,0.0,0.0,0.0,10.265617941404871,-0.4746685968815151,0.6333333333333333
7,42102.68025,3.5078132,1,8,2,1,2,1,5,1,-29.23076923,n/a,n/a,1364491.0,1368001.0,0.0,0.0,0.0,1367017.0,1365008.0,1367001.0,1365008.0,1366201.0,1367008.0,1368001.0,3510.0,517.0,1193.0,993.0,1993.0,-1367008.0,0.0,0.0,0.0,0.0,0.0,0.0,1.0,-0.17999967124479208,-11.70690169519003,-0.543460545873696,1.6719200232929583,1367003.0,1367044.0,41.0,494.9661470653452,11.737861020470211,11.680077866652898,-2.9517157490522163,802.0,-2.9507648574844083,0.0,0.0,0.0,0.0,0.0,0.0,0.0,0.0,0.0,0.0,0.0,0.0,0.0,0.0,0.0,0.0
8,42106.19641,3.5077973,1,9,2,2,2,1,4,2,-29.23076923,n/a,n/a,1368007.0,1371517.0,0.0,0.0,0.0,1369991.0,1368524.0,1370517.0,1368524.0,1369517.0,1370524.0,1371517.0,3510.0,517.0,993.0,993.0,1993.0,-1370524.0,0.0,0.0,0.0,1.0,0.0,0.0,0.0,-0.06576911064713421,9.044983480050721,-0.5711528029882775,0.5053836923411433,1369968.0,1370023.0,55.0,407.62552011133937,9.174134487497108,9.841481653965204,-0.11761573213529422,451.0,-0.1159785925801826,1.0,-2.4403801582226405,-2.5338415259843603,-1.6096124447851459,-1.6823046197109275,1370583.0,1370606.0,23.0,37.23270769030868,0.11840261635340601,0.13253645598775987,2.480549484739109,2.282255452534389,9.562752004148892,0.781377536404956,0.7208333333333333
9,42109.71257,3.5078031,1,10,2,2,1,2,5,1,-29.23076923,n/a,n/a,1371524.0,1375033.0,0.0,0.0,0.0,1373600.0,1372040.0,1374033.0,1372040.0,1373233.0,1374040.0,1375034.0,3509.0,516.0,1193.0,994.0,1993.0,-1374040.0,0.0,0.0,0.0,1.0,0.0,0.0,0.0,0.048461449950519736,9.931135707717386,-0.5365374815950487,-1.4053820485650959,1373581.0,1373637.0,56.0,379.31208115548395,9.92079338393262,9.910729830054859,0.08769047464953961,348.0,0.09198799165640989,0.0,0.0,0.0,0.0,0.0,0.0,0.0,0.0,0.0,0.0,0.0,0.0,0.0,10.53532231267752,-0.9566397875612079,0.7708333333333334
10,42113.2287,3.632953,1,11,2,2,1,2,3,1,-29.23076923,n/a,n/a,1375040.0,1378675.0,0.0,0.0,0.0,1377150.0,1375683.0,1377674.0,1375683.0,1376473.0,1377681.0,1378675.0,3635.0,643.0,790.0,994.0,1991.0,-1377681.0,0.0,0.0,0.0,1.0,0.0,0.0,0.0,0.08653830348307236,10.208058278863218,-0.45346071025129997,-1.0799980274687446,1377127.0,1377189.0,62.0,418.87757128826735,10.140893235898174,10.686729707729835,0.061822621415470826,654.0,0.07326906108772903,1.0,10.169981425330661,-3.2434556145455535,-1.3188437450820236,-0.031153789253905263,1377673.0,1377721.0,48.0,423.57118326956106,13.475104402009798,13.438884417811451,-3.0458859455029894,-3.0391559839735116,10.437247995851104,-0.781377536404956,0.7208333333333333
11,42116.86983,3.5078417,1,12,2,2,2,1,1,1,-29.23076923,n/a,n/a,1378681.0,1382190.0,0.0,0.0,0.0,1379974.0,1379198.0,1381190.0,1379198.0,1379590.0,1381197.0,1382190.0,3509.0,517.0,392.0,993.0,1992.0,-1381197.0,0.0,0.0,0.0,1.0,0.0,0.0,0.0,0.048461449950519736,9.574597897367124,-0.5642297387096302,-0.06576911064713421,1379952.0,1380005.0,53.0,415.87235064140805,9.539168654160983,10.226586894590612,-0.05227790446447851,362.0,-0.07521426013074105,0.0,0.0,0.0,0.0,0.0,0.0,0.0,0.0,0.0,0.0,0.0,0.0,0.0,10.241099362198273,-0.43085303409245207,0.375
12,42120.386,3.6327951,1,13,2,1,1,2,1,2,-29.23076923,n/a,n/a,1382197.0,1385831.0,0.0,0.0,0.0,1383590.0,1382841.0,1384832.0,1382841.0,1383230.0,1384838.0,1385832.0,3634.0,644.0,389.0,994.0,1991.0,-1384838.0,0.0,0.0,0.0,1.0,0.0,0.0,0.0,0.21807652477734077,-11.64805564882154,-0.5157682887591105,0.33230708537499865,1383572.0,1383652.0,80.0,442.5728993066482,11.89639964869755,12.553837012009648,-3.07024372685623,342.0,-3.064863058136934,0.0,0.0,0.0,0.0,0.0,0.0,0.0,0.0,0.0,0.0,0.0,0.0,0.0,-10.25744508166934,0.46006340928515943,0.36666666666666664
13,42124.02726,3.5077388,1,14,2,2,2,2,4,2,-29.23076923,n/a,n/a,1385838.0,1389348.0,0.0,0.0,0.0,1387605.0,1386355.0,1388348.0,1386355.0,1387348.0,1388354.0,1389348.0,3510.0,517.0,993.0,994.0,1993.0,-1388354.0,0.0,0.0,0.0,1.0,0.0,0.0,0.0,0.26653797472786445,9.166137104927023,-0.5573066744309868,-0.3599993424895802,1387592.0,1387644.0,52.0,372.79386927900174,8.901786048961155,9.389383435903383,-0.022166730369270332,244.0,-0.033185893938514045,0.0,0.0,0.0,0.0,0.0,0.0,0.0,0.0,0.0,0.0,0.0,0.0,0.0,9.76707349753726,0.4162478464960964,0.6166666666666667
14,42127.54328,3.5078434,1,15,2,1,1,2,4,1,-29.23076923,n/a,n/a,1389354.0,1392864.0,0.0,0.0,0.0,1391414.0,1389871.0,1391864.0,1389871.0,1390864.0,1391871.0,1392864.0,3510.0,517.0,993.0,993.0,1993.0,-1391871.0,0.0,0.0,0.0,1.0,0.0,0.0,0.0,0.28730716756379865,-10.024597075479102,-0.6715372350286407,-1.3292283414999906,1391389.0,1391462.0,73.0,445.66619494643186,10.332856657731089,10.52817815892243,3.0778991337062473,525.0,3.0546834185641085,0.0,0.0,0.0,0.0,0.0,0.0,0.0,0.0,0.0,0.0,0.0,0.0,0.0,-9.489196266529083,-0.912824224772145,0.7583333333333333
15,42131.05947,3.6327952,1,16,2,1,1,2,3,1,-29.23076923,n/a,n/a,1392870.0,1396505.0,0.0,0.0,0.0,1394213.0,1393514.0,1395505.0,1393514.0,1394305.0,1395512.0,1396505.0,3635.0,644.0,791.0,993.0,1991.0,-1395512.0,0.0,0.0,0.0,0.0,0.0,1.0,0.0,0.21115346049869735,-9.761520632890562,-0.45346071025129997,0.3253840210963513,1394192.0,1394247.0,55.0,384.84115351858327,10.003040922064914,10.304046278498804,-3.0636529726284554,-113.0,-3.0527880518299355,0.0,0.0,0.0,0.0,0.0,0.0,0.0,0.0,0.0,0.0,0.0,0.0,0.0,0.0,0.0,0.0
16,42134.70061,3.5078277,1,17,2,1,1,1,1,2,-29.23076923,n/a,n/a,1396512.0,1400021.0,0.0,0.0,0.0,1397828.0,1397028.0,1399021.0,1397028.0,1397422.0,1399028.0,1400022.0,3509.0,516.0,394.0,994.0,1993.0,-1399028.0,0.0,0.0,0.0,1.0,0.0,0.0,0.0,-0.017307660696614473,-10.876133981752536,-0.5919219958242157,0.24923031403124998,1397806.0,1397882.0,76.0,434.69533539046233,10.891356493992475,11.269913530698723,-3.0642844909205653,384.0,-3.0496257956919424,1.0,-0.017307660696614473,-10.876133981752536,-0.5919219958242157,0.24923031403124998,1397806.0,1397882.0,76.0,434.69533539046233,10.891356493992475,11.269913530698723,-3.0642844909205653,-3.0496257956919424,-10.216580782991668,0.38703747130338906,0.3875
17,42138.21675,3.5079477,1,18,2,2,1,2,3,2,-29.23076923,n/a,n/a,1400028.0,1403538.0,0.0,0.0,0.0,1401571.0,1400544.0,1402537.0,1400544.0,1401338.0,1402544.0,1403538.0,3510.0,516.0,794.0,994.0,1993.0,-1402544.0,0.0,0.0,0.0,1.0,0.0,0.0,0.0,0.03461532139322895,8.996522030100206,-0.6126911886601539,-0.5296144173164012,1401552.0,1401608.0,56.0,396.60777127063034,8.962291760788867,9.617948494746756,-0.009269722894539447,214.0,-0.033117163838673205,0.0,0.0,0.0,0.0,0.0,0.0,0.0,0.0,0.0,0.0,0.0,0.0,0.0,10.012259289603302,-0.021907781394533463,0.5041666666666667
18,42141.73302,3.5077394,1,19,2,1,2,2,2,1,-29.23076923,n/a,n/a,1403544.0,1407053.0,0.0,0.0,0.0,1404903.0,1404061.0,1406053.0,1404061.0,1404653.0,1406060.0,1407053.0,3509.0,517.0,592.0,993.0,1992.0,-1406060.0,0.0,0.0,0.0,1.0,0.0,0.0,0.0,0.21115346049869735,-10.678826649811128,-0.4949990959231723,-0.7199986849791604,1404880.0,1404946.0,66.0,475.32213010881566,10.89230423822338,11.24880832889245,3.120934435780601,227.0,3.0880230002466824,1.0,0.9934597239856723,0.6161527207994736,-0.5503836101523394,-0.578075867266925,1405497.0,1405520.0,23.0,92.33636531064283,0.3783218679345015,0.6247082589165014,3.0683295198505482,3.0138012464530473,-9.824283515686005,-0.31401153332161874,0.4083333333333333
19,42145.24909,3.5744559,1,20,2,1,2,1,5,1,-29.23076923,n/a,n/a,1407060.0,1410636.0,0.0,0.0,0.0,1409269.0,1407643.0,1409636.0,1407643.0,1408836.0,1409643.0,1410637.0,3576.0,583.0,1193.0,994.0,1993.0,-1409643.0,0.0,0.0,0.0,1.0,0.0,0.0,0.0,0.079615239204425,-10.924595431703056,-0.4430761138333289,0.2284611211953118,1409248.0,1409291.0,43.0,446.0208003982128,11.02468207014352,11.022208115968178,-3.0806427602387707,412.0,-3.0743351084863404,1.0,1.7619198589153524,1.6719200232929563,-0.45346071025129997,-1.0592288346328065,1409980.0,1410005.0,25.0,55.384514229167095,0.6124173339551605,0.6930070336205045,1.7182888465828956,1.2664215906307452,-10.600705190561795,1.0734812883320413,0.8041666666666667
20,42148.83187,3.5078284,1,21,2,2,2,2,4,1,-29.23076923,n/a,n/a,1410643.0,1414152.0,0.0,0.0,0.0,1411259.0,1411159.0,1413152.0,1411159.0,1412153.0,1413159.0,1414152.0,3509.0,516.0,994.0,993.0,1993.0,-1413159.0,0.0,1.0,0.0,0.0,0.0,0.0,0.0,0.0,0.0,0.0,0.0,0.0,0.0,0.0,0.0,0.0,0.0,0.0,0.0,0.0,0.0,0.0,0.0,0.0,0.0,0.0,0.0,0.0,0.0,0.0,0.0,0.0,0.0,0.0,0.0,0.0
21,42152.34799,3.7245359,1,22,2,2,1,1,5,2,-29.23076923,n/a,n/a,1414159.0,1417885.0,0.0,0.0,0.0,1416275.0,1414892.0,1416885.0,1414892.0,1416085.0,1416892.0,1417885.0,3726.0,733.0,1193.0,993.0,1993.0,-1416892.0,0.0,0.0,0.0,1.0,0.0,0.0,0.0,0.373845471046871,10.606134474885351,-0.9103829526419196,-1.0488442382148355,1416259.0,1416302.0,43.0,427.20676529917483,10.233225776150764,10.23792824836404,0.013530973885931117,174.0,0.020626090372232668,1.0,9.560751768809835,10.163058361052014,-0.8584599705520762,-0.9623059347317631,1416316.0,1416337.0,21.0,86.009767340741,0.6111932716700955,0.6324854842885774,0.17073521147528412,0.1372531251399415,10.363692258231287,-0.649930848037767,0.6833333333333333
22,42156.08079,3.5078482,1,23,2,1,1,2,4,1,-29.23076923,n/a,n/a,1417892.0,1421401.0,0.0,0.0,0.0,1420051.0,1418408.0,1420402.0,1418408.0,1419401.0,1420408.0,1421401.0,3509.0,516.0,993.0,993.0,1994.0,-1420408.0,0.0,0.0,0.0,1.0,0.0,0.0,0.0,0.09692289990103947,-8.927291387313744,-0.8549984384127565,-1.5542279305559787,1420039.0,1420113.0,74.0,492.96628111138426,9.051263192740242,9.0955239834306,3.0642634632253927,638.0,3.0398033544498895,0.0,0.0,0.0,0.0,0.0,0.0,0.0,0.0,0.0,0.0,0.0,0.0,0.0,-9.374776230231596,-1.1172968511211043,0.8166666666666667
23,42159.59698,3.5079606,1,24,2,1,2,2,5,1,-29.23076923,n/a,n/a,1421408.0,1424917.0,0.0,0.0,0.0,1422201.0,1421924.0,1423917.0,1421924.0,1423117.0,1423924.0,1424918.0,3509.0,516.0,1193.0,994.0,1993.0,-1423924.0,0.0,1.0,0.0,0.0,0.0,0.0,0.0,0.0,0.0,0.0,0.0,0.0,0.0,0.0,0.0,0.0,0.0,0.0,0.0,0.0,0.0,0.0,0.0,0.0,0.0,0.0,0.0,0.0,0.0,0.0,0.0,0.0,0.0,0.0,0.0,0.0
24,42163.11311,3.4995628,1,25,2,1,2,2,4,2,-29.23076923,n/a,n/a,1424924.0,1428425.0,0.0,0.0,0.0,1426734.0,1425434.0,1427425.0,1425434.0,1426424.0,1427432.0,1428425.0,3501.0,510.0,990.0,993.0,1991.0,-1427432.0,0.0,0.0,0.0,1.0,0.0,0.0,0.0,0.4949990959231723,-11.04921058871868,-0.6784602993072881,-0.3807685353255184,1426710.0,1426787.0,77.0,413.7560708834204,11.548047351362971,11.781119571548565,-3.1158112607893544,286.0,-3.0966229917374655,1.0,2.488841608173164,2.3711495154361826,-0.5746143351276013,-0.5919219958242157,1427440.0,1427479.0,39.0,23.08409132766073,0.11895790773042118,0.17098707434721494,2.995580395878522,2.587285157388243,-10.27379080114041,0.48927378447787073,0.6375
25,42166.62101,3.51604,1,26,2,2,2,2,3,1,-29.23076923,n/a,n/a,1428432.0,1431949.0,0.0,0.0,0.0,1429999.0,1428959.0,1430950.0,1428959.0,1429748.0,1430956.0,1431949.0,3517.0,527.0,789.0,993.0,1991.0,-1430956.0,0.0,0.0,0.0,1.0,0.0,0.0,0.0,0.09346136776171972,8.581138173381458,-0.5953835279635394,-0.5399990137343723,1429984.0,1430042.0,58.0,359.0907456269921,8.487857503579551,8.840612805279843,-0.006525192869466445,236.0,-0.027411855161078146,1.0,11.58920960245305,11.606517263149664,-0.3461532139322894,-0.3911531317434855,1430428.0,1430454.0,26.0,27.041585176656103,0.048213563670439594,0.15665106233666756,1.2036224929766657,2.356194490192345,9.971394990925624,0.05111815658724081,0.5125
26,42170.14541,3.5078363,1,27,2,2,1,2,2,2,-29.23076923,n/a,n/a,1431956.0,1435465.0,0.0,0.0,0.0,1433333.0,1432473.0,1434466.0,1432473.0,1433066.0,1434473.0,1435466.0,3509.0,517.0,593.0,993.0,1993.0,-1434473.0,0.0,0.0,0.0,1.0,0.0,0.0,0.0,-0.0034615321393236813,9.159214040648376,-0.6161527207994736,-0.4465376459726526,1433312.0,1433351.0,39.0,398.3791738150817,9.164245354952524,9.036390479908276,-0.018509408425230363,246.0,-0.034099464052646244,1.0,-0.0034615321393236813,9.159214040648376,-0.6161527207994736,-0.4465376459726526,1433312.0,1433351.0,39.0,398.3791738150817,9.164245354952524,9.036390479908276,-0.018509408425230363,-0.034099464052646244,9.848802094892612,0.2701959705325558,0.42083333333333334
27,42173.66158,3.5079976,1,28,2,1,1,1,3,1,-29.23076923,n/a,n/a,1435472.0,1438982.0,0.0,0.0,0.0,1437039.0,1435989.0,1437982.0,1435990.0,1436782.0,1437989.0,1438982.0,3510.0,518.0,792.0,993.0,1993.0,-1437989.0,0.0,0.0,0.0,1.0,0.0,0.0,0.0,0.079615239204425,-10.70651890692571,-0.7442294099544223,-0.6023065922421829,1437025.0,1437093.0,68.0,457.9630858813875,10.787067808468706,11.022725561794518,-3.1284355181170374,243.0,3.0957273253720037,0.0,0.0,0.0,0.0,0.0,0.0,0.0,0.0,0.0,0.0,0.0,0.0,0.0,-9.963222131190093,-0.06572334418359645,0.5166666666666667
28,42177.17776,3.5077898,1,29,2,1,2,1,4,2,-29.23076923,n/a,n/a,1438989.0,1442498.0,0.0,0.0,0.0,1440732.0,1439505.0,1441498.0,1439505.0,1440498.0,1441505.0,1442498.0,3509.0,516.0,993.0,993.0,1993.0,-1441505.0,0.0,0.0,0.0,1.0,0.0,0.0,0.0,0.09346136776171972,-9.917289579160093,-0.6507680421927026,-0.24923031403124998,1440706.0,1440752.0,46.0,382.9137124140327,10.01880068014296,10.021477505792536,-3.1015034936432677,208.0,-3.0883741873115365,0.0,0.0,0.0,0.0,0.0,0.0,0.0,0.0,0.0,0.0,0.0,0.0,0.0,-10.200235063520598,0.35782709611068175,0.6
29,42180.69392,3.507818,1,30,2,2,2,1,2,1,-29.23076923,n/a,n/a,1442505.0,1446014.0,0.0,0.0,0.0,1443881.0,1443021.0,1445014.0,1443021.0,1443615.0,1445021.0,1446014.0,3509.0,516.0,594.0,993.0,1993.0,-1445021.0,0.0,0.0,0.0,1.0,0.0,0.0,0.0,0.14192281771223947,10.623442135581966,-0.6853833635859315,-0.6023065922421829,1443858.0,1443935.0,77.0,360.00119159388083,10.481848546931651,11.077768195066712,-0.007925857808493753,243.0,-0.012499349019361674,1.0,-0.05884604636849078,0.010384596417967108,-0.1107690284583342,-0.1211536248763013,1444851.0,1444870.0,19.0,18.33486872289017,0.07000515512010662,0.11936013341820362,0.14888994760947502,-2.6260436461308028,10.15937076484292,-0.28480115812890744,0.4166666666666667
30,42184.2101,3.5077997,1,31,2,1,2,2,1,2,-29.23076923,n/a,n/a,1446021.0,1449531.0,0.0,0.0,0.0,1447164.0,1446537.0,1448530.0,1446538.0,1446931.0,1448537.0,1449531.0,3510.0,517.0,393.0,994.0,1993.0,-1448537.0,0.0,0.0,0.0,1.0,0.0,0.0,0.0,0.02769225711458158,-8.913445258756454,-0.7407678778150986,-0.6092296565208302,1447148.0,1447200.0,52.0,463.3445349682933,8.942105030773108,9.605386815492809,-3.1268821391091652,217.0,3.061504024896859,0.0,0.0,0.0,0.0,0.0,0.0,0.0,0.0,0.0,0.0,0.0,0.0,0.0,-9.619962022297639,-0.6791412232304743,0.30416666666666664
31,42187.72621,3.5078404,1,32,2,2,1,1,2,1,-29.23076923,n/a,n/a,1449537.0,1453046.0,0.0,0.0,0.0,1450680.0,1450054.0,1452046.0,1450054.0,1450647.0,1452054.0,1453046.0,3509.0,517.0,593.0,992.0,1992.0,-1452054.0,0.0,0.0,0.0,1.0,0.0,0.0,0.0,0.11423056059765394,9.678443861546809,-0.6334603814960881,-0.010384596417967108,1450666.0,1450703.0,37.0,398.82715855240883,9.58448744065135,9.588247203936122,-0.06505465141798886,19.0,-0.07081875655731126,1.0,-2.249995890559881,-2.28461121195311,-0.588460463684892,-0.5157682887591105,1451445.0,1451471.0,26.0,87.60860586391769,0.0805131838309538,0.5668146575413511,-2.015215536695991,2.875876223027178,9.619962022297639,0.6791412232304743,0.30416666666666664
32,42191.24238,3.5077837,1,33,2,2,2,2,3,2,-29.23076923,n/a,n/a,1453053.0,1456562.0,0.0,0.0,0.0,1454846.0,1453570.0,1455563.0,1453570.0,1454363.0,1455569.0,1456562.0,3509.0,517.0,793.0,993.0,1993.0,-1455569.0,0.0,0.0,0.0,1.0,0.0,0.0,0.0,0.04153838567187631,9.553828704531188,-0.4119223245794236,0.3080763603997368,1454824.0,1454880.0,56.0,418.95583181938656,9.539500260319526,10.400798748694035,-0.07554735664861707,461.0,-0.08029444153562842,0.0,0.0,0.0,0.0,0.0,0.0,0.0,0.0,0.0,0.0,0.0,0.0,0.0,9.750727778066189,0.4454582216888077,0.625
33,42194.75854,3.5078303,1,34,2,1,2,2,3,1,-29.23076923,n/a,n/a,1456569.0,1460078.0,0.0,0.0,0.0,1457429.0,1457086.0,1459079.0,1457086.0,1457879.0,1459086.0,1460079.0,3509.0,517.0,793.0,993.0,1993.0,-1459086.0,0.0,0.0,0.0,1.0,0.0,0.0,0.0,0.19384579980208289,-10.086904653986913,-0.3911531317434855,-0.4396145816940092,1458283.0,1458334.0,51.0,463.2382084142062,10.280864672060126,10.374402972131717,3.136878883789032,404.0,-3.083503001080005,0.0,0.0,0.0,0.0,0.0,0.0,0.0,0.0,0.0,0.0,0.0,0.0,0.0,-10.200235063520598,0.35782709611068175,0.6
34,42198.27482,3.5076935,1,35,2,1,2,2,2,2,-29.23076923,n/a,n/a,1460086.0,1463595.0,0.0,0.0,0.0,1461852.0,1460602.0,1462595.0,1460602.0,1461195.0,1462602.0,1463595.0,3509.0,516.0,593.0,993.0,1993.0,-1462602.0,0.0,0.0,0.0,1.0,0.0,0.0,0.0,-0.19730733194140657,-9.387675161843692,-0.6853833635859315,0.3634608746289039,1461830.0,1461887.0,57.0,394.78205385076905,9.25002351807493,9.612019069227106,-3.0279599886799895,635.0,-3.028270893086472,0.0,0.0,0.0,0.0,0.0,0.0,0.0,0.0,0.0,0.0,0.0,0.0,0.0,-10.224753642727203,0.4016426588997447,0.6125
35,42201.79102,3.5076478,1,36,2,2,1,1,2,2,-29.23076923,n/a,n/a,1463602.0,1467111.0,0.0,0.0,0.0,1464994.0,1464118.0,1466112.0,1464118.0,1464711.0,1466118.0,1467111.0,3509.0,516.0,593.0,993.0,1994.0,-1466118.0,0.0,0.0,0.0,1.0,0.0,0.0,0.0,-0.006923064278647363,8.98613743368223,-0.6161527207994736,-0.27346103900650787,1464974.0,1465043.0,69.0,363.04947038284024,8.999587474365391,9.406386058914759,-0.038087807118870984,263.0,-0.050068657409234885,1.0,-33.26532385889301,0.15923047840885393,18.726888873736858,-0.6299988493567683,1466193.0,1466242.0,49.0,28609.055600822012,38.62499106759376,121.90869695639242,0.5249263966901847,0.30938599385675164,9.865147814363674,0.24098559533984448,0.42916666666666664
36,42205.307,3.5078243,1,37,2,1,2,1,1,1,-29.23076923,n/a,n/a,1467118.0,1470627.0,0.0,0.0,0.0,1468645.0,1467634.0,1469627.0,1467634.0,1468028.0,1469634.0,1470627.0,3509.0,516.0,394.0,993.0,1993.0,-1469634.0,0.0,0.0,0.0,1.0,0.0,0.0,0.0,-0.08307677134374868,-10.329211903739516,-0.713075620700517,-0.36692240676822757,1468629.0,1468698.0,69.0,515.8073295437233,10.2519806476032,10.406192384370886,-3.107821713984879,601.0,-3.102996650120563,0.0,0.0,0.0,0.0,0.0,0.0,0.0,0.0,0.0,0.0,0.0,0.0,0.0,-9.995913570132231,-0.007302593798177821,0.49583333333333335
37,42208.82316,3.507813,1,38,2,2,2,1,5,1,-29.23076923,n/a,n/a,1470634.0,1474144.0,0.0,0.0,0.0,1472544.0,1471150.0,1473143.0,1471150.0,1472344.0,1473150.0,1474144.0,3510.0,516.0,1194.0,994.0,1993.0,-1473150.0,0.0,0.0,0.0,1.0,0.0,0.0,0.0,0.1384612855729158,8.958445176567649,-0.7407678778150986,-0.044999917811196055,1472520.0,1472577.0,57.0,401.24999296769164,8.84738429659154,9.48772618981948,-0.07872237641820962,176.0,-0.07596040755165857,0.0,0.0,0.0,0.0,0.0,0.0,0.0,0.0,0.0,0.0,0.0,0.0,0.0,9.636307741768709,0.649930848037767,0.6833333333333333
38,42212.33928,3.5078521,1,39,2,1,1,1,3,1,-29.23076923,n/a,n/a,1474150.0,1477659.0,0.0,0.0,0.0,1475993.0,1474667.0,1476659.0,1474667.0,1475460.0,1476666.0,1477659.0,3509.0,517.0,793.0,993.0,1992.0,-1476666.0,0.0,0.0,0.0,1.0,0.0,0.0,0.0,0.29076869970312236,-8.88921453378119,-0.9276906133385341,-1.2496131022955657,1475964.0,1476035.0,71.0,444.18837259269395,9.185626067718488,9.20730135123444,3.106539144662115,504.0,3.094957315626927,0.0,0.0,0.0,0.0,0.0,0.0,0.0,0.0,0.0,0.0,0.0,0.0,0.0,-9.701690619652984,-0.5330893472669337,0.65
39,42215.85546,3.5078373,1,40,2,1,2,2,3,2,-29.23076923,n/a,n/a,1477666.0,1481175.0,0.0,0.0,0.0,1479633.0,1478183.0,1480176.0,1478183.0,1478975.0,1480182.0,1481175.0,3509.0,517.0,792.0,993.0,1993.0,-1480182.0,0.0,0.0,0.0,1.0,0.0,0.0,0.0,-0.0034615321393236813,-10.225365939559829,-0.7373063456757749,0.5088452244804671,1479615.0,1479684.0,69.0,418.1733633582913,10.2975833791354,10.30571659729183,-3.0202813454412643,640.0,-3.019362390253871,0.0,0.0,0.0,0.0,0.0,0.0,0.0,0.0,0.0,0.0,0.0,0.0,0.0,-10.42907513611557,0.7667723488086003,0.7166666666666667
40,42219.37161,3.5078208,1,41,2,1,1,1,3,1,-29.23076923,n/a,n/a,1481182.0,1484692.0,0.0,0.0,0.0,1482866.0,1481699.0,1483692.0,1481699.0,1482492.0,1483699.0,1484692.0,3510.0,517.0,793.0,993.0,1993.0,-1483699.0,0.0,0.0,0.0,1.0,0.0,0.0,0.0,-0.0692306427864579,-10.60959600702467,-0.6819218314466118,-0.65769110647135,1482846.0,1482914.0,68.0,461.1166340784051,10.540393215609434,10.681361626683591,-3.1392938070646568,354.0,3.08062932894108,0.0,0.0,0.0,0.0,0.0,0.0,0.0,0.0,0.0,0.0,0.0,0.0,0.0,-9.848802094892607,-0.2701959705325558,0.575
41,42222.88777,3.5079671,1,42,2,1,1,2,3,1,-29.23076923,n/a,n/a,1484698.0,1488208.0,0.0,0.0,0.0,1486408.0,1485215.0,1487208.0,1485215.0,1486008.0,1487215.0,1488208.0,3510.0,517.0,793.0,993.0,1993.0,-1487215.0,0.0,0.0,0.0,1.0,0.0,0.0,0.0,0.010384596417967108,-10.40536561080462,-0.758075538511713,-0.792690859904942,1486390.0,1486464.0,74.0,419.3528681627772,10.41580772670716,10.586017270640115,3.138269302581341,382.0,-3.0892501996805297,0.0,0.0,0.0,0.0,0.0,0.0,0.0,0.0,0.0,0.0,0.0,0.0,0.0,-9.824283515686002,-0.31401153332161874,0.5875
42,42226.40394,3.5078293,1,43,2,2,1,1,1,1,-29.23076923,n/a,n/a,1488215.0,1491724.0,0.0,0.0,0.0,1489407.0,1488731.0,1490724.0,1488731.0,1489125.0,1490731.0,1491724.0,3509.0,516.0,394.0,993.0,1993.0,-1490731.0,0.0,0.0,0.0,1.0,0.0,0.0,0.0,-0.10038443204036315,8.567292044824164,-0.6992294921432263,-0.15576894626953025,1489385.0,1489454.0,69.0,389.84948109222336,8.68469716642509,9.150686407712413,-0.06261771106491411,260.0,-0.06473127195389843,0.0,0.0,0.0,0.0,0.0,0.0,0.0,0.0,0.0,0.0,0.0,0.0,0.0,9.660826320975307,0.6061152852487041,0.325
43,42229.92009,3.5078239,1,44,2,2,1,1,1,2,-29.23076923,n/a,n/a,1491731.0,1495241.0,0.0,0.0,0.0,1492907.0,1492247.0,1494241.0,1492247.0,1492641.0,1494247.0,1495241.0,3510.0,516.0,394.0,994.0,1994.0,-1494247.0,0.0,0.0,0.0,1.0,0.0,0.0,0.0,-0.09692289990103947,9.048445012190049,-0.8169215848802038,-0.16615354268749735,1492886.0,1492942.0,56.0,412.76825468375597,9.16849242199854,9.95950412577152,-0.07103847404505996,245.0,-0.08420917583388329,0.0,0.0,0.0,0.0,0.0,0.0,0.0,0.0,0.0,0.0,0.0,0.0,0.0,9.652653461239773,0.6207204728450597,0.32083333333333336
44,42233.43626,3.507817,1,45,2,1,1,2,1,1,-29.23076923,n/a,n/a,1495247.0,1498756.0,0.0,0.0,0.0,1496423.0,1495763.0,1497756.0,1495764.0,1496156.0,1497763.0,1498756.0,3509.0,517.0,392.0,993.0,1993.0,-1497763.0,0.0,0.0,0.0,1.0,0.0,0.0,0.0,-0.05192298208984342,-10.77228801757285,-0.6819218314466118,0.006923064278647363,1496406.0,1496479.0,73.0,378.0054556503608,10.742473355069274,10.757213353635906,-3.0774251368076664,250.0,-3.058798820206925,1.0,-5.794604801226525,-0.7061525564218697,0.32192248895702763,0.1765381391054684,1497131.0,1497173.0,42.0,371.01513966956134,5.090528740400087,5.853414000892105,0.02856365783875953,0.04851134694163379,-10.34734653876022,0.6207204728450597,0.32083333333333336
45,42236.95237,3.5078566,1,46,2,1,2,1,3,2,-29.23076923,n/a,n/a,1498763.0,1502272.0,0.0,0.0,0.0,1499846.0,1499280.0,1501273.0,1499280.0,1500072.0,1501279.0,1502272.0,3509.0,517.0,792.0,993.0,1993.0,-1501279.0,0.0,0.0,0.0,0.0,0.0,1.0,0.0,-0.08999983562239604,-9.536521043834574,-0.6992294921432263,-1.1907670559270749,1499827.0,1499894.0,67.0,442.2945515437014,9.459300825844002,9.45823862864776,3.0896058260166366,-245.0,3.0543787434712675,0.0,0.0,0.0,0.0,0.0,0.0,0.0,0.0,0.0,0.0,0.0,0.0,0.0,0.0,0.0,0.0
46,42240.46854,3.5080204,1,47,2,1,2,1,1,2,-29.23076923,n/a,n/a,1502279.0,1505788.0,0.0,0.0,0.0,1503596.0,1502796.0,1504789.0,1502796.0,1503189.0,1504796.0,1505789.0,3509.0,517.0,393.0,993.0,1993.0,-1504796.0,0.0,0.0,0.0,1.0,0.0,0.0,0.0,-0.1730766069661447,-9.349598308311139,-0.8238446491588473,-1.2046131844843657,1503582.0,1503646.0,64.0,509.42345323365845,9.18441806609159,9.217820259383457,3.1001226668263913,393.0,3.069429024630136,1.0,-0.1730766069661447,-9.349598308311139,-0.8238446491588473,-1.2046131844843657,1503582.0,1503646.0,64.0,509.42345323365845,9.18441806609159,9.217820259383457,3.1001226668263913,3.069429024630136,-9.791592076743864,-0.37243228370703346,0.39166666666666666
47,42243.98474,3.5077815,1,48,2,2,2,2,5,2,-29.23076923,n/a,n/a,1505795.0,1509305.0,0.0,0.0,0.0,1507822.0,1506312.0,1508305.0,1506312.0,1507505.0,1508312.0,1509305.0,3510.0,517.0,1193.0,993.0,1993.0,-1508312.0,0.0,0.0,0.0,1.0,0.0,0.0,0.0,0.2388457176132789,9.688828457964785,-0.7199986849791604,-0.031153789253905263,1507808.0,1507862.0,54.0,422.09446251999566,9.475055729825977,10.610059040371556,-0.07276507587199817,303.0,-0.0682392054288304,0.0,0.0,0.0,0.0,0.0,0.0,0.0,0.0,0.0,0.0,0.0,0.0,0.0,9.505541986000154,0.8836138495794376,0.75
48,42247.50105,3.5078816,1,49,2,1,1,1,4,1,-29.23076923,n/a,n/a,1509312.0,1512821.0,0.0,0.0,0.0,1511188.0,1509828.0,1511822.0,1509828.0,1510821.0,1511828.0,1512821.0,3509.0,516.0,993.0,993.0,1994.0,-1511828.0,0.0,0.0,0.0,1.0,0.0,0.0,0.0,0.12807668915494866,-10.547288428516861,-0.7996139241835893,-1.4192281771223867,1511171.0,1511241.0,70.0,520.2096638030697,10.69333167062768,10.9427594075579,3.083616194679244,350.0,3.05353894085912,0.0,0.0,0.0,0.0,0.0,0.0,0.0,0.0,0.0,0.0,0.0,0.0,0.0,-9.660826320975312,-0.6061152852487041,0.6708333333333333
49,42251.01722,3.507641,1,50,2,1,2,2,5,2,-29.23076923,n/a,n/a,1512828.0,1516337.0,0.0,0.0,0.0,1514827.0,1513344.0,1515337.0,1513344.0,1514537.0,1515344.0,1516337.0,3509.0,516.0,1193.0,993.0,1993.0,-1515344.0,0.0,0.0,0.0,1.0,0.0,0.0,0.0,-0.079615239204425,-10.457288592894464,-0.8238446491588473,0.4361530495546855,1514812.0,1514866.0,54.0,431.29850839496083,10.453884370732808,10.955311735806418,-3.020769761982144,275.0,-3.018687728570649,0.0,0.0,0.0,0.0,0.0,0.0,0.0,0.0,0.0,0.0,0.0,0.0,0.0,-10.461766575057707,0.825193099194019,0.7333333333333333
50,42254.53319,3.5078169,1,51,2,2,1,2,3,1,-29.23076923,n/a,n/a,1516344.0,1519853.0,0.0,0.0,0.0,1518277.0,1516860.0,1518853.0,1516860.0,1517654.0,1518860.0,1519853.0,3509.0,516.0,794.0,993.0,1993.0,-1518860.0,0.0,0.0,0.0,1.0,0.0,0.0,0.0,0.747690942093746,10.253058196674415,-0.951921338313796,-1.7273045375221234,1518263.0,1518300.0,37.0,423.24416739159636,9.536940062203861,9.483460993977832,0.08139298192129578,609.0,0.08405059811246461,1.0,10.232289003838472,9.782289825726496,-1.734227601800771,-1.6961507482682183,1518302.0,1518325.0,23.0,139.15784948623303,0.45160724869779667,0.9958870677424005,-3.057178347914258,-2.9810153729024833,10.396383697173428,-0.7083515984231856,0.7
51,42258.04949,3.5076666,1,52,2,2,1,1,3,2,-29.23076923,n/a,n/a,1519860.0,1523369.0,0.0,0.0,0.0,1521410.0,1520376.0,1522369.0,1520376.0,1521170.0,1522376.0,1523369.0,3509.0,516.0,794.0,993.0,1993.0,-1522376.0,0.0,0.0,0.0,1.0,0.0,0.0,0.0,0.08307677134374868,9.432675079654887,-0.713075620700517,-0.5953835279635394,1521396.0,1521467.0,71.0,413.1249140491906,9.350339028905172,9.807268301109737,-0.01258726558169003,226.0,0.029299522548734483,0.0,0.0,0.0,0.0,0.0,0.0,0.0,0.0,0.0,0.0,0.0,0.0,0.0,10.020432149338836,-0.036512968990885165,0.5083333333333333
52,42261.56547,3.5078371,1,53,2,2,2,1,2,1,-29.23076923,n/a,n/a,1523376.0,1526885.0,0.0,0.0,0.0,1524776.0,1523893.0,1525886.0,1523893.0,1524485.0,1525892.0,1526885.0,3509.0,517.0,592.0,993.0,1993.0,-1525892.0,0.0,0.0,0.0,1.0,0.0,0.0,0.0,-0.12807668915494866,9.598828622342385,-0.782306263486975,-0.7719216670690039,1524752.0,1524833.0,81.0,388.2959523147927,9.726910854874625,10.13344836611061,-0.001067615252739597,267.0,-0.048525487555901685,1.0,-0.4742299030872381,-0.46730683880859075,-0.1349997534335921,-0.21115346049869735,1525605.0,1525628.0,23.0,40.71696406889286,0.07646774430283755,0.28613703896462916,1.4801364395941328,0.6047795528131885,10.134852185636323,-0.24098559533984448,0.42916666666666664
53,42265.08165,3.5078185,1,54,2,2,1,1,3,2,-29.23076923,n/a,n/a,1526892.0,1530402.0,0.0,0.0,0.0,1528718.0,1527409.0,1529402.0,1527409.0,1528202.0,1529408.0,1530402.0,3510.0,517.0,793.0,994.0,1993.0,-1529408.0,0.0,0.0,0.0,1.0,0.0,0.0,0.0,-0.07615370706510526,9.64036700801426,-1.1076902845833263,-1.5092280127447828,1528702.0,1528744.0,42.0,439.2847341426899,9.72481400098241,9.891353981431928,0.041301757583719116,500.0,0.07250426277773048,1.0,9.076137269304631,8.996522030100206,-1.6961507482682183,-1.869227355234363,1528769.0,1528798.0,29.0,30.363861543434147,0.19051009997501744,0.25085960088308445,2.0019350675136716,2.2584675828336147,10.290136520611478,-0.518484159670578,0.6458333333333334
54,42268.5978,3.6661459,1,55,2,2,1,2,5,1,-29.23076923,n/a,n/a,1530408.0,1534076.0,0.0,0.0,0.0,1532725.0,1531084.0,1533076.0,1531084.0,1532275.0,1533083.0,1534076.0,3668.0,676.0,1191.0,993.0,1992.0,-1533083.0,0.0,0.0,0.0,1.0,0.0,0.0,0.0,0.1626920105481776,8.757676312486923,-0.9380752097565052,-1.5196126091627498,1532709.0,1532769.0,60.0,371.241140945541,8.614635273619054,9.034846227275288,0.06755712450972534,434.0,-0.07362770957063826,1.0,10.024597075479099,10.169981425330661,-1.2323054415989512,-0.3115378925390605,1533239.0,1533279.0,40.0,82.57042148155101,0.9321746019837269,1.2018447563606958,-1.4141944498128798,-0.928447291224628,10.617050910032866,-1.1026916635247526,0.8125
55,42272.27227,3.4995085,1,56,2,1,2,1,2,1,-29.23076923,n/a,n/a,1534083.0,1537584.0,0.0,0.0,0.0,1535526.0,1534592.0,1536584.0,1534593.0,1535182.0,1536591.0,1537584.0,3501.0,510.0,589.0,993.0,1992.0,-1536591.0,0.0,0.0,0.0,1.0,0.0,0.0,0.0,-0.024230724975261835,-9.702674586522072,-0.7996139241835893,-0.6784602993072881,1535506.0,1535587.0,81.0,489.2965437407994,9.679202125275296,10.459621228936975,-3.1290754246786068,324.0,-3.085965646674262,1.0,-0.024230724975261835,-9.702674586522072,-0.7996139241835893,-0.6784602993072881,1535506.0,1535587.0,81.0,489.2965437407994,9.679202125275296,10.459621228936975,-3.1290754246786068,-3.085965646674262,-9.922357832512422,-0.13874928216536678,0.4583333333333333
56,42275.78011,3.99942,1,57,2,1,1,2,5,2,-29.23076923,n/a,n/a,1537590.0,1541591.0,0.0,0.0,0.0,1540000.0,1538601.0,1540592.0,1538601.0,1539790.0,1540599.0,1541591.0,4001.0,1011.0,1189.0,992.0,1991.0,-1540599.0,0.0,0.0,0.0,1.0,0.0,0.0,0.0,0.16615354268749735,-10.33267343587884,-0.7407678778150986,-1.3673051950325432,1539978.0,1540042.0,64.0,530.9751604584857,10.517505261978165,10.738434831108854,3.081986458074526,188.0,-3.0644746389161157,1.0,2.4334570939439932,1.4330743056796775,-0.6680757028893171,-1.3673051950325432,1540683.0,1540746.0,63.0,155.5016233571237,1.2205275931900765,2.2812993769747485,2.5315637151100057,2.828479120502627,-9.628134882033171,-0.6645360356341227,0.6875
57,42279.78786,3.699447,1,58,2,2,2,1,1,1,-29.23076923,n/a,n/a,1541598.0,1545299.0,0.0,0.0,0.0,1543025.0,1542308.0,1544300.0,1542308.0,1542698.0,1544306.0,1545300.0,3701.0,710.0,390.0,994.0,1992.0,-1544306.0,0.0,0.0,0.0,1.0,0.0,0.0,0.0,-0.16961507482682103,9.761520632890562,-1.007305852542963,-1.0557673024934828,1543009.0,1543086.0,77.0,424.2452497026003,9.931253946870484,10.177899337125531,0.0048797103099166034,311.0,0.0295932635049304,1.0,-4.403068881218723,-3.136148118226543,-0.4119223245794236,-0.9242290811992143,1543736.0,1543759.0,23.0,121.85625645972098,1.3665820255582821,1.3353889337404528,0.38426929444123403,-0.40216885223867915,10.290136520611478,-0.518484159670578,0.35
58,42283.49564,3.5078519,1,59,2,1,1,1,5,2,-29.23076923,n/a,n/a,1545306.0,1548816.0,0.0,0.0,0.0,1545882.0,1545823.0,1547815.0,1545823.0,1547015.0,1547823.0,1548816.0,3510.0,517.0,1192.0,993.0,1992.0,-1547823.0,0.0,0.0,0.0,0.0,1.0,0.0,0.0,0.0,0.0,0.0,0.0,0.0,0.0,0.0,0.0,0.0,0.0,0.0,0.0,0.0,0.0,0.0,0.0,0.0,0.0,0.0,0.0,0.0,0.0,0.0,0.0,0.0,0.0,0.0,0.0,0.0
59,42287.01181,3.5079279,1,60,2,1,1,2,5,1,-29.23076923,n/a,n/a,1548822.0,1552332.0,0.0,0.0,0.0,1551638.0,1549339.0,1551331.0,1549339.0,1550532.0,1551338.0,1552332.0,3510.0,517.0,1193.0,994.0,1992.0,-1551338.0,0.0,0.0,0.0,0.0,0.0,0.0,1.0,-0.08653830348307236,-10.156135296773371,-1.3015360843854091,-2.5096108010090985,1551612.0,1551682.0,70.0,334.57995739658196,10.14180595989819,10.160587474651038,3.022190838128299,1080.0,3.0155474007752514,0.0,0.0,0.0,0.0,0.0,0.0,0.0,0.0,0.0,0.0,0.0,0.0,0.0,0.0,0.0,0.0
60,42290.52798,3.9993827,1,61,2,1,2,1,4,2,-29.23076923,n/a,n/a,1552338.0,1556339.0,0.0,0.0,0.0,1554615.0,1553348.0,1555339.0,1553349.0,1554338.0,1555346.0,1556339.0,4001.0,1011.0,989.0,993.0,1991.0,-1555346.0,0.0,1.0,0.0,0.0,0.0,0.0,0.0,0.0,0.0,0.0,0.0,0.0,0.0,0.0,0.0,0.0,0.0,0.0,0.0,0.0,0.0,0.0,0.0,0.0,0.0,0.0,0.0,0.0,0.0,0.0,0.0,0.0,0.0,0.0,0.0,0.0
61,42294.5357,3.9994467,1,62,2,1,1,2,4,2,-29.23076923,n/a,n/a,1556346.0,1560347.0,0.0,0.0,0.0,1558689.0,1557356.0,1559348.0,1557356.0,1558346.0,1559354.0,1560347.0,4001.0,1010.0,990.0,993.0,1992.0,-1559354.0,0.0,1.0,0.0,0.0,0.0,0.0,0.0,0.0,0.0,0.0,0.0,0.0,0.0,0.0,0.0,0.0,0.0,0.0,0.0,0.0,0.0,0.0,0.0,0.0,0.0,0.0,0.0,0.0,0.0,0.0,0.0,0.0,0.0,0.0,0.0,0.0
62,42298.54348,3.6578004,1,63,2,1,1,1,5,2,-29.23076923,n/a,n/a,1560354.0,1564013.0,0.0,0.0,0.0,1561364.0,1561020.0,1563014.0,1561021.0,1562213.0,1563020.0,1564013.0,3659.0,667.0,1192.0,993.0,1994.0,-1563020.0,0.0,1.0,0.0,0.0,0.0,0.0,0.0,0.0,0.0,0.0,0.0,0.0,0.0,0.0,0.0,0.0,0.0,0.0,0.0,0.0,0.0,0.0,0.0,0.0,0.0,0.0,0.0,0.0,0.0,0.0,0.0,0.0,0.0,0.0,0.0,0.0
63,42302.20963,3.5078117,1,64,2,1,2,1,4,1,-29.23076923,n/a,n/a,1564020.0,1567530.0,0.0,0.0,0.0,1566112.0,1564537.0,1566529.0,1564537.0,1565530.0,1566537.0,1567530.0,3510.0,517.0,993.0,993.0,1992.0,-1566537.0,0.0,0.0,0.0,1.0,0.0,0.0,0.0,-0.006923064278647363,-10.917672367424409,-0.8688445669700473,0.5019221602018197,1566096.0,1566160.0,64.0,515.3292798018663,10.996519984814158,11.002220028209864,-3.016612951955783,566.0,-3.0125547664452017,0.0,0.0,0.0,0.0,0.0,0.0,0.0,0.0,0.0,0.0,0.0,0.0,0.0,-10.551668032148587,0.9858501627539172,0.7791666666666667
64,42305.72576,3.5078822,1,65,2,1,1,1,1,1,-29.23076923,n/a,n/a,1567536.0,1571046.0,0.0,0.0,0.0,1568803.0,1568053.0,1570045.0,1568053.0,1568446.0,1570053.0,1571046.0,3510.0,517.0,393.0,993.0,1992.0,-1570053.0,0.0,0.0,0.0,1.0,0.0,0.0,0.0,-0.08999983562239604,-9.747674504333272,-0.4430761138333289,-0.294230231842446,1568788.0,1568863.0,75.0,449.0588482464484,9.658821620842026,9.71364513382128,-3.1261816873497166,342.0,3.1127236708948645,0.0,0.0,0.0,0.0,0.0,0.0,0.0,0.0,0.0,0.0,0.0,0.0,0.0,-10.25744508166934,0.46006340928515943,0.36666666666666664
65,42309.24191,3.9994364,1,66,2,2,2,1,4,1,-29.23076923,n/a,n/a,1571052.0,1575053.0,0.0,0.0,0.0,1572295.0,1572061.0,1574053.0,1572061.0,1573054.0,1574060.0,1575053.0,4001.0,1009.0,993.0,993.0,1992.0,-1574060.0,0.0,1.0,0.0,0.0,0.0,0.0,0.0,0.0,0.0,0.0,0.0,0.0,0.0,0.0,0.0,0.0,0.0,0.0,0.0,0.0,0.0,0.0,0.0,0.0,0.0,0.0,0.0,0.0,0.0,0.0,0.0,0.0,0.0,0.0,0.0,0.0
66,42313.24967,3.4994929,1,67,2,1,2,2,2,2,-29.23076923,n/a,n/a,1575060.0,1578561.0,0.0,0.0,0.0,1575804.0,1575570.0,1577561.0,1575570.0,1576161.0,1577568.0,1578561.0,3501.0,510.0,591.0,993.0,1991.0,-1577568.0,0.0,0.0,0.0,0.0,0.0,1.0,0.0,0.0034615321393236813,-6.310373089985635,-0.8792291633880144,-1.131921009558588,1575781.0,1575844.0,63.0,405.5614102250843,6.318889206550857,6.638591459051769,3.1015920716927887,-380.0,3.051263220042695,0.0,0.0,0.0,0.0,0.0,0.0,0.0,0.0,0.0,0.0,0.0,0.0,0.0,0.0,0.0,0.0
67,42316.75756,3.5077599,1,68,2,2,1,2,1,2,-29.23076923,n/a,n/a,1578568.0,1582078.0,0.0,0.0,0.0,1579227.0,1579085.0,1581077.0,1579085.0,1579478.0,1581084.0,1582078.0,3510.0,517.0,393.0,994.0,1992.0,-1581084.0,0.0,1.0,0.0,0.0,0.0,0.0,0.0,0.0,0.0,0.0,0.0,0.0,0.0,0.0,0.0,0.0,0.0,0.0,0.0,0.0,0.0,0.0,0.0,0.0,0.0,0.0,0.0,0.0,0.0,0.0,0.0,0.0,0.0,0.0,0.0,0.0
68,42320.2736,3.5079499,1,69,2,1,1,2,5,1,-29.23076923,n/a,n/a,1582084.0,1585593.0,0.0,0.0,0.0,1584067.0,1582600.0,1584593.0,1582601.0,1583794.0,1584600.0,1585593.0,3509.0,517.0,1193.0,993.0,1993.0,-1584600.0,0.0,0.0,0.0,1.0,0.0,0.0,0.0,-0.31499942467838415,-10.256519728813734,-0.951921338313796,-1.5334587377200406,1584052.0,1584122.0,70.0,457.6620995021516,9.958514533023669,10.191809364014837,3.0831634147945306,258.0,3.066461855952124,0.0,0.0,0.0,0.0,0.0,0.0,0.0,0.0,0.0,0.0,0.0,0.0,0.0,-9.554579144413362,-0.7959827240013116,0.725
69,42323.78978,3.507899,1,70,2,2,1,2,3,2,-29.23076923,n/a,n/a,1585600.0,1589109.0,0.0,0.0,0.0,1587159.0,1586117.0,1588110.0,1586117.0,1586909.0,1588116.0,1589109.0,3509.0,517.0,792.0,993.0,1993.0,-1588116.0,0.0,0.0,0.0,1.0,0.0,0.0,0.0,-0.22153805691666445,9.231906215574162,-0.9380752097565052,-0.8065369884622328,1587145.0,1587211.0,66.0,431.3810738711019,9.454359360461758,9.888317187144114,-0.01391341922887205,236.0,-0.02100531347217691,0.0,0.0,0.0,0.0,0.0,0.0,0.0,0.0,0.0,0.0,0.0,0.0,0.0,10.028605009074372,-0.05111815658724081,0.5125
70,42327.30597,3.5079345,1,71,2,2,1,1,2,1,-29.23076923,n/a,n/a,1589116.0,1592625.0,0.0,0.0,0.0,1590476.0,1589633.0,1591626.0,1589633.0,1590226.0,1591632.0,1592626.0,3509.0,517.0,593.0,994.0,1993.0,-1591632.0,0.0,0.0,0.0,1.0,0.0,0.0,0.0,-0.079615239204425,9.062291140747336,-0.7684601349296841,-0.758075538511713,1590457.0,1590529.0,72.0,411.9259606265474,9.141912278054601,9.539257209206463,-0.0011359328699951105,231.0,0.023951861452118667,1.0,-0.2423072497526026,-33.26532385889301,-0.41538385671874734,18.726888873736858,1590927.0,1590970.0,43.0,12421.868864004524,38.16996504130843,38.94549519432299,-2.616259891615821,-2.6083679317655606,9.832456375421541,0.2994063457252631,0.4125
71,42330.82213,3.4994886,1,72,2,1,2,2,1,1,-29.23076923,n/a,n/a,1592632.0,1596134.0,0.0,0.0,0.0,1593825.0,1593142.0,1595133.0,1593142.0,1593532.0,1595140.0,1596134.0,3502.0,510.0,390.0,994.0,1991.0,-1595140.0,0.0,0.0,0.0,1.0,0.0,0.0,0.0,0.33230708537499865,-9.515751850998637,-1.0280750453789012,-1.3638436628932196,1593795.0,1593868.0,73.0,488.081487141445,9.85378127313551,10.061012089653266,3.107510952391733,263.0,3.0923730512664145,0.0,0.0,0.0,0.0,0.0,0.0,0.0,0.0,0.0,0.0,0.0,0.0,0.0,-9.660826320975312,-0.6061152852487041,0.325
72,42334.32996,3.5078263,1,73,2,2,1,2,2,1,-29.23076923,n/a,n/a,1596140.0,1599649.0,0.0,0.0,0.0,1597590.0,1596657.0,1598650.0,1596657.0,1597250.0,1598656.0,1599649.0,3509.0,517.0,593.0,993.0,1993.0,-1598656.0,0.0,0.0,0.0,1.0,0.0,0.0,0.0,-0.1349997534335921,9.11075259069786,-0.8999983562239525,-0.4603837745299434,1597575.0,1597640.0,65.0,477.1908951927206,9.256197782537399,9.691793618410205,-0.047511951688644416,325.0,-0.06469128018465817,1.0,0.14192281771223947,-0.1488458819908829,-0.6646141707499973,-0.6161527207994736,1598413.0,1598448.0,35.0,97.72316607129409,0.29477949192294844,0.6592015151076849,-2.9764439761751555,2.7932702816491832,9.922357832512422,0.13874928216536678,0.4583333333333333
73,42337.84612,3.5078227,1,74,2,2,1,2,5,1,-29.23076923,n/a,n/a,1599656.0,1603165.0,0.0,0.0,0.0,1601556.0,1600173.0,1602166.0,1600173.0,1601366.0,1602173.0,1603166.0,3509.0,517.0,1193.0,993.0,1993.0,-1602173.0,0.0,0.0,0.0,1.0,0.0,0.0,0.0,-0.2423072497526026,9.789212890005144,-1.11115181672265,-1.2080747166236894,1601541.0,1601583.0,42.0,435.1231419214195,10.031988355400465,9.954606936830151,0.0096615351180619,175.0,0.02330013039377683,1.0,-0.2423072497526026,9.789212890005144,-1.11115181672265,-1.2080747166236894,1601541.0,1601583.0,42.0,435.1231419214195,10.031988355400465,9.954606936830151,0.0096615351180619,0.02330013039377683,10.363692258231287,-0.649930848037767,0.6833333333333333
74,42341.36228,3.5078224,1,75,2,1,1,1,5,2,-29.23076923,n/a,n/a,1603172.0,1606682.0,0.0,0.0,0.0,1604622.0,1603689.0,1605682.0,1603689.0,1604882.0,1605689.0,1606682.0,3510.0,517.0,1193.0,993.0,1993.0,-1605689.0,0.0,0.0,0.0,1.0,0.0,0.0,0.0,-0.17999967124479208,-10.914210835285084,-0.758075538511713,-0.373845471046871,1605336.0,1605417.0,81.0,357.03317107732073,10.741085702057836,10.773563214138523,-3.1058130246866242,454.0,-3.0776105619732346,1.0,-10.862287853195241,-10.872672449613212,-0.38423006746484206,-0.4569222423906236,1605433.0,1605452.0,19.0,20.397273741753533,0.07343018547031298,0.10863918114700377,1.7126933813990908,1.0358412530087828,-9.35843051076053,-1.1465072263138156,0.825
75,42344.87843,3.6911207,1,76,2,2,1,1,2,2,-29.23076923,n/a,n/a,1606688.0,1610381.0,0.0,0.0,0.0,1608365.0,1607388.0,1609381.0,1607388.0,1607982.0,1609388.0,1610381.0,3693.0,700.0,594.0,993.0,1993.0,-1609388.0,0.0,0.0,0.0,1.0,0.0,0.0,0.0,-0.15576894626953025,9.623059347317646,-0.792690859904942,-0.758075538511713,1608345.0,1608410.0,65.0,440.3007499674137,9.77888955945082,10.195302268950105,-0.003539808223890585,363.0,-0.02988240658944703,0.0,0.0,0.0,0.0,0.0,0.0,0.0,0.0,0.0,0.0,0.0,0.0,0.0,9.96322213119009,0.06572334418359252,0.4791666666666667
76,42348.57788,3.5078118,1,77,2,1,1,2,3,1,-29.23076923,n/a,n/a,1610388.0,1613897.0,0.0,0.0,0.0,1612004.0,1610905.0,1612898.0,1610905.0,1611697.0,1612904.0,1613898.0,3509.0,517.0,792.0,994.0,1993.0,-1612904.0,0.0,0.0,0.0,1.0,0.0,0.0,0.0,-0.2388457176132789,-10.311904243042902,-0.8169215848802038,-0.7961523920442657,1611985.0,1612058.0,73.0,473.1900225917008,10.073079936945872,10.17468191973061,-3.139530800841503,288.0,3.087132079656578,0.0,0.0,0.0,0.0,0.0,0.0,0.0,0.0,0.0,0.0,0.0,0.0,0.0,-9.914184972776885,-0.1533544697617185,0.5416666666666666
77,42352.09421,3.5076716,1,78,2,2,2,2,5,2,-29.23076923,n/a,n/a,1613904.0,1617414.0,0.0,0.0,0.0,1615847.0,1614421.0,1616414.0,1614421.0,1615614.0,1616420.0,1617414.0,3510.0,517.0,1193.0,994.0,1993.0,-1616420.0,0.0,0.0,0.0,1.0,0.0,0.0,0.0,-0.19384579980208289,10.104212314683531,-0.9726905311497341,0.22499958905598813,1615830.0,1615914.0,84.0,437.8853358378427,10.36747136737601,10.933084184573227,-0.11578235604944802,216.0,-0.1110418230919276,1.0,-1.7030738125468656,0.9069214205025999,-0.6819218314466118,-0.34961474607161314,1616753.0,1616806.0,53.0,252.0938002592616,2.6310650154512265,3.1365473534204735,-0.12663958587231475,0.13393717901778646,9.595443443091034,0.7229567860195374,0.7041666666666667
78,42355.61041,3.5076314,1,79,2,2,1,1,2,2,-29.23076923,n/a,n/a,1617421.0,1620930.0,0.0,0.0,0.0,1618880.0,1617937.0,1619930.0,1617937.0,1618530.0,1619936.0,1620930.0,3509.0,516.0,593.0,994.0,1993.0,-1619936.0,0.0,0.0,0.0,1.0,0.0,0.0,0.0,-0.010384596417967108,9.304598390499939,-0.8619215026913999,-0.7407678778150986,1618862.0,1618923.0,61.0,448.46476012835393,9.315770834847255,9.898772729021012,-0.013005584027088573,332.0,-0.02133289477921666,1.0,-0.010384596417967108,9.304598390499939,-0.8619215026913999,-0.7407678778150986,1618862.0,1618923.0,61.0,448.46476012835393,9.315770834847255,9.898772729021012,-0.013005584027088573,-0.02133289477921666,9.930530692247956,0.12414409456901115,0.4625
79,42359.12637,3.5078756,1,80,2,1,2,1,5,1,-29.23076923,n/a,n/a,1620936.0,1624446.0,0.0,0.0,0.0,1621447.0,1621453.0,1623446.0,1621454.0,1622646.0,1623453.0,1624446.0,3510.0,518.0,1192.0,993.0,1993.0,-1623453.0,0.0,1.0,0.0,0.0,0.0,0.0,0.0,0.0,0.0,0.0,0.0,0.0,0.0,0.0,0.0,0.0,0.0,0.0,0.0,0.0,0.0,0.0,0.0,0.0,0.0,0.0,0.0,0.0,0.0,0.0,0.0,0.0,0.0,0.0,0.0,0.0
80,42362.64254,3.7244313,1,81,2,1,2,2,4,1,-29.23076923,n/a,n/a,1624453.0,1628178.0,0.0,0.0,0.0,1625363.0,1625186.0,1627179.0,1625186.0,1626179.0,1627185.0,1628178.0,3725.0,733.0,993.0,993.0,1993.0,-1627185.0,0.0,0.0,0.0,1.0,0.0,1.0,0.0,-0.4049992603007802,-8.006523838253853,-0.6438449779140591,-1.450381966376292,1626459.0,1626528.0,69.0,437.37424672442876,7.644192424513028,7.7415786855757585,3.0358861345805606,280.0,3.03182423328792,1.0,-1.6684584911536366,-2.1323037978229036,-0.8619215026913999,-0.9692289990104104,1626911.0,1626944.0,33.0,109.0397886267288,0.47609596436575774,0.9629594194559239,2.9142488464617875,-2.9900365196210275,-10.27379080114041,0.48927378447787073,0.6375
81,42366.3753,3.5078691,1,82,2,2,2,2,4,1,-29.23076923,n/a,n/a,1628185.0,1631695.0,0.0,0.0,0.0,1629918.0,1628702.0,1630695.0,1628702.0,1629695.0,1630702.0,1631695.0,3510.0,517.0,993.0,993.0,1993.0,-1630702.0,0.0,0.0,0.0,1.0,0.0,0.0,0.0,-0.09692289990103947,9.740751440054629,-0.782306263486975,-0.12461515701562499,1629900.0,1629943.0,43.0,453.5796022578339,9.859634577942211,9.890733734578216,-0.06675499235842351,205.0,-0.07636926077214154,1.0,9.723443779358014,9.3288291154752,-0.11769209273697762,0.010384596417967108,1629945.0,1629969.0,24.0,135.27683544061898,0.4148787428348648,1.060071258277273,-2.827757501161892,-3.0204778259136287,9.7997649364794,0.35782709611068175,0.6
82,42369.89146,3.5911428,1,83,2,2,2,1,4,2,-29.23076923,n/a,n/a,1631701.0,1635294.0,0.0,0.0,0.0,1633568.0,1632301.0,1634294.0,1632301.0,1633295.0,1634301.0,1635294.0,3593.0,600.0,994.0,993.0,1993.0,-1634301.0,0.0,0.0,0.0,1.0,0.0,0.0,0.0,-0.03807685353255263,9.449982740351501,-0.8342292455768183,-0.1211536248763013,1633548.0,1633620.0,72.0,438.5108359085363,9.514817481062506,10.05192934587718,-0.07501403153294119,253.0,-0.07376096592235107,1.0,-1.3292283414999906,-0.5642297387096302,-1.1596132666731696,-0.9657674668710867,1634276.0,1634297.0,21.0,69.27149604260768,0.7891761884218966,0.7791139151076033,-0.24817014165288392,-0.2514440902780192,9.750727778066189,0.4454582216888077,0.625
83,42373.49095,3.5078239,1,84,2,1,2,1,4,2,-29.23076923,n/a,n/a,1635301.0,1638810.0,0.0,0.0,0.0,1637101.0,1635818.0,1637811.0,1635818.0,1636810.0,1637817.0,1638810.0,3509.0,517.0,992.0,993.0,1993.0,-1637817.0,0.0,0.0,0.0,1.0,0.0,0.0,0.0,0.01384612855729079,-10.194212150305924,-0.8619215026913999,-0.0553845142291671,1637084.0,1637140.0,56.0,480.588511683273,10.239870884851308,11.353844413176162,-3.062746614399933,274.0,-3.0634645455955205,0.0,0.0,0.0,0.0,0.0,0.0,0.0,0.0,0.0,0.0,0.0,0.0,0.0,-10.265617941404876,0.4746685968815151,0.6333333333333333
84,42377.00711,3.6661252,1,85,2,2,1,2,4,2,-29.23076923,n/a,n/a,1638817.0,1642484.0,0.0,0.0,0.0,1640710.0,1639494.0,1641485.0,1639494.0,1640484.0,1641492.0,1642485.0,3667.0,677.0,990.0,993.0,1991.0,-1641492.0,0.0,0.0,0.0,1.0,0.0,0.0,0.0,0.2007688640807263,8.366523180743437,-0.7684601349296841,-1.1803824595091077,1640695.0,1640748.0,53.0,403.43353113962127,8.176137447571598,8.825547350784328,0.05040237970934507,211.0,0.06633335462780016,0.0,0.0,0.0,0.0,0.0,0.0,0.0,0.0,0.0,0.0,0.0,0.0,0.0,10.200235063520598,-0.35782709611068175,0.6
85,42380.68158,3.5079534,1,86,2,1,1,2,2,2,-29.23076923,n/a,n/a,1642492.0,1646001.0,0.0,0.0,0.0,1643975.0,1643008.0,1645001.0,1643008.0,1643602.0,1645008.0,1646001.0,3509.0,516.0,594.0,993.0,1993.0,-1645008.0,0.0,0.0,0.0,1.0,0.0,0.0,0.0,0.10038443204036315,-10.135366103937432,-0.8792291633880144,-0.8134600527408802,1643960.0,1644030.0,70.0,418.7456473486347,10.235961831244051,10.233362186465571,-3.135167310834492,358.0,-3.1118214185458526,1.0,3.842300674648413,3.5619165713632617,-0.8584599705520762,-0.8584599705520762,1644675.0,1644705.0,30.0,17.6126649731725,0.2803841032851513,0.28880465244805964,3.141592653589793,-2.8995209590186715,-10.04495072854544,0.08032853177994816,0.475
86,42384.19774,3.5078926,1,87,2,2,1,1,5,1,-29.23076923,n/a,n/a,1646008.0,1649517.0,0.0,0.0,0.0,1647907.0,1646524.0,1648518.0,1646524.0,1647717.0,1648524.0,1649517.0,3509.0,516.0,1193.0,993.0,1994.0,-1648524.0,0.0,0.0,0.0,1.0,0.0,0.0,0.0,0.2561533783098934,9.764982165029881,-1.0246135132395775,-1.9073042087669156,1647894.0,1647935.0,41.0,412.2066473961972,9.54971034948837,9.564119965660446,0.09256327161784235,177.0,0.08915258117927922,0.0,0.0,0.0,0.0,0.0,0.0,0.0,0.0,0.0,0.0,0.0,0.0,0.0,10.363692258231287,-0.649930848037767,0.6833333333333333
87,42387.71391,3.6327744,1,88,2,1,2,2,4,2,-29.23076923,n/a,n/a,1649524.0,1653158.0,0.0,0.0,0.0,1650274.0,1650167.0,1652159.0,1650167.0,1651159.0,1652165.0,1653158.0,3634.0,643.0,992.0,993.0,1992.0,-1652165.0,0.0,1.0,0.0,0.0,0.0,0.0,0.0,0.0,0.0,0.0,0.0,0.0,0.0,0.0,0.0,0.0,0.0,0.0,0.0,0.0,0.0,0.0,0.0,0.0,0.0,0.0,0.0,0.0,0.0,0.0,0.0,0.0,0.0,0.0,0.0,0.0
88,42391.35502,3.5078402,1,89,2,1,2,1,3,1,-29.23076923,n/a,n/a,1653165.0,1656674.0,0.0,0.0,0.0,1654675.0,1653682.0,1655674.0,1653682.0,1654475.0,1655681.0,1656675.0,3509.0,517.0,793.0,994.0,1992.0,-1655681.0,0.0,0.0,0.0,1.0,0.0,0.0,0.0,-0.03461532139322895,-9.494982658162698,-1.007305852542963,-0.837690777716142,1654657.0,1654729.0,72.0,435.31739094386404,9.461887730269428,9.737679368637936,-3.1236655585774082,182.0,3.102835834464937,1.0,-9.494982658162698,-9.539982575973898,-0.837690777716142,-0.7684601349296841,1654734.0,1654755.0,21.0,17.35567094334139,0.08257042148155044,0.09352544824080232,-2.147171547386104,2.251317551462119,-9.97956785066116,-0.036512968990885165,0.4875
89,42394.87119,3.5078294,1,90,2,1,2,1,2,2,-29.23076923,n/a,n/a,1656681.0,1660191.0,0.0,0.0,0.0,1658258.0,1657198.0,1659190.0,1657198.0,1657791.0,1659197.0,1660191.0,3510.0,517.0,593.0,994.0,1992.0,-1659197.0,0.0,0.0,0.0,1.0,0.0,0.0,0.0,-0.19384579980208289,-9.297675326221295,-1.1838439916484313,-0.8688445669700473,1658243.0,1658312.0,69.0,470.2820488082077,9.109277506128024,9.223343161494554,-3.107005691378956,452.0,-3.098043945932916,0.0,0.0,0.0,0.0,0.0,0.0,0.0,0.0,0.0,0.0,0.0,0.0,0.0,-10.04495072854544,0.08032853177994816,0.5208333333333334
90,42398.38735,3.5078233,1,91,2,1,2,1,3,2,-29.23076923,n/a,n/a,1660197.0,1663706.0,0.0,0.0,0.0,1661723.0,1660714.0,1662707.0,1660714.0,1661507.0,1662713.0,1663706.0,3509.0,517.0,793.0,993.0,1993.0,-1662713.0,0.0,0.0,0.0,1.0,0.0,0.0,0.0,-0.07269217492578157,-9.384213629704368,-1.1146133488619736,-0.6749987671679644,1661708.0,1661771.0,63.0,533.356843967444,9.321893197373585,9.49507793500021,-3.094415788699421,201.0,3.081038579686877,0.0,0.0,0.0,0.0,0.0,0.0,0.0,0.0,0.0,0.0,0.0,0.0,0.0,-9.995913570132231,-0.007302593798177821,0.49583333333333335
91,42401.9035,3.507836,1,92,2,1,2,2,2,2,-29.23076923,n/a,n/a,1663713.0,1667222.0,0.0,0.0,0.0,1665030.0,1664230.0,1666223.0,1664230.0,1664824.0,1666230.0,1667222.0,3509.0,517.0,594.0,992.0,1993.0,-1666230.0,0.0,0.0,0.0,1.0,0.0,0.0,0.0,-0.4119223245794236,-10.066135461150976,-0.8965368240846289,-0.9069214205025999,1665012.0,1665081.0,69.0,431.74163035165486,9.654218721688125,9.672342163896563,3.140516999648248,188.0,3.080357010805996,1.0,-0.4119223245794236,-10.066135461150976,-0.8965368240846289,-0.9069214205025999,1665012.0,1665081.0,69.0,431.74163035165486,9.654218721688125,9.672342163896563,3.140516999648248,3.080357010805996,-9.791592076743864,-0.37243228370703346,0.39166666666666666
92,42405.41966,3.5078269,1,93,2,2,2,1,2,1,-29.23076923,n/a,n/a,1667229.0,1670739.0,0.0,0.0,0.0,1668573.0,1667746.0,1669739.0,1667746.0,1668339.0,1669746.0,1670739.0,3510.0,517.0,593.0,993.0,1993.0,-1669746.0,0.0,0.0,0.0,1.0,0.0,0.0,0.0,-0.23538418547395523,9.249213876270776,-1.142305605976555,-1.1976901202057222,1668561.0,1668625.0,64.0,497.65636156408993,9.484759766977142,9.887190797943388,0.00583934968743116,222.0,0.060955609467778345,1.0,-2.308841936928372,-2.3019188726497246,-1.2599976987135328,-1.2599976987135328,1669507.0,1669536.0,29.0,42.06786272205861,0.006923064278647363,0.14443343959234606,0.0,0.8023456932038375,10.175716484313991,-0.31401153332161874,0.4083333333333333
93,42408.93582,3.5078925,1,94,2,2,2,2,2,1,-29.23076923,n/a,n/a,1670746.0,1674255.0,0.0,0.0,0.0,1672079.0,1671262.0,1673255.0,1671262.0,1671855.0,1673262.0,1674255.0,3509.0,516.0,593.0,993.0,1993.0,-1673262.0,0.0,0.0,0.0,1.0,0.0,0.0,0.0,-0.02769225711458158,9.245752344131448,-1.0626903667721301,-1.1699978630911367,1672062.0,1672135.0,73.0,447.31142256394435,9.274065433839972,9.70980743836099,0.011570965467021674,207.0,0.04671830095581976,1.0,-0.9899981918463486,-1.1526902023945222,-1.0003827882643157,-1.0107673846822867,1672774.0,1672796.0,22.0,51.34930109929553,0.16302309694939301,0.4248105292519535,3.0778493410570906,2.8946377084508677,10.192062203785062,-0.3432219085143261,0.4
94,42412.45198,3.9910703,1,95,2,1,2,2,3,2,-29.23076923,n/a,n/a,1674262.0,1678254.0,0.0,0.0,0.0,1676255.0,1675262.0,1677255.0,1675262.0,1676055.0,1677261.0,1678254.0,3992.0,1000.0,793.0,993.0,1993.0,-1677261.0,0.0,1.0,0.0,0.0,0.0,0.0,0.0,0.0,0.0,0.0,0.0,0.0,0.0,0.0,0.0,0.0,0.0,0.0,0.0,0.0,0.0,0.0,0.0,0.0,0.0,0.0,0.0,0.0,0.0,0.0,0.0,0.0,0.0,0.0,0.0,0.0
95,42416.45151,3.5076995,1,96,2,2,2,2,2,2,-29.23076923,n/a,n/a,1678261.0,1681770.0,0.0,0.0,0.0,1679594.0,1678778.0,1680771.0,1678778.0,1679371.0,1680777.0,1681771.0,3509.0,517.0,593.0,994.0,1993.0,-1680777.0,0.0,0.0,0.0,1.0,0.0,0.0,0.0,-0.1765381391054684,10.048827800454362,-0.5503836101523394,-0.8030754563229131,1679576.0,1679639.0,63.0,508.4126761706238,10.228487755627974,10.745838561510633,0.024707225858119367,205.0,0.03898732645103276,0.0,0.0,0.0,0.0,0.0,0.0,0.0,0.0,0.0,0.0,0.0,0.0,0.0,10.192062203785062,-0.3432219085143261,0.4
96,42419.96755,3.507847,1,97,2,2,1,2,1,1,-29.23076923,n/a,n/a,1681777.0,1685287.0,0.0,0.0,0.0,1683010.0,1682294.0,1684287.0,1682294.0,1682687.0,1684294.0,1685287.0,3510.0,517.0,393.0,993.0,1993.0,-1684294.0,0.0,0.0,0.0,1.0,0.0,0.0,0.0,-0.006923064278647363,9.263060004828063,-0.7407678778150986,-0.1730766069661447,1682998.0,1683062.0,64.0,481.37324028376713,9.28734943245505,9.996446945940821,-0.0611633470640167,311.0,-0.06375801776627855,1.0,-2.6203798294674328,-2.5684568473775893,-0.8099985206015565,-0.7719216670690039,1683808.0,1683830.0,22.0,44.058111282186466,0.06438821976139475,0.18886774088077957,-0.632748835002193,0.8502421909506409,9.70986347938852,0.518484159670578,0.35
97,42423.48373,3.52448,1,98,2,2,1,2,3,1,-29.23076923,n/a,n/a,1685294.0,1688820.0,0.0,0.0,0.0,1686820.0,1685827.0,1687819.0,1685827.0,1686620.0,1687826.0,1688820.0,3526.0,533.0,793.0,994.0,1992.0,-1687826.0,0.0,0.0,0.0,1.0,0.0,0.0,0.0,-0.11769209273697762,9.010368158657492,-0.9484598061744722,-0.5261528851770815,1686805.0,1686869.0,64.0,455.7453939107936,9.137823979953321,9.56610486689345,-0.046231728399153946,185.0,-0.06336682677625885,0.0,0.0,0.0,0.0,0.0,0.0,0.0,0.0,0.0,0.0,0.0,0.0,0.0,9.97956785066116,0.036512968990885165,0.4875
98,42427.01654,3.691360425,1,99,2,1,2,2,1,1,-29.23076923,n/a,n/a,1688826.0,1692519.0,0.0,0.0,0.0,1690186.0,1689526.0,1691519.0,1689526.0,1689919.0,1691526.0,1692520.0,3693.0,700.0,393.0,994.0,1993.0,-1691526.0,0.0,0.0,0.0,1.0,0.0,0.0,0.0,0.14192281771223947,-9.204213958459576,-0.7857677956262986,-1.7273045375221234,1690167.0,1690221.0,54.0,446.5648514150249,9.39344261041984,9.917424294068345,3.0411906483406885,248.0,3.032477213494585,0.0,0.0,0.0,0.0,0.0,0.0,0.0,0.0,0.0,0.0,0.0,0.0,0.0,-9.652653461239776,-0.6207204728450597,0.32083333333333336
99,42430.71619,3.5076471,1,100,2,2,2,2,3,2,-29.23076923,n/a,n/a,1692526.0,1696035.0,0.0,0.0,0.0,1694042.0,1693042.0,1695035.0,1693042.0,1693836.0,1695042.0,1696036.0,3509.0,516.0,794.0,994.0,1993.0,-1695042.0,0.0,0.0,0.0,1.0,0.0,0.0,0.0,-0.26653797472786445,9.95536643269264,-0.9761520632890578,-0.5919219958242157,1694025.0,1694098.0,73.0,435.6739258489666,10.229123249779855,10.4943721497661,-0.03757120421773108,189.0,-0.04949718672812508,1.0,-0.26653797472786445,9.95536643269264,-0.9761520632890578,-0.5919219958242157,1694025.0,1694098.0,73.0,435.6739258489666,10.229123249779855,10.4943721497661,-0.03757120421773108,-0.04949718672812508,10.012259289603302,-0.021907781394533463,0.49166666666666664
100,42786.61394,3.899479,2,1,2,2,1,1,2,2,-29.23076923,n/a,n/a,2048424.0,2052323.0,0.0,0.0,0.0,2050132.0,2049314.0,2051324.0,2049314.0,2049922.0,2051330.0,2052324.0,3899.0,890.0,608.0,994.0,2010.0,-2051330.0,0.0,1.0,0.0,0.0,0.0,0.0,0.0,0.0,0.0,0.0,0.0,0.0,0.0,0.0,0.0,0.0,0.0,0.0,0.0,0.0,0.0,0.0,0.0,0.0,0.0,0.0,0.0,0.0,0.0,0.0,0.0,0.0,0.0,0.0,0.0,0.0
101,42790.52179,3.5077544,2,2,2,2,2,2,5,2,-29.23076923,n/a,n/a,2052331.0,2055840.0,0.0,0.0,0.0,2054256.0,2052847.0,2054840.0,2052847.0,2054039.0,2054846.0,2055840.0,3509.0,516.0,1192.0,994.0,1993.0,-2054846.0,0.0,0.0,0.0,1.0,0.0,0.0,0.0,-0.16961507482682103,9.21113702273822,-0.06576911064713421,0.7338448135364551,2054241.0,2054294.0,53.0,355.5946302536451,9.41476990391795,9.824109350137402,-0.08503430159430017,202.0,-0.08431167758658607,0.0,0.0,0.0,0.0,0.0,0.0,0.0,0.0,0.0,0.0,0.0,0.0,0.0,9.611789162562104,0.69374641082683,0.6958333333333333
102,42794.0379,3.5078191,2,3,2,2,2,2,5,2,-29.23076923,n/a,n/a,2055846.0,2059356.0,0.0,0.0,0.0,2057912.0,2056363.0,2058355.0,2056363.0,2057556.0,2058363.0,2059356.0,3510.0,517.0,1193.0,993.0,1992.0,-2058363.0,0.0,0.0,0.0,1.0,0.0,0.0,0.0,-0.09346136776171972,9.626520879456967,0.08653830348307236,1.2599976987135328,2057888.0,2057957.0,69.0,356.82382281618146,9.790559832742,10.420880271255696,-0.12014504704677123,332.0,-0.11953446413039737,0.0,0.0,0.0,0.0,0.0,0.0,0.0,0.0,0.0,0.0,0.0,0.0,0.0,9.481023406793547,0.9274294123685006,0.7625
103,42797.55403,3.5078266,2,4,2,2,2,2,5,2,-29.23076923,n/a,n/a,2059362.0,2062871.0,0.0,0.0,0.0,2061422.0,2059879.0,2061872.0,2059879.0,2061072.0,2061879.0,2062871.0,3509.0,517.0,1193.0,992.0,1993.0,-2061879.0,0.0,0.0,0.0,1.0,0.0,0.0,0.0,0.06576911064713421,9.17652170134499,0.0553845142291671,0.9899981918463486,2061402.0,2061461.0,59.0,338.5278934359442,9.158565143912925,9.66213392883909,-0.10222599930422788,330.0,-0.1145343975047219,1.0,0.06576911064713421,9.17652170134499,0.0553845142291671,0.9899981918463486,2061402.0,2061461.0,59.0,338.5278934359442,9.158565143912925,9.66213392883909,-0.10222599930422788,-0.1145343975047219,9.481023406793547,0.9274294123685006,0.7625
104,42801.0702,3.5161525,2,5,2,2,2,2,5,1,-29.23076923,n/a,n/a,2062879.0,2066397.0,0.0,0.0,0.0,2063471.0,2063404.0,2065397.0,2063405.0,2064596.0,2065404.0,2066398.0,3518.0,526.0,1191.0,994.0,1993.0,-2065404.0,0.0,1.0,0.0,0.0,0.0,0.0,0.0,0.0,0.0,0.0,0.0,0.0,0.0,0.0,0.0,0.0,0.0,0.0,0.0,0.0,0.0,0.0,0.0,0.0,0.0,0.0,0.0,0.0,0.0,0.0,0.0,0.0,0.0,0.0,0.0,0.0
105,42804.59468,3.5078092,2,6,2,2,2,1,5,2,-29.23076923,n/a,n/a,2066403.0,2069912.0,0.0,0.0,0.0,2068336.0,2066920.0,2068912.0,2066920.0,2068113.0,2068919.0,2069912.0,3509.0,517.0,1193.0,993.0,1992.0,-2068919.0,0.0,0.0,0.0,1.0,0.0,0.0,0.0,-0.079615239204425,9.803059018562438,0.1730766069661447,0.45346071025129997,2068304.0,2068384.0,80.0,351.4137130517554,9.886650885436525,10.356982831740295,-0.028363669840706304,191.0,-0.03677271360287674,1.0,-0.6507680421927026,-0.2388457176132789,0.4603837745299434,0.09692289990103947,2068943.0,2069000.0,57.0,69.95997285586584,0.5493485313286309,0.8533782516508384,0.7229793534014919,-2.647101834176053,9.619962022297639,0.6791412232304743,0.6916666666666667
106,42808.11082,3.5078332,2,7,2,2,2,2,3,2,-29.23076923,n/a,n/a,2069919.0,2073428.0,0.0,0.0,0.0,2071612.0,2070435.0,2072429.0,2070436.0,2071228.0,2072435.0,2073428.0,3509.0,517.0,792.0,993.0,1994.0,-2072435.0,0.0,0.0,0.0,1.0,0.0,0.0,0.0,-0.24923031403124998,8.996522030100206,-0.1384612855729158,0.294230231842446,2071595.0,2071635.0,40.0,355.8631628353929,9.255871561244543,9.257207442250754,-0.04676483108164274,367.0,-0.0497529917325246,1.0,-0.24923031403124998,8.996522030100206,-0.1384612855729158,0.294230231842446,2071595.0,2071635.0,40.0,355.8631628353929,9.255871561244543,9.257207442250754,-0.04676483108164274,-0.0497529917325246,9.840629235157076,0.28480115812890744,0.5791666666666667
107,42811.62698,3.5078061,2,8,2,2,2,1,1,1,-29.23076923,n/a,n/a,2073435.0,2076944.0,0.0,0.0,0.0,2074735.0,2073952.0,2075945.0,2073952.0,2074345.0,2075951.0,2076945.0,3509.0,517.0,393.0,994.0,1993.0,-2075951.0,0.0,0.0,0.0,1.0,0.0,0.0,0.0,-0.10730749631901051,9.346136776171814,-0.14538434985156315,-0.5053836923411433,2074708.0,2074776.0,68.0,387.6933166301925,9.460296408658797,9.941169564712702,0.03806289660672444,363.0,0.04493313763591862,1.0,9.373829033286396,9.339213711893168,-0.5711528029882775,-0.5157682887591105,2074797.0,2074818.0,21.0,36.94103389991659,0.0653120577807601,0.1455902476318983,-2.1293956421384523,2.646040980103944,10.232926502462739,-0.4162478464960964,0.37916666666666665
108,42815.14318,3.5077774,2,9,2,1,2,1,5,1,-29.23076923,n/a,n/a,2076951.0,2080461.0,0.0,0.0,0.0,2078911.0,2077468.0,2079461.0,2077468.0,2078661.0,2079468.0,2080461.0,3510.0,517.0,1193.0,993.0,1993.0,-2079468.0,0.0,0.0,0.0,1.0,0.0,0.0,0.0,-0.09346136776171972,-9.595367090203064,-0.044999917811196055,0.45346071025129997,2078888.0,2078947.0,59.0,328.6111583866432,9.51497111692369,9.637057165385485,-3.0891816793975626,227.0,-3.0876880900107295,0.0,0.0,0.0,0.0,0.0,0.0,0.0,0.0,0.0,0.0,0.0,0.0,0.0,-10.412729416644499,0.737561973615893,0.7083333333333334
109,42818.65929,3.5078122,2,10,2,2,1,1,4,2,-29.23076923,n/a,n/a,2080467.0,2083977.0,0.0,0.0,0.0,2082544.0,2080984.0,2082977.0,2080984.0,2081977.0,2082984.0,2083977.0,3510.0,517.0,993.0,993.0,1993.0,-2082984.0,0.0,0.0,0.0,1.0,0.0,0.0,0.0,-0.044999917811196055,9.214598554877547,-0.28384563542447894,-0.5192298208984342,2082521.0,2082580.0,59.0,356.6428171000416,9.262589788508985,9.695010001819687,0.02541508723933224,544.0,0.035711856078242656,0.0,0.0,0.0,0.0,0.0,0.0,0.0,0.0,0.0,0.0,0.0,0.0,0.0,10.527149452941986,-0.9420345999648523,0.7666666666666667
110,42822.17544,3.5078297,2,11,2,1,1,2,1,2,-29.23076923,n/a,n/a,2083983.0,2087492.0,0.0,0.0,0.0,2085277.0,2084500.0,2086493.0,2084500.0,2084894.0,2086500.0,2087492.0,3509.0,517.0,394.0,992.0,1993.0,-2086500.0,0.0,0.0,0.0,1.0,0.0,0.0,0.0,0.12807668915494866,-11.339979288421803,0.1765381391054684,0.5157682887591105,2085258.0,2085303.0,45.0,404.591429142374,11.473072169182407,11.49047498984015,-3.1120208360277952,364.0,-3.111764251826361,1.0,-11.329594692003832,-11.39536380265097,0.5123067566197868,0.5123067566197868,2085305.0,2085329.0,24.0,40.573658908912094,0.06576911064713814,0.30196784292274287,3.141592653589793,-2.703580453110664,-10.232926502462734,0.4162478464960964,0.37916666666666665
111,42825.69159,3.5078133,2,12,2,1,2,2,1,2,-29.23076923,n/a,n/a,2087500.0,2091009.0,0.0,0.0,0.0,2088626.0,2088016.0,2090009.0,2088016.0,2088409.0,2090016.0,2091009.0,3509.0,516.0,393.0,993.0,1993.0,-2090016.0,0.0,0.0,0.0,1.0,0.0,0.0,0.0,-0.12807668915494866,-9.789212890005144,-0.031153789253905263,-0.1349997534335921,2088606.0,2088666.0,60.0,368.20689413808566,9.661694296325802,9.719284491693186,3.130844231982688,197.0,3.089571158315687,1.0,1.8034582445872287,1.5542279305559787,-0.21461499263802103,-0.3011532961210934,2089574.0,2089597.0,23.0,47.971335090261995,0.263826889080404,0.3350720199034354,2.807394609324292,2.793704262309792,-9.603616302826568,-0.7083515984231856,0.29583333333333334
112,42829.20774,3.4994862,2,13,2,1,2,1,1,1,-29.23076923,n/a,n/a,2091016.0,2094517.0,0.0,0.0,0.0,2092242.0,2091525.0,2093516.0,2091526.0,2091915.0,2093524.0,2094517.0,3501.0,510.0,389.0,993.0,1991.0,-2093524.0,0.0,0.0,0.0,1.0,0.0,0.0,0.0,-0.09692289990103947,-9.48459806174473,-0.3634608746289039,-0.7719216670690039,2092221.0,2092286.0,65.0,405.3401747070054,9.396557090938032,9.403193280962116,3.0981097551259786,306.0,3.084133847007987,0.0,0.0,0.0,0.0,0.0,0.0,0.0,0.0,0.0,0.0,0.0,0.0,0.0,-9.70986347938852,-0.518484159670578,0.35
113,42832.71556,3.5078036,2,14,2,2,2,2,1,1,-29.23076923,n/a,n/a,2094524.0,2098033.0,0.0,0.0,0.0,2095751.0,2095040.0,2097033.0,2095040.0,2095434.0,2097040.0,2098033.0,3509.0,516.0,394.0,993.0,1993.0,-2097040.0,0.0,0.0,0.0,1.0,0.0,0.0,0.0,0.1107690284583342,9.463828868908797,0.23538418547395523,-0.8203831170195276,2095731.0,2095784.0,53.0,390.5830270554319,9.412458391730697,10.032488199258827,0.11240355412633557,297.0,0.11237183180074446,0.0,0.0,0.0,0.0,0.0,0.0,0.0,0.0,0.0,0.0,0.0,0.0,0.0,10.298309380347012,-0.5330893472669337,0.3458333333333333
114,42836.23169,3.5078247,2,15,2,2,1,1,1,1,-29.23076923,n/a,n/a,2098040.0,2101549.0,0.0,0.0,0.0,2099200.0,2098556.0,2100549.0,2098556.0,2098950.0,2100556.0,2101549.0,3509.0,516.0,394.0,993.0,1993.0,-2100556.0,0.0,0.0,0.0,1.0,0.0,0.0,0.0,-0.01384612855729079,8.709214862536399,-0.15230741413020657,0.1107690284583342,2099176.0,2099234.0,58.0,337.73795760274186,8.727027115174186,9.027259709179283,-0.030149591531096052,226.0,0.03797099621634336,0.0,0.0,0.0,0.0,0.0,0.0,0.0,0.0,0.0,0.0,0.0,0.0,0.0,9.628134882033175,0.6645360356341227,0.30833333333333335
115,42839.74794,3.5077451,2,16,2,1,2,2,1,1,-29.23076923,n/a,n/a,2101556.0,2105065.0,0.0,0.0,0.0,2102872.0,2102072.0,2104065.0,2102072.0,2102465.0,2104072.0,2105065.0,3509.0,516.0,393.0,993.0,1993.0,-2104072.0,0.0,0.0,0.0,1.0,0.0,0.0,0.0,-0.14192281771223947,-10.651134392696548,-0.294230231842446,-0.1349997534335921,2102848.0,2102921.0,73.0,419.01699992325655,10.510417797263745,10.67639600734876,-3.1264422977150232,383.0,3.0776772323136163,0.0,0.0,0.0,0.0,0.0,0.0,0.0,0.0,0.0,0.0,0.0,0.0,0.0,-9.78341921700833,-0.38703747130338906,0.3875
116,42843.27236,3.5077765,2,17,2,2,2,2,1,2,-29.23076923,n/a,n/a,2105080.0,2108589.0,0.0,0.0,0.0,2106264.0,2105597.0,2107590.0,2105597.0,2105990.0,2107597.0,2108589.0,3509.0,517.0,393.0,992.0,1993.0,-2107597.0,0.0,0.0,0.0,1.0,0.0,0.0,0.0,-0.20423039622005,10.713441971204357,-0.21115346049869735,-0.49153756378385255,2106249.0,2106294.0,45.0,398.1267780003966,10.921272140542856,10.920458029585852,0.025676030195755643,259.0,0.04217041584243145,1.0,-0.20423039622005,10.713441971204357,-0.21115346049869735,-0.49153756378385255,2106249.0,2106294.0,45.0,398.1267780003966,10.921272140542856,10.920458029585852,0.025676030195755643,0.04217041584243145,10.33917367902469,-0.6061152852487041,0.325
117,42846.78851,3.5077605,2,18,2,1,1,1,1,2,-29.23076923,n/a,n/a,2108596.0,2112106.0,0.0,0.0,0.0,2109796.0,2109113.0,2111106.0,2109113.0,2109506.0,2111113.0,2112106.0,3510.0,517.0,393.0,993.0,1993.0,-2111113.0,0.0,0.0,0.0,1.0,0.0,0.0,0.0,-0.16615354268749735,-10.519596171402275,-0.2319226533346355,0.578075867266925,2109760.0,2109831.0,71.0,324.76149546312473,10.385079290475595,10.532193207729481,-3.063516982093958,254.0,-3.0619723417006375,1.0,-0.16615354268749735,-10.519596171402275,-0.2319226533346355,0.578075867266925,2109760.0,2109831.0,71.0,324.76149546312473,10.385079290475595,10.532193207729481,-3.063516982093958,-3.0619723417006375,-10.339173679024686,0.6061152852487041,0.325
118,42850.30478,3.5076849,2,19,2,2,1,1,2,1,-29.23076923,n/a,n/a,2112113.0,2115622.0,0.0,0.0,0.0,2113479.0,2112629.0,2114622.0,2112629.0,2113222.0,2114629.0,2115622.0,3509.0,516.0,593.0,993.0,1993.0,-2114629.0,0.0,0.0,0.0,1.0,0.0,0.0,0.0,-0.10038443204036315,8.124215930990834,-0.2769225711458316,-0.079615239204425,2113459.0,2113511.0,52.0,350.7856696305556,8.226966714094006,8.548246434271833,-0.023985298394155967,237.0,-0.034831935558929834,1.0,-0.10038443204036315,8.124215930990834,-0.2769225711458316,-0.079615239204425,2113459.0,2113511.0,52.0,350.7856696305556,8.226966714094006,8.548246434271833,-0.023985298394155967,-0.034831935558929834,9.840629235157076,0.28480115812890744,0.4166666666666667
119,42853.82913,3.5078206,2,20,2,1,2,2,3,1,-29.23076923,n/a,n/a,2115637.0,2119146.0,0.0,0.0,0.0,2116231.0,2116154.0,2118147.0,2116154.0,2116947.0,2118154.0,2119146.0,3509.0,517.0,793.0,992.0,1993.0,-2118154.0,0.0,1.0,0.0,0.0,0.0,0.0,0.0,0.0,0.0,0.0,0.0,0.0,0.0,0.0,0.0,0.0,0.0,0.0,0.0,0.0,0.0,0.0,0.0,0.0,0.0,0.0,0.0,0.0,0.0,0.0,0.0,0.0,0.0,0.0,0.0,0.0
120,42857.34528,3.5077898,2,21,2,2,2,2,5,1,-29.23076923,n/a,n/a,2119153.0,2122662.0,0.0,0.0,0.0,2120397.0,2119670.0,2121663.0,2119670.0,2120863.0,2121669.0,2122663.0,3509.0,517.0,1193.0,994.0,1993.0,-2121669.0,0.0,0.0,0.0,0.0,0.0,1.0,0.0,0.0,9.903443450602797,-0.31846095681770786,-0.7719216670690039,2120380.0,2120436.0,56.0,388.2895234212979,9.913819586568492,10.445604407387323,0.04575622694625481,-483.0,0.055369831141171354,0.0,0.0,0.0,0.0,0.0,0.0,0.0,0.0,0.0,0.0,0.0,0.0,0.0,0.0,0.0,0.0
121,42860.86143,3.507823,2,22,2,2,1,2,4,2,-29.23076923,n/a,n/a,2122669.0,2126179.0,0.0,0.0,0.0,2124436.0,2123186.0,2125179.0,2123186.0,2124180.0,2125186.0,2126179.0,3510.0,517.0,994.0,993.0,1993.0,-2125186.0,0.0,0.0,0.0,1.0,0.0,0.0,0.0,-0.0692306427864579,8.899599130199158,-0.29076869970312236,-0.6403834457747355,2124417.0,2124466.0,49.0,368.19197873273265,8.975641368028466,9.458417253334972,0.038961362115103836,237.0,0.05015943013267065,0.0,0.0,0.0,0.0,0.0,0.0,0.0,0.0,0.0,0.0,0.0,0.0,0.0,10.232926502462739,-0.4162478464960964,0.6166666666666667
122,42864.37759,3.5078175,2,23,2,1,1,2,2,2,-29.23076923,n/a,n/a,2126185.0,2129695.0,0.0,0.0,0.0,2127528.0,2126702.0,2128695.0,2126702.0,2127295.0,2128702.0,2129695.0,3510.0,517.0,593.0,993.0,1993.0,-2128702.0,0.0,0.0,0.0,1.0,0.0,0.0,0.0,-0.11769209273697762,-9.841135872094988,-0.418845388858071,0.16961507482682103,2127505.0,2127564.0,59.0,346.50735904745216,9.741234246626872,9.920706422891314,-3.0811466211028513,210.0,-3.0825909594697722,1.0,-0.11769209273697762,-9.841135872094988,-0.418845388858071,0.16961507482682103,2127505.0,2127564.0,59.0,346.50735904745216,9.741234246626872,9.920706422891314,-3.0811466211028513,-3.0825909594697722,-10.192062203785062,0.3432219085143261,0.4
123,42867.89374,3.5078021,2,24,2,1,1,1,2,2,-29.23076923,n/a,n/a,2129701.0,2133210.0,0.0,0.0,0.0,2131062.0,2130218.0,2132211.0,2130218.0,2130812.0,2132218.0,2133210.0,3509.0,517.0,594.0,992.0,1993.0,-2132218.0,0.0,0.0,0.0,1.0,0.0,0.0,0.0,-0.1626920105481776,-9.983058689807226,-0.26653797472786445,-0.17999967124479208,2131043.0,2131107.0,64.0,381.88054587676356,9.820747965051904,9.837366183253412,-3.132780756192125,231.0,-3.082795505144695,0.0,0.0,0.0,0.0,0.0,0.0,0.0,0.0,0.0,0.0,0.0,0.0,0.0,-10.16754362457846,0.2994063457252631,0.4125
124,42871.40993,3.5077485,2,25,2,1,1,1,2,1,-29.23076923,n/a,n/a,2133218.0,2136727.0,0.0,0.0,0.0,2134601.0,2133734.0,2135727.0,2133734.0,2134328.0,2135734.0,2136727.0,3509.0,516.0,594.0,993.0,1993.0,-2135734.0,0.0,0.0,0.0,1.0,0.0,0.0,0.0,-0.10730749631901051,-9.335752179753849,-0.4949990959231723,-0.13153822129426843,2134584.0,2134627.0,43.0,343.62911197604706,9.235599335322139,9.21232851404918,-3.1022281525925552,256.0,-3.08444756181267,1.0,-0.10730749631901051,-9.335752179753849,-0.4949990959231723,-0.13153822129426843,2134584.0,2134627.0,43.0,343.62911197604706,9.235599335322139,9.21232851404918,-3.1022281525925552,-3.08444756181267,-10.143025045371854,0.25559078293620013,0.425
125,42874.92605,3.5078035,2,26,2,1,1,2,3,2,-29.23076923,n/a,n/a,2136734.0,2140243.0,0.0,0.0,0.0,2138277.0,2137251.0,2139243.0,2137251.0,2138043.0,2139250.0,2140243.0,3509.0,517.0,792.0,993.0,1992.0,-2139250.0,0.0,0.0,0.0,1.0,0.0,0.0,0.0,-0.09692289990103947,-9.179983233484318,-0.36692240676822757,-0.2319226533346355,2138257.0,2138309.0,52.0,373.8971055633881,9.084063515681795,9.205219557373047,-3.1267309429792864,214.0,-3.0847800338338422,0.0,0.0,0.0,0.0,0.0,0.0,0.0,0.0,0.0,0.0,0.0,0.0,0.0,-9.987740710396695,-0.021907781394533463,0.5041666666666667
126,42878.44217,3.4995123,2,27,2,1,2,2,2,2,-29.23076923,n/a,n/a,2140250.0,2143751.0,0.0,0.0,0.0,2141659.0,2140760.0,2142751.0,2140760.0,2141350.0,2142758.0,2143751.0,3501.0,510.0,590.0,993.0,1991.0,-2142758.0,0.0,0.0,0.0,1.0,0.0,0.0,0.0,-0.05884604636849078,-10.699595842647067,-0.33576861751432235,0.020769192835938154,2141641.0,2141712.0,71.0,359.65755734657296,10.646721346837811,10.795671360852781,-3.108098353119626,291.0,-3.092514919898198,0.0,0.0,0.0,0.0,0.0,0.0,0.0,0.0,0.0,0.0,0.0,0.0,0.0,-9.88966639357028,-0.1971700325507815,0.44166666666666665
127,42881.95,3.5078201,2,28,2,2,1,1,3,1,-29.23076923,n/a,n/a,2143758.0,2147268.0,0.0,0.0,0.0,2145301.0,2144274.0,2146267.0,2144274.0,2145068.0,2146274.0,2147268.0,3510.0,516.0,794.0,994.0,1993.0,-2146274.0,0.0,0.0,0.0,1.0,0.0,0.0,0.0,-0.11769209273697762,9.128060251394475,-0.0034615321393236813,-0.3703839389075513,2145278.0,2145338.0,60.0,372.1151522033176,9.25303023131346,9.780438233001023,0.03966469661313223,210.0,-0.04177518555132507,1.0,0.41538385671874734,-33.26532385889301,-0.6646141707499973,18.726888873736858,2146077.0,2146109.0,32.0,28375.93805087979,38.86412822319333,88.02763652947627,-2.619198577985612,-2.8872291619868777,10.004086429867765,-0.007302593798177821,0.5
128,42885.46614,3.5078259,2,29,2,2,2,2,2,2,-29.23076923,n/a,n/a,2147274.0,2150783.0,0.0,0.0,0.0,2148840.0,2147790.0,2149783.0,2147790.0,2148384.0,2149790.0,2150783.0,3509.0,516.0,594.0,993.0,1993.0,-2149790.0,0.0,0.0,0.0,1.0,0.0,0.0,0.0,0.5503836101523394,9.948443368414,-0.17999967124479208,-0.1730766069661447,2148819.0,2148865.0,46.0,406.1731813929963,9.39806230819291,9.427277991497748,-0.0007366481172130663,435.0,-0.017992916654446033,1.0,0.5503836101523394,9.948443368414,-0.17999967124479208,-0.1730766069661447,2148819.0,2148865.0,46.0,406.1731813929963,9.39806230819291,9.427277991497748,-0.0007366481172130663,-0.017992916654446033,9.971394990925624,0.05111815658724081,0.5125
129,42888.98232,3.5078101,2,30,2,1,2,2,2,2,-29.23076923,n/a,n/a,2150790.0,2154299.0,0.0,0.0,0.0,2152149.0,2151307.0,2153300.0,2151307.0,2151899.0,2153306.0,2154299.0,3509.0,517.0,592.0,993.0,1993.0,-2153306.0,0.0,0.0,0.0,1.0,0.0,0.0,0.0,-0.2284611211953118,-9.28036766552468,-0.26307644258854074,-0.40153772816145655,2152126.0,2152170.0,44.0,376.81665369401253,9.052965459719559,9.062575410318571,3.1262974793183065,227.0,3.093064817480979,1.0,-9.297675326221295,-9.294213794081971,-0.4084607924401,-0.328845553235675,2152172.0,2152199.0,27.0,43.73205933818021,0.0796904543739674,0.2545579762970827,-1.527345431403355,0.3906070436976775,-9.824283515686005,-0.31401153332161874,0.4083333333333333
130,42892.49846,3.4994939,2,31,2,1,2,1,3,2,-29.23076923,n/a,n/a,2154306.0,2157808.0,0.0,0.0,0.0,2155856.0,2154816.0,2156808.0,2154816.0,2155606.0,2156814.0,2157808.0,3502.0,510.0,790.0,994.0,1992.0,-2156814.0,0.0,0.0,0.0,1.0,0.0,0.0,0.0,-0.3634608746289039,-9.467290401048116,-0.2561533783098934,0.017307660696614473,2155836.0,2155890.0,54.0,369.95054451175804,9.107935714856403,9.272681585634635,-3.111563660152301,230.0,-3.096033767158165,1.0,1.4399973699583248,0.7684601349296841,0.07269217492578157,0.0553845142291671,2156403.0,2156436.0,33.0,75.59660037630616,0.6717602348670997,0.8116536313237712,3.1158251621207924,-2.9960767969298283,-10.020432149338836,0.036512968990885165,0.5083333333333333
131,42896.00628,3.4995047,2,32,2,2,1,2,5,1,-29.23076923,n/a,n/a,2157814.0,2161315.0,0.0,0.0,0.0,2159774.0,2158324.0,2160315.0,2158324.0,2159514.0,2160322.0,2161315.0,3501.0,510.0,1190.0,993.0,1991.0,-2160322.0,0.0,0.0,0.0,1.0,0.0,0.0,0.0,-0.43269151741536177,9.98305868980723,-0.4949990959231723,-1.325766809360667,2159757.0,2159822.0,65.0,390.9343847962299,10.448828995296441,11.139338429299995,0.07959222070780156,243.0,0.07496055810606336,1.0,9.598828622342385,-4.655760727389293,-1.5749971233919169,-1.3776897914505104,2160222.0,2160292.0,70.0,298.1844234010046,14.255954815890853,14.26355936008698,-3.1277518667580075,-3.0998389409293265,10.42907513611557,-0.7667723488086003,0.7166666666666667
132,42899.51412,3.50783,2,33,2,1,1,1,5,1,-29.23076923,n/a,n/a,2161322.0,2164831.0,0.0,0.0,0.0,2163298.0,2161838.0,2163832.0,2161838.0,2163031.0,2163838.0,2164831.0,3509.0,516.0,1193.0,993.0,1994.0,-2163838.0,0.0,0.0,0.0,1.0,0.0,0.0,0.0,-0.2388457176132789,-10.253058196674415,-0.22499958905598813,-0.6749987671679644,2163275.0,2163353.0,78.0,400.1963821183425,10.024317973612233,10.030772979996165,3.096686810148128,244.0,3.07839890025526,0.0,0.0,0.0,0.0,0.0,0.0,0.0,0.0,0.0,0.0,0.0,0.0,0.0,-9.570924863884427,-0.7667723488086003,0.7166666666666667
133,42903.03025,3.5078086,2,34,2,1,1,1,2,1,-29.23076923,n/a,n/a,2164838.0,2168347.0,0.0,0.0,0.0,2166314.0,2165355.0,2167348.0,2165355.0,2165948.0,2167354.0,2168348.0,3509.0,517.0,593.0,994.0,1993.0,-2167354.0,0.0,0.0,0.0,1.0,0.0,0.0,0.0,-0.32192248895702763,-11.267287113496021,-0.36692240676822757,-0.16615354268749735,2166301.0,2166356.0,55.0,374.7000838275636,10.947205803349725,11.123721185251076,-3.1232518893781327,353.0,3.1107804903996756,1.0,1.0799980274687446,0.5676912708489539,-0.2007688640807263,-0.1211536248763013,2167593.0,2167613.0,20.0,60.00266401439662,0.5184561690170802,0.5753333001504393,-2.987420483732119,-0.1631704406282202,-10.04495072854544,0.08032853177994816,0.475
134,42906.55476,3.5078352,2,35,2,1,1,2,2,1,-29.23076923,n/a,n/a,2168362.0,2171872.0,0.0,0.0,0.0,2169939.0,2168879.0,2170872.0,2168879.0,2169472.0,2170879.0,2171872.0,3510.0,517.0,593.0,993.0,1993.0,-2170879.0,0.0,0.0,0.0,1.0,0.0,0.0,0.0,-0.010384596417967108,-11.211902599266853,-0.2699995068671842,0.04153838567187631,2169922.0,2169992.0,70.0,395.3157941217158,11.205849429054249,11.503885844080182,-3.1137877075595752,450.0,-3.0904171284914104,1.0,-0.588460463684892,-33.26532385889301,-0.46384530666926704,18.726888873736858,2171592.0,2171630.0,38.0,29443.590760026407,37.895404467192336,89.61130805246198,-2.610572550645972,-2.9115857930076463,-9.955049271454559,-0.08032853177994816,0.5208333333333334
135,42910.07091,3.5078232,2,36,2,2,1,1,3,1,-29.23076923,n/a,n/a,2171879.0,2175388.0,0.0,0.0,0.0,2173505.0,2172395.0,2174389.0,2172395.0,2173188.0,2174395.0,2175388.0,3509.0,516.0,793.0,993.0,1994.0,-2174395.0,0.0,0.0,0.0,1.0,0.0,0.0,0.0,-0.373845471046871,9.868828129209568,-0.2284611211953118,-0.46384530666926704,2173485.0,2173546.0,61.0,397.5700222906539,10.245377894258535,10.76593258507881,0.022976692531855053,297.0,0.03730572134978972,1.0,9.598828622342385,9.54344410811322,-0.5746143351276013,-0.6196142529387973,2173829.0,2173858.0,29.0,24.531060917645057,0.07136131318448938,0.14900679650489304,2.4592760987150344,2.6051571959850808,10.093987886958647,-0.16795965735807414,0.5458333333333333
136,42913.58707,3.5078132,2,37,2,1,1,2,2,1,-29.23076923,n/a,n/a,2175395.0,2178904.0,0.0,0.0,0.0,2176921.0,2175911.0,2177905.0,2175911.0,2176504.0,2177911.0,2178904.0,3509.0,516.0,593.0,993.0,1994.0,-2177911.0,0.0,0.0,0.0,1.0,0.0,0.0,0.0,-0.28038410328515523,-10.484980850009046,-0.4707683709479144,-0.04153838567187631,2176904.0,2176962.0,58.0,423.77229838093905,10.213619982332801,10.471944860278857,-3.0995550183573464,400.0,-3.0886794959155095,1.0,-10.491903914287693,-10.730749631900972,-0.05192298208984342,-0.048461449950519736,2176964.0,2176984.0,20.0,24.237592121487694,0.23887079986250676,0.2532602259241037,-3.12710091452429,-2.763624342093526,-10.004086429867765,0.007302593798177821,0.49583333333333335
137,42917.10323,3.5077693,2,38,2,1,1,2,3,2,-29.23076923,n/a,n/a,2178911.0,2182421.0,0.0,0.0,0.0,2180571.0,2179427.0,2181420.0,2179427.0,2180221.0,2181427.0,2182421.0,3510.0,516.0,794.0,994.0,1993.0,-2181427.0,0.0,0.0,0.0,1.0,0.0,0.0,0.0,-0.19384579980208289,-10.304981178764258,-0.4465376459726526,-0.9865366597070249,2180550.0,2180610.0,60.0,376.71947907768254,10.125544804430756,10.451440967531497,3.0882369751170438,329.0,3.0822728151414354,0.0,0.0,0.0,0.0,0.0,0.0,0.0,0.0,0.0,0.0,0.0,0.0,0.0,-9.873320674099213,-0.22638040774349277,0.5625
138,42920.61948,3.507685,2,39,2,1,2,2,2,1,-29.23076923,n/a,n/a,2182427.0,2185936.0,0.0,0.0,0.0,2183910.0,2182944.0,2184936.0,2182944.0,2183537.0,2184943.0,2185936.0,3509.0,517.0,593.0,993.0,1992.0,-2184943.0,0.0,0.0,0.0,1.0,0.0,0.0,0.0,-0.16961507482682103,-10.478057785730403,-0.4119223245794236,0.2423072497526026,2183896.0,2183953.0,57.0,346.16571368377316,10.329182322909778,10.656564362887522,-3.0782122451277596,359.0,-3.076256096114174,1.0,-10.478057785730403,-10.754980356876235,0.2423072497526026,0.2769225711458316,2183955.0,2183975.0,20.0,41.54239188162329,0.27907764311240457,0.2848148980796065,-3.017237659043032,-2.8582846892143436,-9.955049271454559,-0.08032853177994816,0.475
139,42924.13554,3.5078857,2,40,2,2,2,1,1,2,-29.23076923,n/a,n/a,2185943.0,2189452.0,0.0,0.0,0.0,2187126.0,2186460.0,2188453.0,2186460.0,2186853.0,2188459.0,2189452.0,3509.0,517.0,393.0,993.0,1993.0,-2188459.0,0.0,0.0,0.0,1.0,0.0,0.0,0.0,-0.2561533783098934,10.287673518067644,-0.2388457176132789,-1.1284594774192644,2187108.0,2187168.0,60.0,431.6626036378691,10.58129000937081,11.30816220480946,0.08417358773892332,255.0,0.08858134905280976,0.0,0.0,0.0,0.0,0.0,0.0,0.0,0.0,0.0,0.0,0.0,0.0,0.0,10.33917367902469,-0.6061152852487041,0.325
140,42927.65167,3.5078215,2,41,2,2,1,2,4,2,-29.23076923,n/a,n/a,2189459.0,2192969.0,0.0,0.0,0.0,2191176.0,2189976.0,2191969.0,2189976.0,2190969.0,2191976.0,2192969.0,3510.0,517.0,993.0,993.0,1993.0,-2191976.0,0.0,0.0,0.0,1.0,0.0,0.0,0.0,-0.06576911064713421,8.148446655966097,-0.38423006746484206,-0.7442294099544223,2191154.0,2191214.0,60.0,369.89520973510855,8.222100716183808,8.844084553532092,0.043798352539737656,185.0,0.04816022319801697,0.0,0.0,0.0,0.0,0.0,0.0,0.0,0.0,0.0,0.0,0.0,0.0,0.0,10.175716484313991,-0.31401153332161874,0.5875
141,42931.16781,3.5078419,2,42,2,2,2,2,2,2,-29.23076923,n/a,n/a,2192975.0,2196485.0,0.0,0.0,0.0,2194368.0,2193492.0,2195485.0,2193492.0,2194085.0,2195492.0,2196485.0,3510.0,517.0,593.0,993.0,1993.0,-2195492.0,0.0,0.0,0.0,1.0,0.0,0.0,0.0,-0.26307644258854074,10.23921206811712,-0.3080763603997368,-0.3634608746289039,2194340.0,2194410.0,70.0,403.27220830429275,10.502434546642817,11.37409633210209,0.005273517363152016,255.0,0.022827084521385262,1.0,-0.26307644258854074,10.23921206811712,-0.3080763603997368,-0.3634608746289039,2194340.0,2194410.0,70.0,403.27220830429275,10.502434546642817,11.37409633210209,0.005273517363152016,0.022827084521385262,10.143025045371859,-0.25559078293620013,0.425
142,42934.68397,3.5078204,2,43,2,2,2,2,4,1,-29.23076923,n/a,n/a,2196492.0,2200001.0,0.0,0.0,0.0,2198201.0,2197008.0,2199001.0,2197008.0,2198001.0,2199008.0,2200001.0,3509.0,516.0,993.0,993.0,1993.0,-2199008.0,0.0,0.0,0.0,1.0,0.0,0.0,0.0,-0.15923047840885393,8.446138419947863,-0.3530762782109368,-0.33576861751432235,2198182.0,2198237.0,55.0,406.7991693032645,8.605386303468537,9.186372835912444,-0.0020112603612434084,181.0,0.025249062026711133,1.0,-0.15923047840885393,8.446138419947863,-0.3530762782109368,-0.33576861751432235,2198182.0,2198237.0,55.0,406.7991693032645,8.605386303468537,9.186372835912444,-0.0020112603612434084,0.025249062026711133,9.824283515686005,0.31401153332161874,0.5875
143,42938.20012,3.507791,2,44,2,1,1,1,5,1,-29.23076923,n/a,n/a,2200008.0,2203517.0,0.0,0.0,0.0,2201917.0,2200524.0,2202517.0,2200524.0,2201717.0,2202524.0,2203517.0,3509.0,516.0,1193.0,993.0,1993.0,-2202524.0,0.0,0.0,0.0,1.0,0.0,0.0,0.0,-0.26307644258854074,-10.246135132395768,-0.1903842676627592,-1.0696134310507737,2201900.0,2201956.0,56.0,395.995931518039,10.02170168813099,10.153613751923881,3.053747193882006,183.0,3.0429077519261667,1.0,0.39807619602213284,0.31846095681770786,0.2423072497526026,0.10038443204036315,2202687.0,2202708.0,21.0,11.201799447881351,0.1627288311915235,0.15642142469206874,2.0820270390726754,2.0047496961887865,-9.628134882033171,-0.6645360356341227,0.6875
144,42941.71625,3.5079977,2,45,2,1,1,1,1,2,-29.23076923,n/a,n/a,2203524.0,2207034.0,0.0,0.0,0.0,2204217.0,2204040.0,2206033.0,2204041.0,2204434.0,2206040.0,2207034.0,3510.0,517.0,393.0,994.0,1993.0,-2206040.0,0.0,1.0,0.0,0.0,0.0,0.0,0.0,0.0,0.0,0.0,0.0,0.0,0.0,0.0,0.0,0.0,0.0,0.0,0.0,0.0,0.0,0.0,0.0,0.0,0.0,0.0,0.0,0.0,0.0,0.0,0.0,0.0,0.0,0.0,0.0,0.0
145,42945.23243,3.5078379,2,46,2,1,2,1,3,2,-29.23076923,n/a,n/a,2207040.0,2210549.0,0.0,0.0,0.0,2208566.0,2207557.0,2209550.0,2207557.0,2208350.0,2209556.0,2210549.0,3509.0,517.0,793.0,993.0,1993.0,-2209556.0,0.0,0.0,0.0,1.0,0.0,0.0,0.0,0.11423056059765394,-8.961906708706973,-0.38423006746484206,-0.45346071025129997,2208539.0,2208595.0,56.0,400.6037025553674,9.07640130300336,9.364715711817615,3.1339650364547027,189.0,3.1097986372897104,1.0,0.7338448135364551,0.7061525564218697,-0.33923014965364207,-0.3426916817929658,2210077.0,2210097.0,20.0,22.08187414112639,0.0279077643112429,0.11506666003008836,3.017237659043014,2.3774678762163868,-9.987740710396695,-0.021907781394533463,0.49166666666666664
146,42948.7486,3.507879,2,47,2,2,2,2,1,1,-29.23076923,n/a,n/a,2210556.0,2214065.0,0.0,0.0,0.0,2211766.0,2211073.0,2213066.0,2211073.0,2211466.0,2213073.0,2214066.0,3509.0,517.0,393.0,993.0,1993.0,-2213073.0,0.0,0.0,0.0,1.0,0.0,0.0,0.0,-0.0692306427864579,9.98652022194655,-0.5399990137343723,-0.6923064278645789,2211728.0,2211800.0,72.0,410.19155850976176,10.05690424544142,10.491643525267083,0.015145141403569304,262.0,0.03564023373450293,0.0,0.0,0.0,0.0,0.0,0.0,0.0,0.0,0.0,0.0,0.0,0.0,0.0,10.331000819289153,-0.5915100976523484,0.32916666666666666
147,42952.26494,3.5076336,2,48,2,2,1,2,2,2,-29.23076923,n/a,n/a,2214073.0,2217582.0,0.0,0.0,0.0,2215422.0,2214589.0,2216582.0,2214589.0,2215182.0,2216588.0,2217582.0,3509.0,516.0,593.0,994.0,1993.0,-2216588.0,0.0,0.0,0.0,1.0,0.0,0.0,0.0,-0.19730733194140657,8.868445340945257,-0.6715372350286407,-0.4223069209973947,2215399.0,2215475.0,76.0,361.2421100538411,9.069177872077699,9.545768462982746,-0.027484486276927254,217.0,-0.03481901350709667,0.0,0.0,0.0,0.0,0.0,0.0,0.0,0.0,0.0,0.0,0.0,0.0,0.0,9.816110655950471,0.32861672091797045,0.4041666666666667
148,42955.7809,3.5077836,2,49,2,2,2,2,3,1,-29.23076923,n/a,n/a,2217588.0,2221098.0,0.0,0.0,0.0,2219105.0,2218105.0,2220097.0,2218105.0,2218898.0,2220105.0,2221098.0,3510.0,517.0,793.0,993.0,1992.0,-2220105.0,0.0,0.0,0.0,1.0,0.0,0.0,0.0,-0.03461532139322895,9.505367254580666,-0.5019221602018197,-0.24923031403124998,2219080.0,2219154.0,74.0,409.0869410955399,9.543328597455218,10.276552634734172,-0.02648147133754912,182.0,-0.034701264995986705,1.0,8.941137515871034,-0.8549984384127565,-0.26307644258854074,-0.7061525564218697,2219594.0,2219637.0,43.0,410.7008162676207,9.806150930791409,9.771498126010789,3.096393776293064,3.0891399239522705,10.020432149338836,-0.036512968990885165,0.4875
149,42959.29704,3.507866,2,50,2,1,1,1,4,1,-29.23076923,n/a,n/a,2221104.0,2224614.0,0.0,0.0,0.0,2222838.0,2221621.0,2223615.0,2221621.0,2222614.0,2223621.0,2224614.0,3510.0,517.0,993.0,993.0,1994.0,-2223621.0,0.0,0.0,0.0,1.0,0.0,0.0,0.0,-0.16615354268749735,-9.668059265128843,-0.2388457176132789,-0.5330759494557249,2222819.0,2222892.0,73.0,357.7963225142818,9.506460108131398,9.521195690598963,3.1106371533904182,205.0,3.077926537289777,1.0,2.6792258758359235,2.8038410328515444,-0.0692306427864579,-0.3599993424895802,2223443.0,2223485.0,42.0,114.8089321645465,0.3163469204608643,1.2796296943782826,1.1659045405098214,0.3191842640509199,-9.7997649364794,-0.35782709611068175,0.6
150,42962.81322,3.5078189,2,51,2,2,1,1,2,2,-29.23076923,n/a,n/a,2224621.0,2228130.0,0.0,0.0,0.0,2225954.0,2225137.0,2227130.0,2225137.0,2225731.0,2227137.0,2228130.0,3509.0,516.0,594.0,993.0,1993.0,-2227137.0,0.0,0.0,0.0,1.0,0.0,0.0,0.0,-0.29076869970312236,8.979214369403591,-0.4119223245794236,-0.13153822129426843,2225932.0,2225999.0,67.0,445.0208358369013,9.27422241198151,9.890754935063848,-0.030237234001702376,201.0,-0.04831555753406627,0.0,0.0,0.0,0.0,0.0,0.0,0.0,0.0,0.0,0.0,0.0,0.0,0.0,9.7997649364794,0.35782709611068175,0.3958333333333333
151,42966.32935,3.5078257,2,52,2,1,1,2,5,2,-29.23076923,n/a,n/a,2228137.0,2231646.0,0.0,0.0,0.0,2230097.0,2228654.0,2230646.0,2228654.0,2229847.0,2230653.0,2231646.0,3509.0,517.0,1193.0,993.0,1992.0,-2230653.0,0.0,0.0,0.0,1.0,0.0,0.0,0.0,0.1107690284583342,-10.259981260953058,-0.4119223245794236,-1.142305605976555,2230080.0,2230147.0,67.0,462.3017682471487,10.396437914164203,10.487336461430383,3.0712815115681793,233.0,3.061631061224283,0.0,0.0,0.0,0.0,0.0,0.0,0.0,0.0,0.0,0.0,0.0,0.0,0.0,-9.579097723619963,-0.7521671612122487,0.7125
152,42969.84566,3.5076938,2,53,2,2,1,2,1,1,-29.23076923,n/a,n/a,2231653.0,2235162.0,0.0,0.0,0.0,2232929.0,2232170.0,2234163.0,2232170.0,2232562.0,2234169.0,2235162.0,3509.0,517.0,392.0,993.0,1993.0,-2234169.0,0.0,0.0,0.0,1.0,0.0,0.0,0.0,-0.1349997534335921,9.16959863706635,-0.31846095681770786,-0.1869227355234355,2232914.0,2232971.0,57.0,453.0781361772577,9.30552811570388,10.315993013613983,-0.014135963111560774,352.0,-0.03826204270685696,0.0,0.0,0.0,0.0,0.0,0.0,0.0,0.0,0.0,0.0,0.0,0.0,0.0,9.750727778066189,0.4454582216888077,0.37083333333333335
153,42973.36168,3.5078147,2,54,2,1,1,2,1,2,-29.23076923,n/a,n/a,2235169.0,2238678.0,0.0,0.0,0.0,2236329.0,2235686.0,2237679.0,2235686.0,2236079.0,2237685.0,2238679.0,3509.0,517.0,393.0,994.0,1993.0,-2237685.0,0.0,0.0,0.0,1.0,0.0,0.0,0.0,-0.3773070031861947,-10.973056881653575,-0.38423006746484206,0.04153838567187631,2236306.0,2236384.0,78.0,386.7305888508887,10.604300743694889,10.609325518438855,-3.1014313133008065,227.0,-3.0909988200715026,0.0,0.0,0.0,0.0,0.0,0.0,0.0,0.0,0.0,0.0,0.0,0.0,0.0,-10.371865117966827,0.6645360356341227,0.30833333333333335
154,42976.87783,3.5078182,2,55,2,1,1,1,4,1,-29.23076923,n/a,n/a,2238685.0,2242195.0,0.0,0.0,0.0,2240468.0,2239202.0,2241194.0,2239202.0,2240195.0,2241201.0,2242195.0,3510.0,517.0,993.0,994.0,1992.0,-2241201.0,0.0,0.0,0.0,1.0,0.0,0.0,0.0,-0.062307578507810525,-10.09382771826556,-0.2319226533346355,-0.7165371528398408,2240447.0,2240501.0,54.0,380.5696200952478,10.04321898235302,10.061526568719806,3.0933210032561416,252.0,3.068937051277733,1.0,-10.104212314683528,-10.329211903739516,-0.7096140885611933,-0.6784602993072881,2240503.0,2240526.0,23.0,27.213357408650722,0.22714615044116482,0.2966837981841931,-3.004005917119447,-3.0128961523117765,-9.758900637801727,-0.43085303409245207,0.6208333333333333
155,42980.40232,3.5078215,2,56,2,1,2,2,3,2,-29.23076923,n/a,n/a,2242211.0,2245719.0,0.0,0.0,0.0,2243901.0,2242728.0,2244720.0,2242728.0,2243518.0,2244726.0,2245719.0,3508.0,517.0,790.0,993.0,1992.0,-2244726.0,0.0,0.0,0.0,1.0,0.0,0.0,0.0,-0.12461515701562499,-10.889980110309827,-0.4292299852760381,0.21461499263802103,2243881.0,2243957.0,76.0,387.9666560621134,10.784601009457894,10.83366271171456,-3.081856734686084,363.0,-3.0513666811409528,0.0,0.0,0.0,0.0,0.0,0.0,0.0,0.0,0.0,0.0,0.0,0.0,0.0,-10.15119790510739,0.2701959705325558,0.575
156,42983.91847,3.5078086,2,57,2,1,1,2,1,2,-29.23076923,n/a,n/a,2245726.0,2249235.0,0.0,0.0,0.0,2247103.0,2246242.0,2248235.0,2246242.0,2246636.0,2248242.0,2249235.0,3509.0,516.0,394.0,993.0,1993.0,-2248242.0,0.0,0.0,0.0,1.0,0.0,0.0,0.0,-0.31846095681770786,-10.79998027468743,-0.46384530666926704,0.03461532139322895,2247080.0,2247154.0,74.0,387.85725759059034,10.493365056482341,10.509399129976336,-3.0940723131320333,444.0,-3.0687363669138756,1.0,3.1534557789231537,3.021917557628885,-1.2392285058775947,-1.3049976165247328,2247751.0,2247770.0,19.0,23.787104394830774,0.14706420222669903,0.17227861495155672,2.677945044588963,2.7498927141523453,-10.15119790510739,0.2701959705325558,0.42083333333333334
157,42987.43462,3.5078205,2,58,2,2,1,2,4,1,-29.23076923,n/a,n/a,2249242.0,2252752.0,0.0,0.0,0.0,2251052.0,2249759.0,2251751.0,2249759.0,2250752.0,2251758.0,2252752.0,3510.0,517.0,993.0,994.0,1992.0,-2251758.0,0.0,0.0,0.0,1.0,0.0,0.0,0.0,0.08307677134374868,11.893824430713462,-0.3530762782109368,-0.10730749631901051,2251034.0,2251122.0,88.0,318.88970170481826,11.813304472816224,12.368718914615433,-0.020805907016758725,282.0,-0.04227172233209607,0.0,0.0,0.0,0.0,0.0,0.0,0.0,0.0,0.0,0.0,0.0,0.0,0.0,10.273790801140407,-0.48927378447787073,0.6375
158,42990.95077,3.5078161,2,59,2,2,2,1,4,1,-29.23076923,n/a,n/a,2252758.0,2256267.0,0.0,0.0,0.0,2254725.0,2253275.0,2255268.0,2253275.0,2254268.0,2255275.0,2256267.0,3509.0,517.0,993.0,992.0,1993.0,-2255275.0,0.0,0.0,0.0,1.0,0.0,0.0,0.0,-0.08653830348307236,9.48459806174473,-0.4880760316445289,0.03807685353255263,2254701.0,2254750.0,49.0,407.2926476675278,9.58558752400531,9.593444448545158,-0.054917599097366286,433.0,-0.07331265503335571,1.0,9.467290401048116,8.979214369403591,0.03807685353255263,0.1626920105481776,2254752.0,2254772.0,20.0,78.5334773001125,0.5037332131435213,0.7083296263479979,-2.8916140321289676,-2.8028421914274353,9.579097723619963,0.7521671612122487,0.7125
159,42994.46694,3.5078179,2,60,2,1,1,1,1,2,-29.23076923,n/a,n/a,2256274.0,2259783.0,0.0,0.0,0.0,2257524.0,2256791.0,2258784.0,2256791.0,2257184.0,2258791.0,2259784.0,3509.0,517.0,393.0,993.0,1993.0,-2258791.0,0.0,0.0,0.0,1.0,0.0,0.0,0.0,-0.03461532139322895,-11.256902517078053,-0.6196142529387973,-0.3080763603997368,2257507.0,2257589.0,82.0,512.4938323085581,11.226610608768759,11.225829315162551,-3.11383913999084,323.0,-3.0984096392526634,0.0,0.0,0.0,0.0,0.0,0.0,0.0,0.0,0.0,0.0,0.0,0.0,0.0,-10.27379080114041,0.48927378447787073,0.35833333333333334
160,42997.98328,3.5076334,2,61,2,1,2,1,4,1,-29.23076923,n/a,n/a,2259791.0,2263300.0,0.0,0.0,0.0,2261584.0,2260307.0,2262300.0,2260307.0,2261300.0,2262307.0,2263300.0,3509.0,516.0,993.0,993.0,1993.0,-2262307.0,0.0,0.0,0.0,1.0,0.0,0.0,0.0,-0.3773070031861947,-10.654595924835867,-0.46384530666926704,0.328845553235675,2261564.0,2261621.0,57.0,386.9082719050823,10.307813850591208,10.665827613621417,-3.0646147148289837,264.0,-3.0561335539820846,1.0,-10.246135132395768,-33.26532385889301,0.08999983562239604,18.726888873736858,2261996.0,2262096.0,100.0,10843.981320705912,29.617843990491423,35.42172307283744,-2.461010869526863,-2.5380319549460735,-10.25744508166934,0.46006340928515943,0.6291666666666667
161,43001.49924,3.4994745,2,62,2,2,2,1,4,2,-29.23076923,n/a,n/a,2263306.0,2266808.0,0.0,0.0,0.0,2265033.0,2263816.0,2265807.0,2263816.0,2264806.0,2265814.0,2266808.0,3502.0,510.0,990.0,994.0,1991.0,-2265814.0,0.0,0.0,0.0,1.0,0.0,0.0,0.0,-0.21115346049869735,9.349598308311135,-0.38769159960416577,-0.27346103900650787,2265012.0,2265081.0,69.0,385.538043235928,9.561434150051696,9.897433249165918,-0.011947295390485467,206.0,-0.02973231335227467,1.0,0.14538434985156315,0.418845388858071,-0.1384612855729158,-0.05884604636849078,2266256.0,2266275.0,19.0,40.487432344102245,0.2848148980796065,0.2682408237631796,-0.2833079643754497,-0.30134522371009936,9.7997649364794,0.35782709611068175,0.6
162,43005.00718,3.5076916,2,63,2,1,2,2,2,1,-29.23076923,n/a,n/a,2266814.0,2270323.0,0.0,0.0,0.0,2268164.0,2267331.0,2269324.0,2267331.0,2267924.0,2269331.0,2270324.0,3509.0,517.0,593.0,993.0,1993.0,-2269331.0,0.0,0.0,0.0,1.0,0.0,0.0,0.0,-0.2561533783098934,-8.7992146981588,-0.5192298208984342,-0.6092296565208302,2268141.0,2268190.0,49.0,395.33684249400056,8.543535373901754,8.549491066530209,3.131058197264208,217.0,3.072708307583647,0.0,0.0,0.0,0.0,0.0,0.0,0.0,0.0,0.0,0.0,0.0,0.0,0.0,-9.816110655950471,-0.32861672091797045,0.4041666666666667
163,43008.52334,3.9993631,2,64,2,2,2,1,1,1,-29.23076923,n/a,n/a,2270331.0,2274332.0,0.0,0.0,0.0,2272114.0,2271340.0,2273332.0,2271340.0,2271730.0,2273338.0,2274332.0,4001.0,1009.0,390.0,994.0,1992.0,-2273338.0,0.0,1.0,0.0,0.0,0.0,0.0,0.0,0.0,0.0,0.0,0.0,0.0,0.0,0.0,0.0,0.0,0.0,0.0,0.0,0.0,0.0,0.0,0.0,0.0,0.0,0.0,0.0,0.0,0.0,0.0,0.0,0.0,0.0,0.0,0.0,0.0
164,43012.531,3.5077691,2,65,2,1,1,2,4,1,-29.23076923,n/a,n/a,2274338.0,2277847.0,0.0,0.0,0.0,2276048.0,2274855.0,2276848.0,2274855.0,2275848.0,2276854.0,2277847.0,3509.0,517.0,993.0,993.0,1993.0,-2276854.0,0.0,0.0,0.0,1.0,0.0,0.0,0.0,-0.18346120338411182,-9.51921338313796,-0.4776914352265578,-0.3426916817929658,2276019.0,2276085.0,66.0,325.6672442883953,9.336728211488532,9.39845435189204,-3.1271331497122135,171.0,3.0936942144906,0.0,0.0,0.0,0.0,0.0,0.0,0.0,0.0,0.0,0.0,0.0,0.0,0.0,-9.832456375421536,-0.2994063457252631,0.5833333333333334
165,43016.04711,3.5078162,2,66,2,1,2,2,1,2,-29.23076923,n/a,n/a,2277854.0,2281364.0,0.0,0.0,0.0,2279137.0,2278371.0,2280364.0,2278371.0,2278764.0,2280371.0,2281364.0,3510.0,517.0,393.0,993.0,1993.0,-2280371.0,0.0,0.0,0.0,1.0,0.0,0.0,0.0,0.14192281771223947,-10.564596089213476,-0.5538451422916632,-0.15576894626953025,2279121.0,2279176.0,55.0,438.1341996472019,10.713916733025195,11.154546566675405,-3.104429041674947,357.0,-3.0835293010600564,1.0,-10.564596089213476,-10.979979945932223,-0.1765381391054684,-0.22499958905598813,2279178.0,2279200.0,22.0,48.43396968182298,0.4182012201725953,0.4645809447124847,3.025451026709805,-3.007071650673602,-9.758900637801727,-0.43085303409245207,0.375
166,43019.56339,3.5077244,2,67,2,1,2,2,3,1,-29.23076923,n/a,n/a,2281371.0,2284879.0,0.0,0.0,0.0,2282896.0,2281887.0,2283880.0,2281887.0,2282680.0,2283887.0,2284880.0,3508.0,516.0,793.0,993.0,1993.0,-2283887.0,0.0,0.0,0.0,1.0,0.0,0.0,0.0,-0.3703839389075513,-9.501905722441345,-0.4257684531367144,-0.45346071025129997,2282872.0,2282936.0,64.0,336.339107240785,9.131563773213013,9.440339418373851,3.1385600624314556,192.0,3.0740732473876466,1.0,-9.494982658162698,-9.809982082841081,-0.45346071025129997,-0.4396145816940092,2282938.0,2282959.0,21.0,38.133629281918466,0.3153035883458005,0.34894579046810265,-3.097664886512906,2.951979037815408,-9.987740710396695,-0.021907781394533463,0.49166666666666664
167,43023.07944,3.507861,2,68,2,2,2,2,4,2,-29.23076923,n/a,n/a,2284887.0,2288396.0,0.0,0.0,0.0,2286603.0,2285403.0,2287396.0,2285403.0,2286397.0,2287403.0,2288396.0,3509.0,516.0,994.0,993.0,1993.0,-2287403.0,0.0,0.0,0.0,1.0,0.0,0.0,0.0,-0.39807619602213284,9.311521454778585,-0.6403834457747355,-0.4880760316445289,2286587.0,2286656.0,69.0,369.4684489820291,9.71079214528011,10.291588544005236,-0.01568498811562188,190.0,-0.027583849887335248,1.0,1.1388440738372314,0.6438449779140591,-0.20423039622005,-0.2561533783098934,2287914.0,2287933.0,19.0,56.682405281745176,0.4977148792570503,0.512166405010392,3.0370797483345595,0.162926458850371,9.816110655950471,0.32861672091797045,0.5916666666666667
168,43026.59562,3.5078003,2,69,2,1,2,2,4,2,-29.23076923,n/a,n/a,2288403.0,2291912.0,0.0,0.0,0.0,2290162.0,2288919.0,2290912.0,2288919.0,2289912.0,2290919.0,2291912.0,3509.0,516.0,993.0,993.0,1993.0,-2290919.0,0.0,0.0,0.0,1.0,0.0,0.0,0.0,-0.26307644258854074,-10.152673764634047,-0.7961523920442657,-0.2284611211953118,2290142.0,2290202.0,60.0,437.3122213446119,9.905877476084981,10.15514244684776,-3.0842527082855105,230.0,-3.0791738435938356,0.0,0.0,0.0,0.0,0.0,0.0,0.0,0.0,0.0,0.0,0.0,0.0,0.0,-10.224753642727203,0.4016426588997447,0.6125
169,43030.11177,3.5077862,2,70,2,1,1,1,2,2,-29.23076923,n/a,n/a,2291919.0,2295428.0,0.0,0.0,0.0,2293329.0,2292436.0,2294429.0,2292436.0,2293028.0,2294435.0,2295428.0,3509.0,517.0,592.0,993.0,1993.0,-2294435.0,0.0,0.0,0.0,1.0,0.0,0.0,0.0,-0.05884604636849078,-10.1907506181666,-0.5815373994062447,-0.3115378925390605,2293306.0,2293383.0,77.0,434.69533539046233,10.135501466909862,10.142046976215653,-3.114950513435294,278.0,-3.0968667781620853,0.0,0.0,0.0,0.0,0.0,0.0,0.0,0.0,0.0,0.0,0.0,0.0,0.0,-10.126679325900783,0.22638040774349277,0.43333333333333335
170,43033.6279,3.5078052,2,71,2,2,1,1,5,1,-29.23076923,n/a,n/a,2295435.0,2298945.0,0.0,0.0,0.0,2297478.0,2295952.0,2297944.0,2295952.0,2297144.0,2297951.0,2298945.0,3510.0,517.0,1192.0,994.0,1992.0,-2297951.0,0.0,0.0,0.0,1.0,0.0,0.0,0.0,-0.2561533783098934,10.464211657173108,-0.6196142529387973,-1.3326898736393142,2297452.0,2297518.0,66.0,390.8624354187551,10.74405432482747,11.047130979518196,0.06641814556045159,308.0,0.06333746029849868,1.0,10.471134721451756,10.564596089213476,-1.3326898736393142,-1.6719200232929563,2297520.0,2297567.0,47.0,76.9926162811489,0.3518694668451979,0.8359438863412348,1.3019558451159123,0.4636476090008103,10.494458013999845,-0.8836138495794376,0.75
171,43037.14404,3.5078248,2,72,2,2,1,1,3,2,-29.23076923,n/a,n/a,2298951.0,2302461.0,0.0,0.0,0.0,2300885.0,2299468.0,2301460.0,2299468.0,2300261.0,2301467.0,2302461.0,3510.0,517.0,793.0,994.0,1992.0,-2301467.0,0.0,0.0,0.0,1.0,0.0,0.0,0.0,-0.010384596417967108,9.100367994279893,-0.7546140063723894,-1.4780742234908775,2300870.0,2300913.0,43.0,397.98295784844277,9.139431462331826,9.14339520249444,0.07924102205446207,609.0,0.08452457429524872,1.0,9.096906462140565,8.615753494774687,-1.4815357556301971,-1.4780742234908775,2300915.0,2300941.0,26.0,95.63863828346783,0.48116541875922547,0.7616943967699829,-3.1343985330995077,-2.9495446363490654,10.396383697173428,-0.7083515984231856,0.7
172,43040.6602,3.5078212,2,73,2,2,1,1,4,1,-29.23076923,n/a,n/a,2302467.0,2305976.0,0.0,0.0,0.0,2304184.0,2302984.0,2304977.0,2302984.0,2303977.0,2304984.0,2305976.0,3509.0,517.0,993.0,992.0,1993.0,-2304984.0,0.0,0.0,0.0,1.0,0.0,0.0,0.0,-0.006923064278647363,8.397676969997338,-0.5815373994062447,-0.6888448957252552,2304165.0,2304241.0,76.0,369.6089562871803,8.40528504186016,8.8009881801802,0.012767016343656906,188.0,-0.04445887345549932,0.0,0.0,0.0,0.0,0.0,0.0,0.0,0.0,0.0,0.0,0.0,0.0,0.0,10.183889344049527,-0.32861672091797045,0.5916666666666667
173,43044.17635,3.55783,2,74,2,1,2,2,5,2,-29.23076923,n/a,n/a,2305983.0,2309543.0,0.0,0.0,0.0,2307966.0,2306550.0,2308543.0,2306550.0,2307743.0,2308550.0,2309543.0,3560.0,567.0,1193.0,993.0,1993.0,-2308550.0,0.0,0.0,0.0,1.0,0.0,0.0,0.0,-0.20769192835937367,-9.944981836274675,-0.5226913530377578,0.9207675490598907,2307937.0,2308016.0,79.0,377.83812099033076,9.84369790032354,9.870562385338197,-2.9944241140972276,194.0,-2.9770781646170965,0.0,0.0,0.0,0.0,0.0,0.0,0.0,0.0,0.0,0.0,0.0,0.0,0.0,-10.380037977702358,0.6791412232304743,0.6916666666666667
174,43047.74257,3.5077624,2,75,2,2,2,2,4,1,-29.23076923,n/a,n/a,2309550.0,2313059.0,0.0,0.0,0.0,2311293.0,2310066.0,2312059.0,2310066.0,2311059.0,2312066.0,2313059.0,3509.0,516.0,993.0,993.0,1993.0,-2312066.0,0.0,0.0,0.0,1.0,0.0,0.0,0.0,-0.15230741413020657,8.131138995269483,-0.588460463684892,-0.4119223245794236,2311266.0,2311338.0,72.0,370.01621570086996,8.285327400408232,8.676984023968721,-0.021308934627874903,207.0,0.03671004752117574,1.0,8.10690827029422,7.978831581139271,-0.4049992603007802,-0.3773070031861947,2311343.0,2311363.0,20.0,37.125279600979745,0.1310362522701014,0.23099081747705769,-2.928654304010381,2.8056250476636695,9.7997649364794,0.35782709611068175,0.6
175,43051.26711,3.6827038,2,76,2,2,1,1,5,2,-29.23076923,n/a,n/a,2313076.0,2316758.0,0.0,0.0,0.0,2315165.0,2313766.0,2315759.0,2313766.0,2314959.0,2315766.0,2316758.0,3682.0,690.0,1193.0,992.0,1993.0,-2315766.0,0.0,0.0,0.0,1.0,0.0,0.0,0.0,-0.18346120338411182,8.795753166019471,-0.7061525564218697,-1.2599976987135328,2315144.0,2315225.0,81.0,364.61654437337876,8.996278960400454,9.245466578638242,0.06160275794976237,185.0,0.06069056658606073,1.0,2.6446105544426945,2.4853800760338367,-1.3499975343359287,-1.3430744700572814,2315789.0,2315819.0,30.0,19.02968351586462,0.1593809087479427,0.19098123275276152,-3.098141758198254,2.3305590816706614,10.371865117966822,-0.6645360356341227,0.6875
176,43054.95814,3.507783,2,77,2,2,1,1,5,2,-29.23076923,n/a,n/a,2316765.0,2320274.0,0.0,0.0,0.0,2318748.0,2317282.0,2319275.0,2317282.0,2318475.0,2319281.0,2320275.0,3509.0,517.0,1193.0,994.0,1993.0,-2319281.0,0.0,0.0,0.0,1.0,0.0,0.0,0.0,-0.0034615321393236813,10.038443204036394,-0.7442294099544223,-1.6026893805064986,2318726.0,2318779.0,53.0,450.38436758085606,10.078531850000207,10.08622277800605,0.0852804185854454,251.0,0.0900384604848138,0.0,0.0,0.0,0.0,0.0,0.0,0.0,0.0,0.0,0.0,0.0,0.0,0.0,10.437247995851104,-0.781377536404956,0.7208333333333333
177,43058.47428,3.5079586,2,78,2,2,1,1,5,1,-29.23076923,n/a,n/a,2320281.0,2323791.0,0.0,0.0,0.0,2322198.0,2320798.0,2322791.0,2320798.0,2321991.0,2322798.0,2323791.0,3510.0,517.0,1193.0,993.0,1993.0,-2322798.0,0.0,0.0,0.0,1.0,0.0,0.0,0.0,-0.048461449950519736,8.965368240846296,-0.6923064278645789,-1.2565361665742092,2322179.0,2322254.0,75.0,383.07665784738884,9.031471690302448,9.179226807947718,0.06251444200369874,188.0,0.07662727811098886,1.0,0.30461482826041314,-33.26532385889301,-1.5576894626953024,18.726888873736858,2323237.0,2323273.0,36.0,16706.025174178038,39.222505041698874,83.64914853032646,-2.598055258170543,-2.813456088851707,10.380037977702358,-0.6791412232304743,0.6916666666666667
178,43061.99061,3.5076529,2,79,2,2,2,2,2,1,-29.23076923,n/a,n/a,2323798.0,2327307.0,0.0,0.0,0.0,2325307.0,2324314.0,2326307.0,2324314.0,2324907.0,2326314.0,2327308.0,3509.0,516.0,593.0,994.0,1993.0,-2326314.0,0.0,0.0,0.0,1.0,0.0,0.0,0.0,1.2253823773203039,8.183061977359326,-0.6819218314466118,-1.0938441560260355,2325360.0,2325429.0,69.0,443.8184293525239,6.969862654190975,7.563792285560794,0.05913495303090023,453.0,0.08063287594517338,1.0,1.2253823773203039,8.183061977359326,-0.6819218314466118,-1.0938441560260355,2325360.0,2325429.0,69.0,443.8184293525239,6.969862654190975,7.563792285560794,0.05913495303090023,0.08063287594517338,9.946876411719026,0.0949337193763038,0.525
179,43065.5233,3.5077823,2,80,2,1,2,1,3,2,-29.23076923,n/a,n/a,2327332.0,2330840.0,0.0,0.0,0.0,2328915.0,2327848.0,2329840.0,2327848.0,2328638.0,2329847.0,2330840.0,3508.0,516.0,790.0,993.0,1992.0,-2329847.0,0.0,0.0,0.0,1.0,0.0,0.0,0.0,-0.1869227355234355,-10.27036585737103,-0.782306263486975,-0.062307578507810525,2328898.0,2328965.0,67.0,444.03548509778875,10.109115851443551,10.069959323153931,-3.0703095849986917,260.0,-3.0669299076238237,1.0,1.1353825416979078,-33.26532385889301,0.14538434985156315,18.726888873736858,2329859.0,2329901.0,42.0,26772.10890038827,39.098349213628275,83.69571301538495,-2.6463440958722786,-2.8571119926339907,-10.053123588280974,0.0949337193763038,0.525
180,43069.03941,3.5078287,2,81,2,1,1,2,3,1,-29.23076923,n/a,n/a,2330846.0,2334356.0,0.0,0.0,0.0,2332396.0,2331363.0,2333355.0,2331363.0,2332156.0,2333363.0,2334356.0,3510.0,517.0,793.0,993.0,1992.0,-2333363.0,0.0,0.0,0.0,1.0,0.0,0.0,0.0,-0.15576894626953025,-10.03498167189707,-0.702691024282546,-0.7061525564218697,2332372.0,2332455.0,83.0,471.94478353141585,9.879213332062724,9.971643149932895,3.1412422681801657,216.0,-3.0908888431738903,0.0,0.0,0.0,0.0,0.0,0.0,0.0,0.0,0.0,0.0,0.0,0.0,0.0,-9.987740710396695,-0.021907781394533463,0.5041666666666667
181,43072.55557,3.5078252,2,82,2,1,1,2,1,2,-29.23076923,n/a,n/a,2334362.0,2337872.0,0.0,0.0,0.0,2335539.0,2334879.0,2336872.0,2334879.0,2335273.0,2336879.0,2337872.0,3510.0,517.0,394.0,993.0,1993.0,-2336879.0,0.0,0.0,0.0,1.0,0.0,0.0,0.0,-0.4119223245794236,-11.101133570808523,-0.9899981918463486,-0.14192281771223947,2335515.0,2335596.0,81.0,434.8985768317854,10.722801355369938,10.793998599518888,-3.062419122925492,242.0,-3.0458808379376636,1.0,1.5126895448841065,0.9692289990104104,-1.3846128557291577,-1.2253823773203039,2336001.0,2336022.0,21.0,85.96912503084714,0.5663070811632573,0.693525544542221,-2.8565760511029357,2.9099303945727493,-10.355519398495757,0.6353256604414114,0.31666666666666665
182,43076.07172,3.5078249,2,83,2,1,1,2,1,2,-29.23076923,n/a,n/a,2337879.0,2341387.0,0.0,0.0,0.0,2339039.0,2338395.0,2340388.0,2338395.0,2338789.0,2340395.0,2341388.0,3508.0,516.0,394.0,993.0,1993.0,-2340395.0,0.0,0.0,0.0,1.0,0.0,0.0,0.0,-0.05192298208984342,-10.831134063941336,-0.9899981918463486,-0.08653830348307236,2339011.0,2339065.0,54.0,405.97031660895084,10.817006578392721,10.789218090357613,-3.0579730672771825,222.0,-3.054215062092978,1.0,-10.831134063941336,-10.924595431703056,-0.08999983562239604,-0.06576911064713421,2339067.0,2339087.0,20.0,61.164618813946795,0.09655130914036433,0.43534185711405204,-2.887918557451139,-2.973829603046582,-10.371865117966827,0.6645360356341227,0.30833333333333335
183,43079.58799,3.5076876,2,84,2,2,2,2,1,1,-29.23076923,n/a,n/a,2341395.0,2344904.0,0.0,0.0,0.0,2342605.0,2341911.0,2343904.0,2341911.0,2342304.0,2343911.0,2344904.0,3509.0,516.0,393.0,993.0,1993.0,-2343911.0,0.0,0.0,0.0,1.0,0.0,0.0,0.0,-0.31499942467838415,9.131521783533794,-0.9726905311497341,-1.5126895448841065,2342592.0,2342659.0,67.0,436.7036777747555,9.461942816992531,9.872991167132136,0.05710165335077626,288.0,0.06596179228430385,1.0,-0.31499942467838415,9.131521783533794,-0.9726905311497341,-1.5126895448841065,2342592.0,2342659.0,67.0,436.7036777747555,9.461942816992531,9.872991167132136,0.05710165335077626,0.06596179228430385,10.306482240082548,-0.5476945348632855,0.3416666666666667
184,43083.10402,3.5078426,2,85,2,1,1,1,4,1,-29.23076923,n/a,n/a,2344911.0,2348420.0,0.0,0.0,0.0,2346644.0,2345428.0,2347421.0,2345428.0,2346420.0,2347428.0,2348420.0,3509.0,517.0,992.0,992.0,1993.0,-2347428.0,0.0,0.0,0.0,1.0,0.0,0.0,0.0,-0.39807619602213284,-9.526136447416606,-0.7338448135364551,-0.9623059347317631,2346629.0,2346701.0,72.0,425.5499015083443,9.130918816690112,9.168989679897157,3.1165694363451633,209.0,3.047070462047834,1.0,-6.220373254363243,-33.26532385889301,-0.6334603814960881,18.726888873736858,2347109.0,2347152.0,43.0,23818.588354612264,33.26037396792246,76.99977326165583,-2.520302711149281,-2.8601128347495424,-9.7997649364794,-0.35782709611068175,0.6
185,43086.62018,3.508013,2,86,2,1,1,2,4,2,-29.23076923,n/a,n/a,2348427.0,2351937.0,0.0,0.0,0.0,2350144.0,2348944.0,2350937.0,2348944.0,2349937.0,2350943.0,2351937.0,3510.0,517.0,993.0,994.0,1993.0,-2350943.0,0.0,0.0,0.0,1.0,0.0,0.0,0.0,-0.15576894626953025,-9.969212561249936,-0.6507680421927026,-0.8653830348307235,2350131.0,2350173.0,42.0,417.6281901438237,9.815790094509188,9.851197540949359,3.1197266505932406,194.0,3.0426932048209157,1.0,-9.958827964831968,-10.259981260953058,-0.872306099109371,-0.8099985206015565,2350175.0,2350198.0,23.0,41.937112279139,0.3075313676750781,0.41562897625564604,-2.9375746739972355,3.0079404062726067,-9.816110655950471,-0.32861672091797045,0.5916666666666667
186,43090.13646,3.5077454,2,87,2,2,1,1,5,2,-29.23076923,n/a,n/a,2351943.0,2355453.0,0.0,0.0,0.0,2353876.0,2352460.0,2354453.0,2352460.0,2353653.0,2354460.0,2355453.0,3510.0,517.0,1193.0,993.0,1993.0,-2354460.0,0.0,0.0,0.0,1.0,0.0,0.0,0.0,-0.30461482826041314,8.657291880446556,-0.5746143351276013,-1.4053820485650959,2353852.0,2353911.0,59.0,415.1923064924974,9.000330374450549,9.55847869318996,0.09243571318317853,199.0,0.11213692415313592,0.0,0.0,0.0,0.0,0.0,0.0,0.0,0.0,0.0,0.0,0.0,0.0,0.0,10.388210837437892,-0.69374641082683,0.6958333333333333
187,43093.66083,3.582868,2,88,2,1,1,1,5,1,-29.23076923,n/a,n/a,2355469.0,2359052.0,0.0,0.0,0.0,2357452.0,2356059.0,2358053.0,2356059.0,2357252.0,2358059.0,2359052.0,3583.0,590.0,1193.0,993.0,1994.0,-2358059.0,0.0,0.0,0.0,1.0,0.0,0.0,0.0,-0.2699995068671842,-10.436519400058527,-0.6403834457747355,-1.0626903667721301,2357436.0,2357504.0,68.0,490.695158733671,10.175287213350668,10.200125600024222,3.100077535190132,184.0,3.0692455122043265,0.0,0.0,0.0,0.0,0.0,0.0,0.0,0.0,0.0,0.0,0.0,0.0,0.0,-9.628134882033171,-0.6645360356341227,0.6875
188,43097.25198,3.5078199,2,89,2,2,1,1,3,2,-29.23076923,n/a,n/a,2359059.0,2362568.0,0.0,0.0,0.0,2360585.0,2359576.0,2361569.0,2359576.0,2360368.0,2361575.0,2362568.0,3509.0,517.0,792.0,993.0,1993.0,-2361575.0,0.0,0.0,0.0,1.0,0.0,0.0,0.0,-0.30461482826041314,9.21113702273822,-0.4361530495546855,-0.6749987671679644,2360567.0,2360627.0,60.0,441.4543084733328,9.518748897129607,10.621294392509997,0.02509476726189924,199.0,0.029987747273222936,0.0,0.0,0.0,0.0,0.0,0.0,0.0,0.0,0.0,0.0,0.0,0.0,0.0,9.995913570132231,0.007302593798177821,0.49583333333333335
189,43100.7681,3.5078757,2,90,2,2,1,2,5,2,-29.23076923,n/a,n/a,2362575.0,2366085.0,0.0,0.0,0.0,2364501.0,2363092.0,2365085.0,2363092.0,2364285.0,2365091.0,2366085.0,3510.0,517.0,1193.0,994.0,1993.0,-2365091.0,0.0,0.0,0.0,1.0,0.0,0.0,0.0,-0.31846095681770786,9.089983397861918,-0.578075867266925,-1.0142289168216065,2364486.0,2364553.0,67.0,438.8022032502099,9.418548436873845,9.618806201579508,0.04632445070060651,201.0,0.06446159342514558,0.0,0.0,0.0,0.0,0.0,0.0,0.0,0.0,0.0,0.0,0.0,0.0,0.0,10.388210837437892,-0.69374641082683,0.6958333333333333
190,43104.28429,3.5078263,2,91,2,2,1,2,3,2,-29.23076923,n/a,n/a,2366091.0,2369601.0,0.0,0.0,0.0,2366841.0,2366608.0,2368600.0,2366608.0,2367401.0,2368607.0,2369601.0,3510.0,517.0,793.0,994.0,1992.0,-2368607.0,0.0,0.0,0.0,0.0,1.0,0.0,0.0,0.0,0.0,0.0,0.0,0.0,0.0,0.0,0.0,0.0,0.0,0.0,0.0,0.0,0.0,0.0,0.0,0.0,0.0,0.0,0.0,0.0,0.0,0.0,0.0,0.0,0.0,0.0,0.0,0.0
191,43107.80044,3.5078163,2,92,2,1,2,1,1,1,-29.23076923,n/a,n/a,2369607.0,2373116.0,0.0,0.0,0.0,2370807.0,2370124.0,2372117.0,2370124.0,2370516.0,2372124.0,2373117.0,3509.0,517.0,392.0,993.0,1993.0,-2372124.0,0.0,0.0,0.0,1.0,0.0,0.0,0.0,-0.13153822129426843,-9.934597239856707,-0.7373063456757749,-0.7649986027903605,2370792.0,2370847.0,55.0,454.203274711762,9.803098131841915,10.258500309687475,3.1387678023466563,276.0,3.061197589768555,0.0,0.0,0.0,0.0,0.0,0.0,0.0,0.0,0.0,0.0,0.0,0.0,0.0,-9.677172040446377,-0.5769049100559966,0.3333333333333333
192,43111.31681,3.5076151,2,93,2,1,2,2,3,1,-29.23076923,n/a,n/a,2373124.0,2376633.0,0.0,0.0,0.0,2374867.0,2373640.0,2375633.0,2373640.0,2374433.0,2375640.0,2376633.0,3509.0,516.0,793.0,993.0,1993.0,-2375640.0,0.0,0.0,0.0,1.0,0.0,0.0,0.0,-0.4292299852760381,-10.218442875281186,-0.747690942093746,0.33230708537499865,2374851.0,2374929.0,78.0,398.0030288965115,9.848608264378237,9.877304696224206,-3.0317117092355925,418.0,-3.02180185251766,1.0,-0.4292299852760381,-10.218442875281186,-0.747690942093746,0.33230708537499865,2374851.0,2374929.0,78.0,398.0030288965115,9.848608264378237,9.877304696224206,-3.0317117092355925,-3.02180185251766,-10.208407923256132,0.37243228370703346,0.6041666666666666
193,43114.83283,3.5077362,2,94,2,2,1,1,2,2,-29.23076923,n/a,n/a,2376640.0,2380149.0,0.0,0.0,0.0,2378039.0,2377156.0,2379149.0,2377156.0,2377749.0,2379156.0,2380149.0,3509.0,516.0,593.0,993.0,1993.0,-2379156.0,0.0,0.0,0.0,1.0,0.0,0.0,0.0,-0.09692289990103947,9.702674586522072,-0.9553828704531196,-0.6126911886601539,2378025.0,2378090.0,65.0,458.5586593056992,9.8055876154711,10.21782020266253,-0.03495573080610363,276.0,0.04371577265886612,0.0,0.0,0.0,0.0,0.0,0.0,0.0,0.0,0.0,0.0,0.0,0.0,0.0,9.87332067409921,0.22638040774349277,0.43333333333333335
194,43118.3489,3.5078795,2,95,2,2,2,1,3,2,-29.23076923,n/a,n/a,2380156.0,2383665.0,0.0,0.0,0.0,2381665.0,2380672.0,2382666.0,2380672.0,2381466.0,2382672.0,2383665.0,3509.0,516.0,794.0,993.0,1994.0,-2382672.0,0.0,0.0,0.0,1.0,0.0,0.0,0.0,-0.15576894626953025,9.761520632890562,-0.588460463684892,-0.5849989315455684,2381644.0,2381691.0,47.0,413.05562131093336,9.917290183266903,9.826962971421763,-0.0003490401254417303,178.0,0.036642034200224986,1.0,-0.15576894626953025,9.761520632890562,-0.588460463684892,-0.5849989315455684,2381644.0,2381691.0,47.0,413.05562131093336,9.917290183266903,9.826962971421763,-0.0003490401254417303,0.036642034200224986,10.020432149338836,-0.036512968990885165,0.4875
195,43121.86507,3.5078246,2,96,2,2,2,1,5,1,-29.23076923,n/a,n/a,2383672.0,2387182.0,0.0,0.0,0.0,2385564.0,2384189.0,2386181.0,2384189.0,2385381.0,2386188.0,2387182.0,3510.0,517.0,1192.0,994.0,1992.0,-2386188.0,0.0,0.0,0.0,1.0,0.0,0.0,0.0,-0.3115378925390605,8.196908105916613,-0.7857677956262986,-0.22153805691666445,2385546.0,2385611.0,65.0,422.04596442861276,8.527133663000756,8.94746131999329,-0.06621712552707264,165.0,-0.0778400767278446,1.0,-0.3115378925390605,8.196908105916613,-0.7857677956262986,-0.22153805691666445,2385546.0,2385611.0,65.0,422.04596442861276,8.527133663000756,8.94746131999329,-0.06621712552707264,-0.0778400767278446,9.644480601504245,0.6353256604414114,0.6791666666666667
196,43125.38123,3.5079397,2,97,2,2,2,2,2,1,-29.23076923,n/a,n/a,2387188.0,2390698.0,0.0,0.0,0.0,2388938.0,2387705.0,2389697.0,2387705.0,2388298.0,2389704.0,2390698.0,3510.0,517.0,593.0,994.0,1992.0,-2389704.0,0.0,0.0,0.0,1.0,0.0,0.0,0.0,0.8065369884622328,9.124598719255147,-0.45346071025129997,-0.26307644258854074,2388925.0,2388993.0,68.0,384.8346669106118,8.320240208470851,8.589759745788587,-0.02288406111533879,627.0,-0.03466352923914864,0.0,0.0,0.0,0.0,0.0,0.0,0.0,0.0,0.0,0.0,0.0,0.0,0.0,9.78341921700833,0.38703747130338906,0.6083333333333333
197,43128.90577,3.5244379,2,98,2,1,2,1,5,1,-29.23076923,n/a,n/a,2390714.0,2394238.0,0.0,0.0,0.0,2392681.0,2391248.0,2393239.0,2391248.0,2392437.0,2393246.0,2394238.0,3524.0,534.0,1189.0,992.0,1991.0,-2393246.0,0.0,0.0,0.0,1.0,0.0,0.0,0.0,-0.32192248895702763,-9.886135789906188,-0.8030754563229131,0.4084607924401,2392657.0,2392720.0,63.0,389.06023214448027,9.640642932300706,9.8877767302327,-3.015589847227253,220.0,-3.0053396622339874,1.0,-0.5261528851770815,1.7930736481692577,1.3638436628932196,0.5296144173164012,2393304.0,2393339.0,35.0,172.57781220683867,2.4647008230520284,2.559385797021476,0.34529129600622804,-0.3320153777761488,-10.404556556908963,0.7229567860195374,0.7041666666666667
198,43132.43851,3.5911274,2,99,2,2,2,1,2,1,-29.23076923,n/a,n/a,2394245.0,2397838.0,0.0,0.0,0.0,2395655.0,2394845.0,2396838.0,2394845.0,2395439.0,2396845.0,2397838.0,3593.0,600.0,594.0,993.0,1993.0,-2396845.0,0.0,0.0,0.0,1.0,0.0,0.0,0.0,-0.3461532139322894,9.249213876270776,-0.7407678778150986,-1.0661518989114498,2395636.0,2395711.0,75.0,495.6418323867509,9.600882478029655,10.09877070596252,0.0338975446888924,197.0,0.04080067230682293,0.0,0.0,0.0,0.0,0.0,0.0,0.0,0.0,0.0,0.0,0.0,0.0,0.0,10.200235063520598,-0.35782709611068175,0.3958333333333333
199,43136.03799,3.5078145,2,100,2,2,1,1,1,1,-29.23076923,n/a,n/a,2397845.0,2401354.0,0.0,0.0,0.0,2398971.0,2398361.0,2400354.0,2398361.0,2398755.0,2400361.0,2401354.0,3509.0,516.0,394.0,993.0,1993.0,-2400361.0,0.0,0.0,0.0,1.0,0.0,0.0,0.0,-0.24923031403124998,7.54267853158459,-0.8515369062734328,-0.09692289990103947,2398949.0,2399003.0,54.0,423.9984388545454,7.828364181423842,8.821016991868554,-0.09654476261769188,194.0,-0.10220671810725354,1.0,7.483832485216099,8.020369966811147,-0.10038443204036315,-0.03461532139322895,2399005.0,2399028.0,23.0,81.37873185535842,0.5405534618071298,0.6379463804951937,-0.12197215553001967,-0.15801231328228135,9.603616302826568,0.7083515984231856,0.29583333333333334
