,onset,duration,run_number,trial_number,task,ext_mot_pos,ext_mot_ver_dir,staircase_num,fix_off_prct,trial_type,ext_mot_ori,direction_report,response_duration,trial_onset,trial_offset,button_press_onset,button_left,button_right,fix_break,motion_onset,motion_offset,fixation_onset,fixation_offset,response_onset,response_offset,trial_duration,fix_check_duration,fixation_duration,response_duration,motion_duration,reaction_time,miss_time_trial,blink_trial,no_saccade_trial,main_sac_trial,innacurate_sac_trial,early_sac_trial,late_sac_trial,sac_x_onset_trial,sac_x_offset_trial,sac_y_onset_trial,sac_y_offset_trial,sac_t_onset_trial,sac_t_offset_trial,sac_dur_trial,sac_vpeak_trial,sac_dist_trial,sac_amp_trial,sac_dist_ang_trial,sac_lat_trial,sac_amp_ang_trial,cor_sac_trial,cor_sac_x_onset_trial,cor_sac_x_offset_trial,cor_sac_y_onset_trial,cor_sac_y_offset_trial,cor_sac_t_onset_trial,cor_sac_t_offset_trial,cor_sac_dur_trial,cor_sac_vpeak_trial,cor_sac_dist_trial,cor_sac_amp_trial,cor_sac_dist_ang_trial,cor_sac_amp_ang_trial,gabor_sac_onset_x,gabor_sac_onset_y,sac_onset_gabor_path_prct
0,1532.07134,3.7993601,1,1,2,2,1,2,2,1,-43.26923077,n/a,n/a,1512813.0,1516612.0,0.0,0.0,0.0,1514778.0,1513611.0,1515612.0,1513611.0,1514211.0,1515619.0,1516612.0,3799.0,798.0,600.0,993.0,2001.0,-1515619.0,0.0,0.0,0.0,1.0,0.0,0.0,0.0,0.1903842676627592,10.436519400058527,-0.5399990137343723,-0.7753831992083275,1514760.0,1514833.0,73.0,532.1673346001354,10.248838513026053,10.959901725726704,0.022968932866050312,549.0,0.03727728744846317,1.0,5.521143762220016,5.763451011972619,-0.6057681243815065,-0.6957679600039025,1515278.0,1515302.0,24.0,102.47798196054319,0.2584816699395306,0.6863704132735462,0.35563588430076265,-0.20827544705671328,10.21222439018208,-0.22544950036036554,0.575
1,1535.879032,3.5078238,1,2,2,1,1,1,1,1,-43.26923077,n/a,n/a,1516619.0,1520128.0,0.0,0.0,0.0,1518378.0,1517136.0,1519129.0,1517136.0,1517528.0,1519135.0,1520128.0,3509.0,517.0,392.0,993.0,1993.0,-1519135.0,0.0,0.0,0.0,0.0,0.0,0.0,1.0,-0.15230741413020657,-9.57805942950645,-0.7684601349296841,-1.291151487967438,1518364.0,1518431.0,67.0,582.3084070391427,9.440233434926796,10.275171444380158,3.0861958467063824,836.0,3.066396866226428,0.0,0.0,0.0,0.0,0.0,0.0,0.0,0.0,0.0,0.0,0.0,0.0,0.0,0.0,0.0,0.0
2,1539.39518,3.5078686,1,3,2,1,2,2,5,2,-43.26923077,n/a,n/a,1520135.0,1523644.0,0.0,0.0,0.0,1522128.0,1520652.0,1522645.0,1520652.0,1521844.0,1522651.0,1523645.0,3509.0,517.0,1192.0,994.0,1993.0,-1522651.0,0.0,0.0,0.0,1.0,0.0,0.0,0.0,-0.10038443204036315,-9.751136036472595,-0.2423072497526026,0.9657674668710867,1522111.0,1522207.0,96.0,541.1888373292475,9.726070689204182,10.216045787992554,-3.0170610819910553,267.0,-3.021356321136937,0.0,0.0,0.0,0.0,0.0,0.0,0.0,0.0,0.0,0.0,0.0,0.0,0.0,-10.636673170546228,0.6763485010810967,0.7291666666666666
3,1542.911397,3.5077926,1,4,2,1,1,2,1,1,-43.26923077,n/a,n/a,1523651.0,1527161.0,0.0,0.0,0.0,1525184.0,1524168.0,1526161.0,1524168.0,1524561.0,1526167.0,1527161.0,3510.0,517.0,393.0,994.0,1993.0,-1526167.0,0.0,0.0,0.0,1.0,0.0,0.0,0.0,0.10730749631901051,-10.014212479061133,-0.4603837745299434,-1.3223052772213473,1525165.0,1525199.0,34.0,588.046857547693,10.158153143599531,10.145244626143327,3.0566402908746686,604.0,3.0555045867540502,1.0,-10.014212479061133,-9.449982740351501,-1.311920680803376,-1.2530746344348893,1525201.0,1525240.0,39.0,160.29713787741238,0.5672900979371486,1.5126420173804043,-0.10391877869128745,-0.11697505472808914,-9.994264205670753,-0.006093229739468063,0.5
4,1546.427509,3.5247004,1,5,2,1,2,1,3,2,-43.26923077,n/a,n/a,1527167.0,1530695.0,0.0,0.0,0.0,1528819.0,1527701.0,1529694.0,1527702.0,1528494.0,1529701.0,1530696.0,3528.0,535.0,792.0,995.0,1993.0,-1529701.0,0.0,0.0,0.0,1.0,0.0,0.0,0.0,0.062307578507810525,-9.283829197664005,-0.07615370706510526,0.45346071025129997,1528803.0,1528875.0,72.0,573.1138848781441,9.361130491021939,9.80749554729032,-3.0849865246508252,309.0,-3.0698828451744418,0.0,0.0,0.0,0.0,0.0,0.0,0.0,0.0,0.0,0.0,0.0,0.0,0.0,-10.143394858231133,0.15233074348673306,0.55
5,1549.968691,3.5078035,1,6,2,2,2,1,4,1,-43.26923077,n/a,n/a,1530710.0,1534218.0,0.0,0.0,0.0,1532443.0,1531226.0,1533217.0,1531227.0,1532217.0,1533225.0,1534218.0,3508.0,517.0,990.0,993.0,1991.0,-1533225.0,0.0,0.0,0.0,1.0,0.0,0.0,0.0,0.010384596417967108,9.609213218760353,-0.04153838567187631,0.6092296565208302,1532425.0,1532500.0,75.0,487.0158258897011,9.62086326510458,10.360256399136896,-0.0676930226939689,208.0,-0.08563845200266607,0.0,0.0,0.0,0.0,0.0,0.0,0.0,0.0,0.0,0.0,0.0,0.0,0.0,9.71894607786698,0.29856825723399805,0.6
6,1553.484823,3.5414037,1,7,2,2,2,2,1,2,-43.26923077,n/a,n/a,1534224.0,1537767.0,0.0,0.0,0.0,1535641.0,1534774.0,1536767.0,1534774.0,1535168.0,1536774.0,1537768.0,3543.0,550.0,394.0,994.0,1993.0,-1536774.0,0.0,0.0,0.0,1.0,0.0,0.0,0.0,-0.23538418547395523,9.626520879456967,-0.006923064278647363,0.46384530666926704,1535624.0,1535692.0,68.0,460.13247737029843,9.873134981797582,10.526660951514662,-0.04769983803839772,456.0,-0.07273660421950054,1.0,-0.08653830348307236,-0.22499958905598813,0.6092296565208302,0.5849989315455684,1536551.0,1536575.0,24.0,27.907764311239482,0.1405654852207017,0.17762079019887145,2.968346987137417,-2.5644004397163163,10.200752801523588,-0.21326304088142548,0.425
7,1557.034447,3.5076717,1,8,2,2,2,1,3,1,-43.26923077,n/a,n/a,1537774.0,1541284.0,0.0,0.0,0.0,1539317.0,1538291.0,1540284.0,1538291.0,1539084.0,1540290.0,1541284.0,3510.0,517.0,793.0,994.0,1993.0,-1540290.0,0.0,0.0,0.0,1.0,0.0,0.0,0.0,0.11423056059765394,9.26998306910671,-0.2526918461705697,-0.0692306427864579,1539294.0,1539370.0,76.0,474.8755180250557,9.157590404152012,9.397962860361547,-0.020035126011105808,210.0,-0.04679472242453635,1.0,0.11423056059765394,9.26998306910671,-0.2526918461705697,-0.0692306427864579,1539294.0,1539370.0,76.0,474.8755180250557,9.157590404152012,9.397962860361547,-0.020035126011105808,-0.04679472242453635,9.994264205670756,0.006093229739468063,0.5
8,1560.550613,3.5076838,1,9,2,1,1,1,4,2,-43.26923077,n/a,n/a,1541290.0,1544799.0,0.0,0.0,0.0,1543040.0,1541807.0,1543799.0,1541807.0,1542800.0,1543806.0,1544799.0,3509.0,517.0,993.0,993.0,1992.0,-1543806.0,0.0,0.0,0.0,1.0,0.0,0.0,0.0,0.1730766069661447,-9.882674257766864,-0.18346120338411182,-0.9034598883632762,1543021.0,1543087.0,66.0,590.7326564853987,10.081494113470995,10.379542505085364,3.070113947551712,221.0,3.061802559903119,1.0,0.1730766069661447,-9.882674257766864,-0.18346120338411182,-0.9034598883632762,1543021.0,1543087.0,66.0,590.7326564853987,10.081494113470995,10.379542505085364,3.070113947551712,3.061802559903119,-9.696002900549997,-0.32294117619187424,0.6083333333333333
9,1564.06679,3.5076772,1,10,2,1,2,1,2,2,-43.26923077,n/a,n/a,1544806.0,1548315.0,0.0,0.0,0.0,1546232.0,1545323.0,1547316.0,1545323.0,1545916.0,1547323.0,1548315.0,3509.0,517.0,593.0,992.0,1993.0,-1547323.0,0.0,0.0,0.0,1.0,0.0,0.0,0.0,-0.010384596417967108,-9.190367829902284,0.14192281771223947,0.27346103900650787,1546219.0,1546287.0,68.0,449.826438172219,9.180925578105644,9.474686457911579,-3.1272648256611335,303.0,-3.0937141293465147,0.0,0.0,0.0,0.0,0.0,0.0,0.0,0.0,0.0,0.0,0.0,0.0,0.0,-9.868076730427354,-0.140144284007793,0.45
10,1567.582801,3.5078273,1,11,2,1,2,1,5,1,-43.26923077,n/a,n/a,1548322.0,1551832.0,0.0,0.0,0.0,1550222.0,1548839.0,1550832.0,1548839.0,1550032.0,1550839.0,1551832.0,3510.0,517.0,1193.0,993.0,1993.0,-1550839.0,0.0,0.0,0.0,1.0,0.0,0.0,0.0,-0.02769225711458158,-11.468055977576748,0.03807685353255263,0.9138444847812434,1550205.0,1550278.0,73.0,580.7384316884275,11.473835060711385,11.729998608904634,-3.0651909784167577,173.0,-3.048501501308547,0.0,0.0,0.0,0.0,0.0,0.0,0.0,0.0,0.0,0.0,0.0,0.0,0.0,-10.510485695302831,0.5422974468127717,0.6833333333333333
11,1571.098962,3.5994785,1,12,2,2,1,1,5,1,-43.26923077,n/a,n/a,1551838.0,1555440.0,0.0,0.0,0.0,1553855.0,1552448.0,1554439.0,1552448.0,1553638.0,1554446.0,1555440.0,3602.0,610.0,1190.0,994.0,1991.0,-1554446.0,0.0,0.0,0.0,1.0,0.0,0.0,0.0,0.15230741413020657,9.373829033286396,-0.01384612855729079,-0.6196142529387973,1553839.0,1553896.0,57.0,484.81843973706583,9.241396863736655,10.153056142845243,0.06559644363816643,201.0,0.07883762585202336,1.0,0.15230741413020657,9.373829033286396,-0.01384612855729079,-0.6196142529387973,1553839.0,1553896.0,57.0,484.81843973706583,9.241396863736655,10.153056142845243,0.06559644363816643,0.07883762585202336,10.544900461278305,-0.5788568252495879,0.6958333333333333
12,1574.706808,3.5077734,1,13,2,1,2,2,4,2,-43.26923077,n/a,n/a,1555446.0,1558956.0,0.0,0.0,0.0,1557206.0,1555963.0,1557955.0,1555963.0,1556956.0,1557963.0,1558956.0,3510.0,517.0,993.0,993.0,1992.0,-1557963.0,0.0,0.0,0.0,1.0,0.0,0.0,0.0,0.15576894626953025,-9.88959732204551,-0.05192298208984342,0.8688445669700473,1557194.0,1557262.0,68.0,509.49564485687205,10.087477204137981,10.528472924791734,-3.050187147041701,238.0,-3.0371803588571664,1.0,-2.4507647546406077,-2.6688412794179524,0.7996139241835893,0.7511524742330696,1558213.0,1558245.0,32.0,66.76859924862924,0.22339624614185122,0.5768412484826044,2.922923707715857,2.880603713736466,-10.326940276766981,0.3473140951497504,0.6166666666666667
13,1578.222947,3.5078139,1,14,2,2,1,1,3,1,-43.26923077,n/a,n/a,1558962.0,1562471.0,0.0,0.0,0.0,1560539.0,1559479.0,1561472.0,1559479.0,1560272.0,1561479.0,1562471.0,3509.0,517.0,793.0,992.0,1993.0,-1561479.0,0.0,0.0,0.0,1.0,0.0,0.0,0.0,-0.04153838567187631,9.716520715079366,-0.1349997534335921,-0.827306181298171,1560518.0,1560581.0,63.0,467.0617607457438,9.782586856441233,10.43844401816334,0.0708284651748714,246.0,0.07534760818993878,0.0,0.0,0.0,0.0,0.0,0.0,0.0,0.0,0.0,0.0,0.0,0.0,0.0,10.063093737621696,-0.06702552713416443,0.5208333333333334
14,1581.739088,3.6494597,1,15,2,1,1,2,5,2,-43.26923077,n/a,n/a,1562478.0,1566130.0,0.0,0.0,0.0,1564528.0,1563138.0,1565130.0,1563138.0,1564328.0,1565136.0,1566130.0,3652.0,660.0,1190.0,994.0,1992.0,-1565136.0,0.0,0.0,0.0,1.0,0.0,0.0,0.0,-0.0034615321393236813,-9.17306016920567,-0.031153789253905263,-1.3534590664752524,1564508.0,1564578.0,70.0,540.2239418235126,9.264449816964657,9.757598002479178,2.9983745957910233,180.0,3.006017007859134,0.0,0.0,0.0,0.0,0.0,0.0,0.0,0.0,0.0,0.0,0.0,0.0,0.0,-9.489514304697167,-0.5422974468127717,0.6833333333333333
15,1585.396882,3.5078039,1,16,2,2,1,1,1,2,-43.26923077,n/a,n/a,1566136.0,1569646.0,0.0,0.0,0.0,1567363.0,1566653.0,1568645.0,1566653.0,1567046.0,1568653.0,1569646.0,3510.0,517.0,393.0,993.0,1992.0,-1568653.0,0.0,0.0,0.0,1.0,0.0,0.0,0.0,0.20769192835937367,8.401138502136666,-0.048461449950519736,-0.5988450601028592,1567338.0,1567421.0,83.0,396.97308097582885,8.21191140208339,8.650650693044089,0.06707287436553891,292.0,0.07529877669578662,0.0,0.0,0.0,0.0,0.0,0.0,0.0,0.0,0.0,0.0,0.0,0.0,0.0,9.569815425306604,0.45699223046019916,0.3416666666666667
16,1588.913038,3.6578047,1,17,2,2,1,1,5,2,-43.26923077,n/a,n/a,1569652.0,1573312.0,0.0,0.0,0.0,1571669.0,1570319.0,1572312.0,1570319.0,1571512.0,1572319.0,1573312.0,3660.0,667.0,1193.0,993.0,1993.0,-1572319.0,0.0,0.0,0.0,1.0,0.0,0.0,0.0,0.07615370706510526,10.055750864733008,-0.1869227355234355,-1.540381801998688,1571656.0,1571700.0,44.0,467.2270600645912,10.0709587862307,10.055211661535447,0.13480014867169057,144.0,0.13605486206529596,1.0,9.782289825726496,0.5469220780130157,-2.087303880011704,-0.21807652477734077,1572534.0,1572610.0,76.0,357.4179769972035,9.422633832483507,9.821781327637074,-2.9418916223202776,0.19794850422261212,10.464599340668867,-0.4935516088970154,0.6666666666666666
17,1592.579175,3.5078332,1,18,2,1,1,2,2,1,-43.26923077,n/a,n/a,1573318.0,1576828.0,0.0,0.0,0.0,1574802.0,1573835.0,1575828.0,1573835.0,1574429.0,1575835.0,1576828.0,3510.0,517.0,594.0,993.0,1993.0,-1575835.0,0.0,0.0,0.0,1.0,0.0,0.0,0.0,0.09692289990103947,-9.283829197664005,-0.3115378925390605,-1.0938441560260355,1574786.0,1574837.0,51.0,536.6469615405709,9.413315728576299,10.032046283622869,3.058390345539454,357.0,3.053838009535038,1.0,0.09692289990103947,-9.283829197664005,-0.3115378925390605,-1.0938441560260355,1574786.0,1574837.0,51.0,536.6469615405709,9.413315728576299,10.032046283622869,3.058390345539454,3.053838009535038,-10.063093737621696,0.06702552713416443,0.475
18,1596.095367,3.6577899,1,19,2,1,1,2,4,1,-43.26923077,n/a,n/a,1576835.0,1580494.0,0.0,0.0,0.0,1578528.0,1577501.0,1579494.0,1577502.0,1578495.0,1579501.0,1580494.0,3659.0,667.0,993.0,993.0,1993.0,-1579501.0,0.0,0.0,0.0,1.0,0.0,0.0,0.0,-0.03807685353255263,-9.024214287214788,-0.03461532139322895,-0.4049992603007802,1578504.0,1578575.0,71.0,482.898897217179,8.993767299592857,9.855006925597529,3.1003987133228437,9.0,3.0885296038308065,0.0,0.0,0.0,0.0,0.0,0.0,0.0,0.0,0.0,0.0,0.0,0.0,0.0,-9.994264205670753,-0.006093229739468063,0.5
19,1599.761502,3.5079524,1,20,2,2,1,1,1,1,-43.26923077,n/a,n/a,1580501.0,1584010.0,0.0,0.0,0.0,1581677.0,1581017.0,1583010.0,1581017.0,1581410.0,1583017.0,1584010.0,3509.0,516.0,393.0,993.0,1993.0,-1583017.0,0.0,0.0,0.0,1.0,0.0,0.0,0.0,0.2007688640807263,8.26267721656375,0.14192281771223947,0.14192281771223947,1581655.0,1581709.0,54.0,446.5380186611439,8.061908352483025,8.782797276029353,0.0,245.0,0.042184033095915396,1.0,-0.7788447313476512,-0.15576894626953025,-0.33576861751432235,-0.1869227355234355,1583376.0,1583410.0,34.0,146.62561466365878,0.6406079382402015,1.5729416861813295,-0.23449411940109308,-0.2695332572170858,9.512457482014149,0.5179245278548955,0.32083333333333336
20,1603.277631,3.4995142,1,21,2,1,1,2,2,2,-43.26923077,n/a,n/a,1584017.0,1587518.0,0.0,0.0,0.0,1585393.0,1584527.0,1586518.0,1584527.0,1585117.0,1586525.0,1587518.0,3501.0,510.0,590.0,993.0,1991.0,-1586525.0,0.0,0.0,0.0,1.0,0.0,0.0,0.0,-0.05884604636849078,-7.802293442033803,0.1730766069661447,0.23538418547395523,1585377.0,1585430.0,53.0,465.04245364036973,7.743698070287569,8.692878334124394,-3.1335463364065115,260.0,-3.0989720067361772,1.0,-0.05884604636849078,-7.802293442033803,0.1730766069661447,0.23538418547395523,1585377.0,1585430.0,53.0,465.04245364036973,7.743698070287569,8.692878334124394,-3.1335463364065115,-3.0989720067361772,-10.200752801523585,0.21326304088142548,0.425
21,1606.785476,3.5078248,1,22,2,2,1,1,2,1,-43.26923077,n/a,n/a,1587525.0,1591035.0,0.0,0.0,0.0,1588885.0,1588042.0,1590034.0,1588042.0,1588635.0,1590041.0,1591035.0,3510.0,517.0,593.0,994.0,1992.0,-1590041.0,0.0,0.0,0.0,1.0,0.0,0.0,0.0,-0.15923047840885393,9.096906462140565,0.05192298208984342,-0.65769110647135,1588864.0,1588933.0,69.0,472.0928627836703,9.283298078640376,9.711075322579617,0.07651450574052882,229.0,0.07278044218404044,0.0,0.0,0.0,0.0,0.0,0.0,0.0,0.0,0.0,0.0,0.0,0.0,0.0,9.764832432500944,0.24982241931824173,0.4125
22,1610.301632,3.5078328,1,23,2,1,1,2,4,1,-43.26923077,n/a,n/a,1591041.0,1594550.0,0.0,0.0,0.0,1592791.0,1591557.0,1593550.0,1591558.0,1592551.0,1593557.0,1594550.0,3509.0,517.0,993.0,993.0,1993.0,-1593557.0,0.0,0.0,0.0,1.0,0.0,0.0,0.0,0.12807668915494866,-8.757676312486923,-0.15923047840885393,-0.8203831170195276,1592776.0,1592841.0,65.0,495.657948876742,8.9103158876512,9.276496036091734,3.067323587676196,225.0,3.0601557894343565,0.0,0.0,0.0,0.0,0.0,0.0,0.0,0.0,0.0,0.0,0.0,0.0,0.0,-9.696002900549997,-0.32294117619187424,0.6083333333333333
23,1613.817789,3.5080506,1,24,2,1,1,1,4,1,-43.26923077,n/a,n/a,1594557.0,1598067.0,0.0,0.0,0.0,1596317.0,1595074.0,1597067.0,1595074.0,1596067.0,1597074.0,1598067.0,3510.0,517.0,993.0,993.0,1993.0,-1597074.0,0.0,0.0,0.0,1.0,0.0,0.0,0.0,0.373845471046871,-8.158831252384063,-0.13153822129426843,-0.6161527207994736,1596300.0,1596331.0,31.0,540.8393962370582,8.5464275156179,8.584288441141071,3.0848584715971232,233.0,3.066923808641217,0.0,0.0,0.0,0.0,0.0,0.0,0.0,0.0,0.0,0.0,0.0,0.0,0.0,-9.684531311891506,-0.3351276356708143,0.6125
24,1617.333954,3.5078332,1,25,2,1,1,1,1,1,-43.26923077,n/a,n/a,1598073.0,1601582.0,0.0,0.0,0.0,1599433.0,1598590.0,1600583.0,1598590.0,1598983.0,1600589.0,1601583.0,3509.0,517.0,393.0,994.0,1993.0,-1600589.0,0.0,0.0,0.0,1.0,0.0,0.0,0.0,0.0034615321393236813,-9.401521290400982,-0.373845471046871,-0.35653781035025656,1599414.0,1599466.0,52.0,516.5630415311997,9.404998747867912,10.17968864057762,-3.139752390669028,431.0,3.106561057044107,0.0,0.0,0.0,0.0,0.0,0.0,0.0,0.0,0.0,0.0,0.0,0.0,0.0,-10.235167567499058,0.24982241931824173,0.4125
25,1620.85012,3.5078354,1,26,2,1,2,1,4,2,-43.26923077,n/a,n/a,1601589.0,1605099.0,0.0,0.0,0.0,1603333.0,1602106.0,1604099.0,1602106.0,1603099.0,1604106.0,1605099.0,3510.0,517.0,993.0,993.0,1993.0,-1604106.0,0.0,0.0,0.0,1.0,0.0,0.0,0.0,0.2423072497526026,-9.15921404064838,0.1349997534335921,1.0453827060755136,1603311.0,1603365.0,54.0,571.5911537872024,9.445496265116194,10.820456019521032,-3.0450600444954072,212.0,-3.0258482156502406,1.0,-3.6553779391249774,-3.9357620424101323,0.9969212561249939,0.9692289990104104,1604206.0,1604231.0,25.0,71.4009473520492,0.28174830341835383,0.6153743567686827,3.043146494377159,-2.844747980213394,-10.292525510791508,0.3107547167129381,0.6041666666666666
26,1624.366419,3.507792,1,27,2,2,2,2,3,1,-43.26923077,n/a,n/a,1605106.0,1608615.0,0.0,0.0,0.0,1606698.0,1605622.0,1607615.0,1605622.0,1606415.0,1607622.0,1608615.0,3509.0,516.0,793.0,993.0,1993.0,-1607622.0,0.0,0.0,0.0,1.0,0.0,0.0,0.0,0.15923047840885393,7.629216835067663,-0.031153789253905263,0.9588444025924433,1606678.0,1606742.0,64.0,417.73696299885137,7.535303085379365,8.092007919574057,-0.13176226647792652,263.0,-0.14250201520791944,1.0,0.15923047840885393,7.629216835067663,-0.031153789253905263,0.9588444025924433,1606678.0,1606742.0,64.0,417.73696299885137,7.535303085379365,8.092007919574057,-0.13176226647792652,-0.14250201520791944,9.913963085061319,0.09139844609204062,0.5291666666666667
27,1627.882575,3.6493027,1,28,2,2,1,2,3,2,-43.26923077,n/a,n/a,1608622.0,1612272.0,0.0,0.0,0.0,1610305.0,1609282.0,1611273.0,1609282.0,1610071.0,1611279.0,1612273.0,3650.0,660.0,789.0,994.0,1991.0,-1611279.0,0.0,0.0,0.0,1.0,0.0,0.0,0.0,0.1107690284583342,8.10690827029422,-0.08653830348307236,-1.0523057703541592,1610287.0,1610344.0,57.0,428.4666683722375,8.054250404283092,8.88953062212034,0.1201970143510846,216.0,0.10846414793212901,0.0,0.0,0.0,0.0,0.0,0.0,0.0,0.0,0.0,0.0,0.0,0.0,0.0,10.017207382987731,-0.018279689218408123,0.5041666666666667
28,1631.540343,3.50771,1,29,2,2,2,1,3,2,-43.26923077,n/a,n/a,1612280.0,1615789.0,0.0,0.0,0.0,1613779.0,1612796.0,1614789.0,1612796.0,1613589.0,1614796.0,1615789.0,3509.0,516.0,793.0,993.0,1993.0,-1614796.0,0.0,0.0,0.0,1.0,0.0,0.0,0.0,0.3253840210963513,9.664597732989522,-0.0034615321393236813,0.4119223245794236,1613764.0,1613810.0,46.0,441.5278134826144,9.348446742899911,9.444462964233791,-0.04444809646350399,175.0,-0.07851473540383326,0.0,0.0,0.0,0.0,0.0,0.0,0.0,0.0,0.0,0.0,0.0,0.0,0.0,10.040150560304713,-0.04265260817628431,0.48333333333333334
29,1635.056388,3.5078389,1,30,2,1,2,2,1,1,-43.26923077,n/a,n/a,1615795.0,1619305.0,0.0,0.0,0.0,1617179.0,1616312.0,1618305.0,1616312.0,1616705.0,1618312.0,1619305.0,3510.0,517.0,393.0,993.0,1993.0,-1618312.0,0.0,0.0,0.0,1.0,0.0,0.0,0.0,0.09692289990103947,-9.42229048323692,-0.27346103900650787,0.5192298208984342,1617160.0,1617215.0,55.0,503.7705438324657,9.552161128932534,10.735101347019787,-3.058511610090939,455.0,-3.0563627357927152,1.0,0.09692289990103947,-9.42229048323692,-0.27346103900650787,0.5192298208984342,1617160.0,1617215.0,55.0,503.7705438324657,9.552161128932534,10.735101347019787,-3.058511610090939,-3.0563627357927152,-9.799247198476413,-0.21326304088142548,0.425
30,1638.572686,3.5076891,1,31,2,2,2,2,1,2,-43.26923077,n/a,n/a,1619312.0,1622821.0,0.0,0.0,0.0,1620671.0,1619828.0,1621822.0,1619828.0,1620221.0,1621828.0,1622821.0,3509.0,516.0,393.0,993.0,1994.0,-1621828.0,0.0,0.0,0.0,1.0,0.0,0.0,0.0,0.09692289990103947,11.031902928022067,0.15576894626953025,0.6611526386106736,1620645.0,1620713.0,68.0,338.86299716318575,10.946652497082844,10.985470972430038,-0.04618429242727049,424.0,-0.08170200744712407,1.0,11.038825992300714,10.709980439065038,0.6611526386106736,0.713075620700517,1620716.0,1620740.0,24.0,111.44156489378747,0.33291950070847354,0.6868939339537035,-2.984990776607778,-2.984728790761008,10.246639156157544,-0.2620088787971818,0.4083333333333333
31,1642.088712,3.5078458,1,32,2,1,1,2,3,2,-43.26923077,n/a,n/a,1622828.0,1626337.0,0.0,0.0,0.0,1624388.0,1623344.0,1625337.0,1623344.0,1624138.0,1625344.0,1626337.0,3509.0,516.0,794.0,993.0,1993.0,-1625344.0,0.0,0.0,0.0,1.0,0.0,0.0,0.0,0.17999967124479208,-9.623059347317646,-0.08307677134374868,-0.8653830348307235,1624369.0,1624421.0,52.0,581.2425678808091,9.834224382802606,10.812388619457884,3.061959153587709,231.0,3.0482951677984813,1.0,-3.115378925390605,-3.3473015787252405,-0.5538451422916632,-0.5365374815950487,1625396.0,1625439.0,43.0,99.32613662984025,0.23256756491085906,0.7757617118982929,-3.067103863375912,-2.889038377811738,-9.95984943969528,-0.04265260817628431,0.5125
32,1645.604891,3.5078158,1,33,2,2,1,2,1,1,-43.26923077,n/a,n/a,1626344.0,1629853.0,0.0,0.0,0.0,1627561.0,1626861.0,1628853.0,1626861.0,1627254.0,1628860.0,1629853.0,3509.0,517.0,393.0,993.0,1992.0,-1628860.0,0.0,0.0,0.0,1.0,0.0,0.0,0.0,0.079615239204425,8.868445340945257,-0.16961507482682103,0.3426916817929658,1627541.0,1627614.0,73.0,407.3870231829286,8.803748790722283,9.187368649784638,-0.058224779843520286,287.0,-0.0829847863327714,0.0,0.0,0.0,0.0,0.0,0.0,0.0,0.0,0.0,0.0,0.0,0.0,0.0,9.569815425306604,0.45699223046019916,0.3416666666666667
33,1649.121015,3.5078538,1,34,2,2,1,1,4,2,-43.26923077,n/a,n/a,1629860.0,1633369.0,0.0,0.0,0.0,1631236.0,1630377.0,1632370.0,1630377.0,1631370.0,1632376.0,1633369.0,3509.0,517.0,993.0,993.0,1993.0,-1632376.0,0.0,0.0,0.0,0.0,0.0,1.0,0.0,0.0553845142291671,7.611909174371048,-0.08307677134374868,-0.3115378925390605,1631214.0,1631268.0,54.0,396.9479269100541,7.559977475047805,8.20018260506028,0.030224416600115104,-156.0,0.04053545175675583,0.0,0.0,0.0,0.0,0.0,0.0,0.0,0.0,0.0,0.0,0.0,0.0,0.0,0.0,0.0,0.0
34,1652.637204,3.5078894,1,35,2,1,1,2,2,1,-43.26923077,n/a,n/a,1633376.0,1636885.0,0.0,0.0,0.0,1634743.0,1633893.0,1635886.0,1633893.0,1634486.0,1635892.0,1636886.0,3509.0,517.0,593.0,994.0,1993.0,-1635892.0,0.0,0.0,0.0,1.0,0.0,0.0,0.0,0.3115378925390605,-9.488059593884055,0.08999983562239604,-0.19730733194140657,1634727.0,1634797.0,70.0,524.670853775472,9.80380825518552,10.208060626460192,3.1122827874351957,241.0,-3.0964773270416903,0.0,0.0,0.0,0.0,0.0,0.0,0.0,0.0,0.0,0.0,0.0,0.0,0.0,-10.223695978840567,0.2376359598393056,0.4166666666666667
35,1656.153501,3.5076852,1,36,2,1,1,2,2,2,-43.26923077,n/a,n/a,1636892.0,1640402.0,0.0,0.0,0.0,1638459.0,1637409.0,1639402.0,1637409.0,1638003.0,1639409.0,1640402.0,3510.0,517.0,594.0,993.0,1993.0,-1639409.0,0.0,0.0,0.0,1.0,0.0,0.0,0.0,0.2319226533346355,-9.041521947911402,-0.1211536248763013,-1.4365358378190012,1638442.0,1638509.0,67.0,598.1643721306801,9.366269542272702,9.788796713928217,3.000688647318584,439.0,2.9960948944028143,0.0,0.0,0.0,0.0,0.0,0.0,0.0,0.0,0.0,0.0,0.0,0.0,0.0,-9.948377851036788,-0.05483906765522437,0.5166666666666667
36,1659.669522,3.5079384,1,37,2,1,2,2,1,2,-43.26923077,n/a,n/a,1640408.0,1643918.0,0.0,0.0,0.0,1641675.0,1640925.0,1642918.0,1640925.0,1641318.0,1642925.0,1643918.0,3510.0,517.0,393.0,993.0,1993.0,-1642925.0,0.0,0.0,0.0,1.0,0.0,0.0,0.0,0.2007688640807263,-9.50536725458067,0.11423056059765394,0.21115346049869735,1641656.0,1641727.0,71.0,463.9748090205367,9.706620029779083,10.091297728705408,-3.131607250814006,338.0,-3.102134942564146,0.0,0.0,0.0,0.0,0.0,0.0,0.0,0.0,0.0,0.0,0.0,0.0,0.0,-9.638644957257542,-0.38387347358656665,0.36666666666666664
37,1663.185682,3.507814,1,38,2,1,1,2,5,1,-43.26923077,n/a,n/a,1643924.0,1647434.0,0.0,0.0,0.0,1645824.0,1644441.0,1646434.0,1644441.0,1645634.0,1646441.0,1647435.0,3510.0,517.0,1193.0,994.0,1993.0,-1646441.0,0.0,0.0,0.0,1.0,0.0,0.0,0.0,0.3011532961210934,-8.539599787709582,0.006923064278647363,-1.2946130201067616,1645805.0,1645857.0,52.0,606.6754103148446,8.936045616950425,9.827899973564929,2.99542258894534,171.0,3.000592191692181,1.0,-8.518830594873643,-9.15921404064838,-1.2946130201067616,-1.2876899558281183,1645859.0,1645879.0,20.0,85.24791599695735,0.6404208666504627,0.7582967913837334,-3.13078226391569,3.004214612768587,-9.489514304697167,-0.5422974468127717,0.6833333333333333
38,1666.701814,3.5078586,1,39,2,1,1,2,3,2,-43.26923077,n/a,n/a,1647441.0,1650950.0,0.0,0.0,0.0,1649284.0,1647957.0,1649950.0,1647957.0,1648751.0,1649957.0,1650950.0,3509.0,516.0,794.0,993.0,1993.0,-1649957.0,0.0,0.0,0.0,1.0,0.0,0.0,0.0,0.21115346049869735,-8.958445176567649,0.03807685353255263,-1.4711511592122302,1649261.0,1649324.0,63.0,524.8116665307201,9.29297091135782,9.526389266721635,2.9784647939999815,510.0,2.9644366674858063,0.0,0.0,0.0,0.0,0.0,0.0,0.0,0.0,0.0,0.0,0.0,0.0,0.0,-9.58128701396509,-0.44480577098126306,0.65
39,1670.218005,3.6411701,1,40,2,1,2,2,5,2,-43.26923077,n/a,n/a,1650957.0,1654600.0,0.0,0.0,0.0,1653023.0,1651607.0,1653599.0,1651607.0,1652800.0,1653606.0,1654600.0,3643.0,650.0,1193.0,994.0,1992.0,-1653606.0,0.0,0.0,0.0,1.0,0.0,0.0,0.0,0.36692240676822757,-9.539982575973898,-0.020769192835938154,1.7930736481692597,1653003.0,1653045.0,42.0,519.647600777145,10.071583400287492,10.117717968648103,-2.9605095202332197,203.0,-2.960300922284927,1.0,-2.886917804195293,-3.0115329612109183,0.4049992603007802,0.4119223245794236,1654031.0,1654061.0,30.0,46.444910316445245,0.1248073161999532,0.38312140139474765,-3.086094148344096,0.3217505543966422,-10.556372049936796,0.5910432847285281,0.7
40,1673.86752,3.657764,1,41,2,2,2,1,5,2,-43.26923077,n/a,n/a,1654606.0,1658266.0,0.0,0.0,0.0,1656316.0,1655273.0,1657267.0,1655273.0,1656466.0,1657273.0,1658266.0,3660.0,667.0,1193.0,993.0,1994.0,-1657273.0,0.0,0.0,0.0,0.0,0.0,1.0,0.0,0.07269217492578157,8.151908188105416,0.2423072497526026,0.7511524742330696,1656295.0,1656349.0,54.0,435.97024295799093,8.095224200112979,8.67573765582108,-0.06289892518672163,-171.0,-0.07108004992764987,0.0,0.0,0.0,0.0,0.0,0.0,0.0,0.0,0.0,0.0,0.0,0.0,0.0,0.0,0.0,0.0
41,1677.533615,3.5078392,1,42,2,2,2,2,2,1,-43.26923077,n/a,n/a,1658272.0,1661781.0,0.0,0.0,0.0,1659856.0,1658789.0,1660782.0,1658789.0,1659383.0,1660789.0,1661782.0,3509.0,517.0,594.0,993.0,1993.0,-1660789.0,0.0,0.0,0.0,1.0,0.0,0.0,0.0,0.22499958905598813,7.421524906708289,0.1488458819908829,0.08307677134374868,1659841.0,1659897.0,56.0,352.5673338977383,7.1968258436289725,7.985762897874321,0.009138754717211208,458.0,0.029479748597372582,1.0,0.22499958905598813,7.421524906708289,0.1488458819908829,0.08307677134374868,1659841.0,1659897.0,56.0,352.5673338977383,7.1968258436289725,7.985762897874321,0.009138754717211208,0.029479748597372582,9.92543467371981,0.07921198661310055,0.525
42,1681.049795,3.5077791,1,43,2,1,1,2,1,1,-43.26923077,n/a,n/a,1661789.0,1665298.0,0.0,0.0,0.0,1663138.0,1662305.0,1664298.0,1662305.0,1662698.0,1664305.0,1665298.0,3509.0,516.0,393.0,993.0,1993.0,-1664305.0,0.0,0.0,0.0,1.0,0.0,0.0,0.0,0.418845388858071,-10.370750289411392,-0.05884604636849078,-0.5503836101523394,1663112.0,1663179.0,67.0,621.8266720278092,10.80078627124626,11.32753429548414,3.0960675056081173,414.0,3.0841108984101506,1.0,-10.336134968018163,-10.858826321055922,-0.5642297387096302,-0.6507680421927026,1663184.0,1663203.0,19.0,64.64874001208541,0.5298066897559621,0.5516448622759964,2.97751808961816,2.8813944655391186,-10.25811074481604,0.27419533827612186,0.4041666666666667
43,1684.566075,3.5077805,1,44,2,2,1,2,1,1,-43.26923077,n/a,n/a,1665305.0,1668814.0,0.0,0.0,0.0,1666664.0,1665821.0,1667815.0,1665821.0,1666214.0,1667821.0,1668814.0,3509.0,516.0,393.0,993.0,1994.0,-1667821.0,0.0,0.0,0.0,1.0,0.0,0.0,0.0,0.5123067566197868,9.951904900553322,-0.0553845142291671,-0.7615370706510368,1666642.0,1666708.0,66.0,441.37551259024633,9.465974041370206,10.113744523242934,0.07466840257581216,428.0,0.07742814527715676,1.0,9.948443368414,10.370750289411388,-0.7165371528398408,-0.7615370706510368,1666713.0,1666734.0,21.0,37.517678756661496,0.4246976902754564,0.4279439419163674,0.10615680151263412,2.9791035443725873,9.764832432500944,0.24982241931824173,0.4125
44,1688.082238,3.5076752,1,45,2,2,2,1,4,2,-43.26923077,n/a,n/a,1668821.0,1672330.0,0.0,0.0,0.0,1670371.0,1669337.0,1671331.0,1669337.0,1670330.0,1671337.0,1672331.0,3509.0,516.0,993.0,994.0,1994.0,-1671337.0,0.0,0.0,0.0,1.0,0.0,0.0,0.0,0.14538434985156315,9.214598554877547,0.12807668915494866,0.8030754563229131,1670351.0,1670435.0,84.0,373.6967594043122,9.094298743296447,9.514318777073289,-0.07429050678447736,21.0,-0.0877941880062672,0.0,0.0,0.0,0.0,0.0,0.0,0.0,0.0,0.0,0.0,0.0,0.0,0.0,9.971321028353774,0.030466148697348185,0.5083333333333333
45,1691.598361,3.507725,1,46,2,2,1,1,3,1,-43.26923077,n/a,n/a,1672337.0,1675847.0,0.0,0.0,0.0,1673887.0,1672854.0,1674846.0,1672854.0,1673647.0,1674853.0,1675847.0,3510.0,517.0,793.0,994.0,1992.0,-1674853.0,0.0,0.0,0.0,1.0,0.0,0.0,0.0,0.08999983562239604,9.903443450602797,0.09346136776171972,-1.211536248763013,1673870.0,1673953.0,83.0,435.75375273199313,9.899833047255637,10.063956888463423,0.13220494389584744,223.0,0.13732465724455678,0.0,0.0,0.0,0.0,0.0,0.0,0.0,0.0,0.0,0.0,0.0,0.0,0.0,10.028678971646222,-0.030466148697348185,0.5083333333333333
46,1695.114421,3.5078576,1,47,2,1,1,2,2,2,-43.26923077,n/a,n/a,1675853.0,1679363.0,0.0,0.0,0.0,1677386.0,1676370.0,1678362.0,1676370.0,1676963.0,1678369.0,1679363.0,3510.0,517.0,593.0,994.0,1992.0,-1678369.0,0.0,0.0,0.0,1.0,0.0,0.0,0.0,0.20769192835937367,-10.100750782544205,-0.21461499263802103,-1.1699978630911367,1677365.0,1677439.0,74.0,599.0540050390262,10.352620323045578,10.653269371442748,3.0491770014074864,402.0,3.031545429110844,1.0,-3.2192248895702917,-2.7830718400156065,-0.41538385671874734,-0.3011532961210934,1678430.0,1678460.0,30.0,29.48517462268427,0.45086373064408963,0.4346807871616057,-0.2561513825655996,-0.2990844116129526,-10.005735794329244,0.006093229739468063,0.49583333333333335
47,1698.630613,3.5077958,1,48,2,2,1,1,2,2,-43.26923077,n/a,n/a,1679369.0,1682878.0,0.0,0.0,0.0,1680786.0,1679886.0,1681879.0,1679886.0,1680479.0,1681886.0,1682878.0,3509.0,517.0,593.0,992.0,1993.0,-1681886.0,0.0,0.0,0.0,1.0,0.0,0.0,0.0,0.11423056059765394,8.961906708706977,0.0034615321393236813,-0.8619215026913999,1680762.0,1680838.0,76.0,474.08284237291656,8.889896569634287,9.249558468485272,0.09749895422983114,283.0,0.09520007420594336,1.0,-0.15576894626953025,0.06576911064713421,-0.1869227355234355,0.28038410328515523,1682165.0,1682184.0,19.0,49.6052303829172,0.5171603158206258,0.4922805004267449,-1.1281037338830326,-1.1040040740716481,9.833661964451881,0.17670366244460925,0.4375
48,1702.146738,3.5078355,1,49,2,1,1,1,5,1,-43.26923077,n/a,n/a,1682885.0,1686395.0,0.0,0.0,0.0,1684479.0,1683402.0,1685395.0,1683402.0,1684595.0,1685402.0,1686395.0,3510.0,517.0,1193.0,993.0,1993.0,-1685402.0,0.0,0.0,0.0,0.0,0.0,1.0,0.0,0.33576861751432235,-8.231523427309842,-0.16961507482682103,-0.07269217492578157,1684454.0,1684512.0,58.0,465.76512465946706,8.567840278029967,9.283055418767114,-3.1302800048839554,-141.0,-3.0960847145002846,0.0,0.0,0.0,0.0,0.0,0.0,0.0,0.0,0.0,0.0,0.0,0.0,0.0,0.0,0.0,0.0
49,1705.662902,3.5078274,1,50,2,1,2,2,2,1,-43.26923077,n/a,n/a,1686402.0,1689911.0,0.0,0.0,0.0,1687828.0,1686918.0,1688911.0,1686918.0,1687511.0,1688918.0,1689911.0,3509.0,516.0,593.0,993.0,1993.0,-1688918.0,0.0,0.0,0.0,1.0,0.0,0.0,0.0,0.40153772816145655,-9.318444519057234,0.044999917811196055,0.5330759494557249,1687807.0,1687847.0,40.0,560.4808590200673,9.732228578229776,9.784965226666461,-3.091421117784756,296.0,-3.089920660280036,1.0,0.40153772816145655,-9.318444519057234,0.044999917811196055,0.5330759494557249,1687807.0,1687847.0,40.0,560.4808590200673,9.732228578229776,9.784965226666461,-3.091421117784756,-3.089920660280036,-9.856605141768863,-0.15233074348673306,0.44583333333333336
50,1709.179061,3.5078181,1,51,2,2,1,1,1,1,-43.26923077,n/a,n/a,1689918.0,1693427.0,0.0,0.0,0.0,1691168.0,1690434.0,1692428.0,1690434.0,1690827.0,1692434.0,1693427.0,3509.0,516.0,393.0,993.0,1994.0,-1692434.0,0.0,0.0,0.0,1.0,0.0,0.0,0.0,-0.07269217492578157,8.16921584880203,0.33230708537499865,0.1626920105481776,1691150.0,1691217.0,67.0,444.7993970641347,8.243653143188244,8.675434495444364,0.020576683860892023,323.0,-0.06468372722415397,0.0,0.0,0.0,0.0,0.0,0.0,0.0,0.0,0.0,0.0,0.0,0.0,0.0,9.61570177994056,0.4082463925444468,0.35833333333333334
51,1712.695378,3.5076608,1,52,2,1,1,2,5,2,-43.26923077,n/a,n/a,1693434.0,1696943.0,0.0,0.0,0.0,1695360.0,1693951.0,1695943.0,1693951.0,1695143.0,1695950.0,1696944.0,3509.0,517.0,1192.0,994.0,1992.0,-1695950.0,0.0,0.0,0.0,1.0,0.0,0.0,0.0,0.24923031403124998,-9.394598226122335,0.05192298208984342,-0.9207675490598907,1695334.0,1695412.0,78.0,579.9859967698817,9.692757903778944,10.107603311932124,3.0410711531479113,191.0,3.0245439306306356,1.0,-1.799996712447905,-1.8173043731445195,0.3530762782109368,0.36692240676822757,1696443.0,1696466.0,23.0,47.339255671837066,0.022164620339950713,0.3043787232036807,-2.4668517113662682,-2.841421482759678,-9.466571127380185,-0.5666703657706479,0.6916666666666667
52,1716.211491,3.5077219,1,53,2,2,1,2,3,2,-43.26923077,n/a,n/a,1696950.0,1700460.0,0.0,0.0,0.0,1698527.0,1697467.0,1699459.0,1697467.0,1698260.0,1699467.0,1700460.0,3510.0,517.0,793.0,993.0,1992.0,-1699467.0,0.0,0.0,0.0,1.0,0.0,0.0,0.0,0.4223069209973947,8.712676394675727,-0.0034615321393236813,-0.7407678778150986,1698506.0,1698559.0,53.0,448.34673888447634,8.323091172002822,9.035013329603224,0.08870191093936662,246.0,0.0836184828862507,0.0,0.0,0.0,0.0,0.0,0.0,0.0,0.0,0.0,0.0,0.0,0.0,0.0,10.063093737621696,-0.06702552713416443,0.5208333333333334
53,1719.727548,3.5080153,1,54,2,2,1,2,1,1,-43.26923077,n/a,n/a,1700466.0,1703976.0,0.0,0.0,0.0,1701866.0,1700983.0,1702975.0,1700983.0,1701376.0,1702982.0,1703976.0,3510.0,517.0,393.0,994.0,1992.0,-1702982.0,0.0,0.0,0.0,1.0,0.0,0.0,0.0,0.26653797472786445,9.775366761447858,-0.10730749631901051,-0.1488458819908829,1701847.0,1701890.0,43.0,442.5243891210981,9.508919514468456,9.486134150158726,0.004368374105982122,471.0,-0.05695587608665448,1.0,0.26653797472786445,9.775366761447858,-0.10730749631901051,-0.1488458819908829,1701847.0,1701890.0,43.0,442.5243891210981,9.508919514468456,9.486134150158726,0.004368374105982122,-0.05695587608665448,9.822190375793392,0.18889012192354931,0.43333333333333335
54,1723.243706,3.5078281,1,55,2,1,1,2,3,2,-43.26923077,n/a,n/a,1703982.0,1707491.0,0.0,0.0,0.0,1705525.0,1704499.0,1706492.0,1704499.0,1705292.0,1706499.0,1707491.0,3509.0,517.0,793.0,992.0,1993.0,-1706499.0,0.0,0.0,0.0,1.0,0.0,0.0,0.0,0.10730749631901051,-8.795753166019475,-0.07269217492578157,-0.5469220780130157,1705505.0,1705558.0,53.0,590.13595995423,8.915681867264059,9.753762858984839,3.088377003551856,213.0,3.0627248999597017,0.0,0.0,0.0,0.0,0.0,0.0,0.0,0.0,0.0,0.0,0.0,0.0,0.0,-9.982792617012262,-0.018279689218408123,0.5041666666666667
55,1726.759884,3.507783,1,56,2,2,2,1,4,1,-43.26923077,n/a,n/a,1707498.0,1711008.0,0.0,0.0,0.0,1709242.0,1708015.0,1710008.0,1708015.0,1709008.0,1710015.0,1711008.0,3510.0,517.0,993.0,993.0,1993.0,-1710015.0,0.0,0.0,0.0,1.0,0.0,0.0,0.0,0.09346136776171972,8.740368651790309,-0.024230724975261835,0.38769159960416577,1709221.0,1709272.0,51.0,446.74853794569424,8.656713324355472,8.653554805962239,-0.0476021230004347,213.0,-0.08450322154555573,1.0,8.754214780347603,8.532676723430935,0.38423006746484206,0.39807619602213284,1709274.0,1709298.0,24.0,48.73881504507076,0.2219703267070579,0.37679854577917204,-3.0791738435938405,2.9568090376199696,9.707474489208488,0.3107547167129381,0.6041666666666666
56,1730.276148,3.6493479,1,57,2,2,1,2,1,1,-43.26923077,n/a,n/a,1711015.0,1714666.0,0.0,0.0,0.0,1712358.0,1711674.0,1713665.0,1711674.0,1712064.0,1713672.0,1714666.0,3651.0,659.0,390.0,994.0,1991.0,-1713672.0,0.0,0.0,0.0,1.0,0.0,0.0,0.0,0.32192248895702763,9.152290976369736,-0.20769192835937367,-0.20769192835937367,1712337.0,1712410.0,73.0,468.18279685041443,8.830368487412708,9.230808116449893,0.0,273.0,-0.06529599503908864,1.0,-1.5196126091627498,-33.26532385889301,-0.49153756378385255,18.726888873736858,1713388.0,1713449.0,61.0,16231.256917005148,37.10981133724134,48.78562730795026,-2.597221869312274,-2.432127513592061,9.546872247989622,0.4813651494180793,0.3333333333333333
57,1733.933821,3.5078242,1,58,2,2,1,1,5,1,-43.26923077,n/a,n/a,1714672.0,1718181.0,0.0,0.0,0.0,1716565.0,1715189.0,1717182.0,1715189.0,1716382.0,1717189.0,1718181.0,3509.0,517.0,1193.0,992.0,1993.0,-1717189.0,0.0,0.0,0.0,1.0,0.0,0.0,0.0,0.3253840210963513,10.948826156678313,-0.03807685353255263,-0.758075538511713,1716547.0,1716595.0,48.0,460.5283438169573,10.647812963910944,10.744419559890442,0.0676710329521866,165.0,0.07158290893202197,1.0,0.3253840210963513,10.948826156678313,-0.03807685353255263,-0.758075538511713,1716547.0,1716595.0,48.0,460.5283438169573,10.647812963910944,10.744419559890442,0.0676710329521866,0.07158290893202197,10.49901410664434,-0.5301109873338317,0.6791666666666667
58,1737.449979,3.5078336,1,59,2,2,1,1,3,1,-43.26923077,n/a,n/a,1718188.0,1721697.0,0.0,0.0,0.0,1719755.0,1718705.0,1720698.0,1718705.0,1719498.0,1720705.0,1721697.0,3509.0,517.0,793.0,992.0,1993.0,-1720705.0,0.0,0.0,0.0,1.0,0.0,0.0,0.0,0.3773070031861947,9.809982082841087,-0.06576911064713421,-0.7996139241835893,1719733.0,1719787.0,54.0,419.42389800902725,9.461177905984895,9.457025538420918,0.07764177347593518,235.0,0.08134781171867461,0.0,0.0,0.0,0.0,0.0,0.0,0.0,0.0,0.0,0.0,0.0,0.0,0.0,10.040150560304713,-0.04265260817628431,0.5125
59,1740.966156,3.5078301,1,60,2,2,2,2,1,2,-43.26923077,n/a,n/a,1721705.0,1725214.0,0.0,0.0,0.0,1722948.0,1722221.0,1724214.0,1722221.0,1722614.0,1724221.0,1725214.0,3509.0,516.0,393.0,993.0,1993.0,-1724221.0,0.0,0.0,0.0,1.0,0.0,0.0,0.0,0.2284611211953118,8.826906955273381,0.2007688640807263,0.09692289990103947,1722923.0,1722981.0,58.0,467.3979978419064,8.59907290036844,9.42852032607806,0.012076707535092613,309.0,-0.024233228060464768,1.0,0.34961474607161314,-0.373845471046871,0.1730766069661447,0.1730766069661447,1724587.0,1724612.0,25.0,66.80846705289788,0.7234602171184842,0.741155985357174,3.141592653589793,-3.001016602180236,10.407241397376419,-0.43261931150232297,0.35
60,1744.482471,3.507841,1,61,2,2,1,1,2,2,-43.26923077,n/a,n/a,1725221.0,1728730.0,0.0,0.0,0.0,1726554.0,1725737.0,1727730.0,1725737.0,1726330.0,1727737.0,1728730.0,3509.0,516.0,593.0,993.0,1993.0,-1727737.0,0.0,0.0,0.0,1.0,0.0,0.0,0.0,0.15230741413020657,9.339213711893168,0.01384612855729079,-0.9311521454778579,1726541.0,1726582.0,41.0,444.2947632242297,9.235381370674746,9.161804590550453,0.10250309087817015,211.0,0.11587267853706727,1.0,2.0769192835937367,1.7169199411041565,-0.010384596417967108,-0.13153822129426843,1727597.0,1727616.0,19.0,48.02334406989529,0.37983908094559937,0.3870884529643373,2.816960262790639,2.879262152963619,9.73041766652547,0.286381797755058,0.4
61,1747.998481,3.5078291,1,62,2,1,2,1,2,1,-43.26923077,n/a,n/a,1728737.0,1732246.0,0.0,0.0,0.0,1730113.0,1729254.0,1731247.0,1729254.0,1729847.0,1731253.0,1732246.0,3509.0,517.0,593.0,993.0,1993.0,-1731253.0,0.0,0.0,0.0,1.0,0.0,0.0,0.0,0.4396145816940092,-9.321906051196553,-0.1765381391054684,-0.05192298208984342,1730094.0,1730164.0,70.0,566.5386017952321,9.762316016381881,10.17005977488838,-3.1288273895631376,247.0,-3.1044843554054635,0.0,0.0,0.0,0.0,0.0,0.0,0.0,0.0,0.0,0.0,0.0,0.0,0.0,-9.787775609817922,-0.22544950036036554,0.42083333333333334
62,1751.514644,3.5079622,1,63,2,2,1,2,3,2,-43.26923077,n/a,n/a,1732253.0,1735763.0,0.0,0.0,0.0,1733786.0,1732770.0,1734763.0,1732770.0,1733563.0,1734770.0,1735763.0,3510.0,517.0,793.0,993.0,1993.0,-1734770.0,0.0,0.0,0.0,1.0,0.0,0.0,0.0,0.16615354268749735,8.41844616283328,-0.11423056059765394,-0.7961523920442657,1733773.0,1733825.0,52.0,467.3114684068298,8.2804197280522,9.335598803228594,0.08244690809791556,210.0,0.07682876762053019,0.0,0.0,0.0,0.0,0.0,0.0,0.0,0.0,0.0,0.0,0.0,0.0,0.0,10.00573579432924,-0.006093229739468063,0.5
63,1755.030805,3.5078136,1,64,2,1,2,1,2,1,-43.26923077,n/a,n/a,1735769.0,1739279.0,0.0,0.0,0.0,1737095.0,1736286.0,1738278.0,1736286.0,1736879.0,1738285.0,1739279.0,3510.0,517.0,593.0,994.0,1992.0,-1738285.0,0.0,0.0,0.0,1.0,0.0,0.0,0.0,0.26653797472786445,-10.253058196674415,-0.06576911064713421,0.06576911064713421,1737077.0,1737150.0,73.0,552.4425274404065,10.520418523663531,11.01864131852652,-3.1290891920180997,198.0,-3.0969682099801488,0.0,0.0,0.0,0.0,0.0,0.0,0.0,0.0,0.0,0.0,0.0,0.0,0.0,-9.71894607786698,-0.29856825723399805,0.3958333333333333
64,1758.546963,3.5079727,1,65,2,1,1,2,5,2,-43.26923077,n/a,n/a,1739285.0,1742795.0,0.0,0.0,0.0,1741152.0,1739802.0,1741795.0,1739802.0,1740995.0,1741802.0,1742795.0,3510.0,517.0,1193.0,993.0,1993.0,-1741802.0,0.0,0.0,0.0,1.0,0.0,0.0,0.0,0.4776914352265578,-9.713059182940043,-0.1349997534335921,-1.131921009558588,1741139.0,1741206.0,67.0,596.7443361759397,10.239396962349726,10.426833522439242,3.044076850302247,144.0,3.0378278295049848,1.0,0.4776914352265578,-9.713059182940043,-0.1349997534335921,-1.131921009558588,1741139.0,1741206.0,67.0,596.7443361759397,10.239396962349726,10.426833522439242,3.044076850302247,3.0378278295049848,-9.535400659331126,-0.4935516088970154,0.6666666666666666
65,1762.063114,3.5078459,1,66,2,2,1,1,1,1,-43.26923077,n/a,n/a,1742801.0,1746311.0,0.0,0.0,0.0,1743985.0,1743318.0,1745311.0,1743318.0,1743711.0,1745318.0,1746311.0,3510.0,517.0,393.0,993.0,1993.0,-1745318.0,0.0,0.0,0.0,1.0,0.0,0.0,0.0,0.22499958905598813,8.826906955273381,0.1384612855729158,-0.29076869970312236,1743969.0,1744027.0,58.0,408.181199214851,8.61260986677355,9.609370956592365,0.04985804247886272,258.0,0.046846335252387725,0.0,0.0,0.0,0.0,0.0,0.0,0.0,0.0,0.0,0.0,0.0,0.0,0.0,9.52392907067264,0.5057380683759555,0.325
66,1765.579285,3.5078172,1,67,2,1,2,1,2,2,-43.26923077,n/a,n/a,1746318.0,1749827.0,0.0,0.0,0.0,1747677.0,1746834.0,1748827.0,1746834.0,1747427.0,1748834.0,1749827.0,3509.0,516.0,593.0,993.0,1993.0,-1748834.0,0.0,0.0,0.0,1.0,0.0,0.0,0.0,0.28730716756379865,-9.038060415772078,-0.1107690284583342,0.4223069209973947,1747661.0,1747728.0,67.0,522.2065391688114,9.340591551514269,9.63410500777043,-3.084490729087504,234.0,-3.0603013927364575,1.0,0.28730716756379865,-9.038060415772078,-0.1107690284583342,0.4223069209973947,1747661.0,1747728.0,67.0,522.2065391688114,9.340591551514269,9.63410500777043,-3.084490729087504,-3.0603013927364575,-9.76483243250094,-0.24982241931824173,0.4125
67,1769.095439,3.4995073,1,68,2,2,1,1,4,2,-43.26923077,n/a,n/a,1749834.0,1753335.0,0.0,0.0,0.0,1751377.0,1750344.0,1752335.0,1750344.0,1751333.0,1752342.0,1753335.0,3501.0,510.0,989.0,993.0,1991.0,-1752342.0,0.0,0.0,0.0,1.0,0.0,0.0,0.0,0.11769209273697762,10.277288921649676,-0.13153822129426843,-2.322688065485663,1751351.0,1751437.0,86.0,459.7692098803171,10.393197071438266,10.77300877521696,0.21241925303006468,18.0,0.20974683493417304,1.0,0.11769209273697762,10.277288921649676,-0.13153822129426843,-2.322688065485663,1751351.0,1751437.0,86.0,459.7692098803171,10.393197071438266,10.77300877521696,0.21241925303006468,0.20974683493417304,10.017207382987731,-0.018279689218408123,0.5041666666666667
68,1772.603279,3.5911217,1,69,2,2,2,1,4,1,-43.26923077,n/a,n/a,1753341.0,1756934.0,0.0,0.0,0.0,1755134.0,1753941.0,1755934.0,1753942.0,1754934.0,1755941.0,1756935.0,3593.0,601.0,992.0,994.0,1993.0,-1755941.0,0.0,0.0,0.0,1.0,0.0,0.0,0.0,0.4084607924401,8.781907037462185,0.1107690284583342,0.14538434985156315,1755111.0,1755168.0,57.0,402.29712141817635,8.373517793541112,9.339175863336823,-0.004133916095794739,177.0,-0.06082350939794194,0.0,0.0,0.0,0.0,0.0,0.0,0.0,0.0,0.0,0.0,0.0,0.0,0.0,9.764832432500944,0.24982241931824173,0.5833333333333334
69,1776.202881,3.5078386,1,70,2,2,2,1,4,2,-43.26923077,n/a,n/a,1756941.0,1760451.0,0.0,0.0,0.0,1758701.0,1757458.0,1759450.0,1757458.0,1758451.0,1759457.0,1760451.0,3510.0,517.0,993.0,994.0,1992.0,-1759457.0,0.0,0.0,0.0,1.0,0.0,0.0,0.0,0.17999967124479208,8.376907777161405,0.06576911064713421,0.5192298208984342,1758682.0,1758736.0,54.0,401.46353377651445,8.209441461669794,8.79217238737773,-0.05526461447697293,231.0,-0.07921776011292594,0.0,0.0,0.0,0.0,0.0,0.0,0.0,0.0,0.0,0.0,0.0,0.0,0.0,9.684531311891506,0.3351276356708143,0.6125
70,1779.71898,3.5077554,1,71,2,1,1,2,3,2,-43.26923077,n/a,n/a,1760457.0,1763966.0,0.0,0.0,0.0,1762034.0,1760974.0,1762966.0,1760974.0,1761767.0,1762974.0,1763966.0,3509.0,517.0,793.0,992.0,1992.0,-1762974.0,0.0,0.0,0.0,1.0,0.0,0.0,0.0,0.3080763603997368,-9.989981754085875,-0.21461499263802103,-0.4292299852760381,1762020.0,1762093.0,73.0,554.4463773530025,10.300294196011489,10.305657882009102,3.1207553337915686,253.0,3.088497631568112,1.0,0.3080763603997368,-9.989981754085875,-0.21461499263802103,-0.4292299852760381,1762020.0,1762093.0,73.0,554.4463773530025,10.300294196011489,10.305657882009102,3.1207553337915686,3.088497631568112,-9.92543467371981,-0.07921198661310055,0.525
71,1783.235059,3.5078554,1,72,2,2,2,1,4,1,-43.26923077,n/a,n/a,1763973.0,1767482.0,0.0,0.0,0.0,1765699.0,1764490.0,1766483.0,1764490.0,1765483.0,1766490.0,1767482.0,3509.0,517.0,993.0,992.0,1993.0,-1766490.0,0.0,0.0,0.0,1.0,0.0,0.0,0.0,0.24923031403124998,8.369984712882758,0.15576894626953025,0.5088452244804671,1765685.0,1765742.0,57.0,438.14673408366616,8.12842634614483,8.890319782965028,-0.043450895391531054,202.0,-0.08967285988449963,1.0,0.24923031403124998,8.369984712882758,0.15576894626953025,0.5088452244804671,1765685.0,1765742.0,57.0,438.14673408366616,8.12842634614483,8.890319782965028,-0.043450895391531054,-0.08967285988449963,9.73041766652547,0.286381797755058,0.5958333333333333
72,1786.751235,3.5078273,1,73,2,1,2,2,4,1,-43.26923077,n/a,n/a,1767489.0,1770999.0,0.0,0.0,0.0,1768873.0,1768006.0,1769999.0,1768006.0,1768999.0,1770006.0,1770999.0,3510.0,517.0,993.0,993.0,1993.0,-1770006.0,0.0,0.0,0.0,0.0,0.0,1.0,0.0,0.3253840210963513,-9.605751686621032,0.0692306427864579,0.3946146638828092,1768859.0,1768930.0,71.0,524.9045695741925,9.936464723747783,10.098167352018596,-3.1088403406268914,-140.0,-3.081568690085645,0.0,0.0,0.0,0.0,0.0,0.0,0.0,0.0,0.0,0.0,0.0,0.0,0.0,0.0,0.0,0.0
73,1790.267525,3.5077094,1,74,2,1,1,1,3,2,-43.26923077,n/a,n/a,1771006.0,1774515.0,0.0,0.0,0.0,1772539.0,1771522.0,1773515.0,1771522.0,1772315.0,1773522.0,1774515.0,3509.0,516.0,793.0,993.0,1993.0,-1773522.0,0.0,0.0,0.0,1.0,0.0,0.0,0.0,0.15230741413020657,-9.913828047020768,-0.03807685353255263,0.1211536248763013,1772524.0,1772593.0,69.0,521.1295472492295,10.067394770619432,10.065507532967638,-3.1257755408571577,209.0,-3.097559173079763,0.0,0.0,0.0,0.0,0.0,0.0,0.0,0.0,0.0,0.0,0.0,0.0,0.0,-9.994264205670753,-0.006093229739468063,0.5
74,1793.783558,3.5078124,1,75,2,1,2,1,2,1,-43.26923077,n/a,n/a,1774522.0,1778031.0,0.0,0.0,0.0,1775931.0,1775038.0,1777032.0,1775038.0,1775631.0,1777038.0,1778031.0,3509.0,516.0,593.0,993.0,1994.0,-1777038.0,0.0,0.0,0.0,1.0,0.0,0.0,0.0,0.21807652477734077,-9.983058689807226,0.08307677134374868,0.4361530495546855,1775918.0,1775983.0,65.0,512.5798771848588,10.20724363011252,10.618990500427,-3.106994995353805,287.0,-3.0861483939682097,0.0,0.0,0.0,0.0,0.0,0.0,0.0,0.0,0.0,0.0,0.0,0.0,0.0,-9.845133553110372,-0.16451720296567313,0.44166666666666665
75,1797.299812,3.5077529,1,76,2,2,2,2,5,1,-43.26923077,n/a,n/a,1778038.0,1781548.0,0.0,0.0,0.0,1779947.0,1778554.0,1780547.0,1778554.0,1779747.0,1780554.0,1781548.0,3510.0,516.0,1193.0,994.0,1993.0,-1780554.0,0.0,0.0,0.0,1.0,0.0,0.0,0.0,0.1384612855729158,8.093062141736926,0.28038410328515523,0.8203831170195276,1779931.0,1780007.0,76.0,396.1299703714693,7.972908736196552,8.501185371715055,-0.06778112453947449,184.0,-0.07499181132864616,1.0,8.189985041637964,8.23498495944917,0.917306016920567,0.9034598883632762,1780030.0,1780057.0,27.0,30.20449894011587,0.04708192730804604,0.14230223480376542,0.29849893158612395,-0.7165416740963694,9.478042716038676,0.5544839062917117,0.6875
76,1800.815893,3.508009096,1,77,2,1,2,2,1,1,-43.26923077,n/a,n/a,1781554.0,1785065.0,0.0,0.0,0.0,1782687.0,1782071.0,1784063.0,1782071.0,1782464.0,1784070.0,1785065.0,3511.0,517.0,393.0,995.0,1992.0,-1784070.0,0.0,0.0,0.0,1.0,0.0,0.0,0.0,0.10038443204036315,-8.57767664124213,0.05192298208984342,-0.3080763603997368,1782672.0,1782724.0,52.0,470.21410053212827,8.685524942006317,9.690473133573374,3.1001325804621014,208.0,3.079040150776165,0.0,0.0,0.0,0.0,0.0,0.0,0.0,0.0,0.0,0.0,0.0,0.0,0.0,-9.455099538721694,-0.5788568252495879,0.3
77,1804.340452,3.5078118,1,78,2,2,2,2,5,2,-43.26923077,n/a,n/a,1785080.0,1788588.0,0.0,0.0,0.0,1786180.0,1785597.0,1787589.0,1785597.0,1786788.0,1787595.0,1788588.0,3508.0,517.0,1191.0,993.0,1992.0,-1787595.0,0.0,0.0,0.0,0.0,0.0,1.0,0.0,-0.010384596417967108,9.179983233484318,0.04153838567187631,-0.4257684531367144,1786161.0,1786217.0,56.0,470.7740270122024,9.202240842887134,10.258252684987015,0.050803704058221655,-627.0,0.04861032428188592,0.0,0.0,0.0,0.0,0.0,0.0,0.0,0.0,0.0,0.0,0.0,0.0,0.0,0.0,0.0,0.0
78,1807.864927,3.5078187,1,79,2,1,2,1,4,2,-43.26923077,n/a,n/a,1788605.0,1792112.0,0.0,0.0,0.0,1790321.0,1789121.0,1791113.0,1789121.0,1790111.0,1791119.0,1792112.0,3507.0,516.0,990.0,993.0,1992.0,-1791119.0,0.0,0.0,0.0,1.0,0.0,0.0,0.0,0.21461499263802103,-10.107673846822852,-0.08999983562239604,0.35653781035025656,1790301.0,1790375.0,74.0,548.083513086142,10.331942835426903,10.76434425378995,-3.098360051143933,190.0,-3.0865757665441156,0.0,0.0,0.0,0.0,0.0,0.0,0.0,0.0,0.0,0.0,0.0,0.0,0.0,-10.25811074481604,0.27419533827612186,0.5916666666666667
79,1811.381093,3.5077662,1,80,2,2,2,2,1,2,-43.26923077,n/a,n/a,1792119.0,1795629.0,0.0,0.0,0.0,1793319.0,1792636.0,1794628.0,1792636.0,1793029.0,1794635.0,1795629.0,3510.0,517.0,393.0,994.0,1992.0,-1794635.0,0.0,0.0,0.0,1.0,0.0,0.0,0.0,0.28384563542447894,9.404982822540306,0.05884604636849078,-0.20769192835937367,1793303.0,1793373.0,70.0,476.5407342074097,9.125030743956936,9.862271987801812,0.02921369783300688,274.0,0.046698280722874255,0.0,0.0,0.0,0.0,0.0,0.0,0.0,0.0,0.0,0.0,0.0,0.0,0.0,10.453127752010376,-0.4813651494180793,0.3333333333333333
80,1814.897168,3.5078666,1,81,2,2,1,2,1,2,-43.26923077,n/a,n/a,1795635.0,1799145.0,0.0,0.0,0.0,1796895.0,1796152.0,1798145.0,1796152.0,1796545.0,1798152.0,1799145.0,3510.0,517.0,393.0,993.0,1993.0,-1798152.0,0.0,0.0,0.0,1.0,0.0,0.0,0.0,0.2007688640807263,8.868445340945257,-0.0553845142291671,-0.38769159960416577,1796880.0,1796936.0,56.0,426.5892676900286,8.674044241677647,9.364839183279162,0.038319890635300745,335.0,0.04215038073530302,0.0,0.0,0.0,0.0,0.0,0.0,0.0,0.0,0.0,0.0,0.0,0.0,0.0,9.62717336859905,0.39605993306550674,0.3625
81,1818.413353,3.5078426,1,82,2,1,1,2,3,1,-43.26923077,n/a,n/a,1799151.0,1802660.0,0.0,0.0,0.0,1800694.0,1799668.0,1801661.0,1799668.0,1800461.0,1801668.0,1802660.0,3509.0,517.0,793.0,992.0,1993.0,-1801668.0,0.0,0.0,0.0,1.0,0.0,0.0,0.0,0.23538418547395523,-8.961906708706973,-0.2561533783098934,-0.543460545873696,1800668.0,1800723.0,55.0,510.9304952544487,9.201777284889966,9.431466324103592,3.110364570074337,207.0,3.089819776986768,1.0,-0.8030754563229131,-0.8688445669700473,0.22153805691666445,0.16961507482682103,1801533.0,1801564.0,31.0,77.96135812202934,0.08379482074935886,0.45925022377463515,2.473303234759203,2.9057545037187222,-9.994264205670753,-0.006093229739468063,0.5
82,1821.929544,3.5077958,1,83,2,2,2,2,3,1,-43.26923077,n/a,n/a,1802668.0,1806177.0,0.0,0.0,0.0,1804234.0,1803184.0,1805177.0,1803184.0,1803977.0,1805184.0,1806177.0,3509.0,516.0,793.0,993.0,1993.0,-1805184.0,0.0,0.0,0.0,1.0,0.0,0.0,0.0,0.15923047840885393,7.739985863525988,-0.079615239204425,0.27346103900650787,1804209.0,1804268.0,59.0,422.3841521297756,7.5889732551391775,8.655572016015938,-0.046541708183519194,232.0,-0.06002396350414829,1.0,8.193446573777292,6.670372432475219,0.5642297387096302,0.5607682065703105,1804659.0,1804703.0,44.0,180.0976473595516,1.5230780748562434,2.1117530674355236,3.1393199302301538,-3.0825480639170393,9.959849439695283,0.04265260817628431,0.5125
83,1825.445665,3.6911773,1,84,2,1,2,1,2,2,-43.26923077,n/a,n/a,1806184.0,1809877.0,0.0,0.0,0.0,1807777.0,1806884.0,1808876.0,1806884.0,1807477.0,1808883.0,1809877.0,3693.0,700.0,593.0,994.0,1992.0,-1808883.0,0.0,0.0,0.0,1.0,0.0,0.0,0.0,0.2976917639817697,-8.944599048010359,-0.14192281771223947,0.8134600527408802,1807764.0,1807848.0,84.0,489.85843936611053,9.291538940487165,9.43413325644979,-3.0385877145448235,287.0,-3.0386746514538334,1.0,-3.205378761013001,-3.759223903304664,0.4846144995052052,0.21115346049869735,1808710.0,1808742.0,32.0,75.55916704874448,0.6176774089236156,0.797280353495896,2.682957533937206,-2.668236611754878,-9.845133553110372,-0.16451720296567313,0.44166666666666665
84,1829.153525,3.6577598,1,85,2,1,1,2,3,2,-43.26923077,n/a,n/a,1809893.0,1813551.0,0.0,0.0,0.0,1811633.0,1810559.0,1812551.0,1810560.0,1811350.0,1812558.0,1813551.0,3658.0,667.0,790.0,993.0,1992.0,-1812558.0,0.0,0.0,0.0,1.0,0.0,0.0,0.0,-0.044999917811196055,-9.848058936373635,-0.08999983562239604,-0.5711528029882775,1811616.0,1811686.0,70.0,570.0018785802256,9.814859871614233,10.323837242398564,3.0925500891692423,266.0,3.0758274158614247,1.0,-4.745760563011689,-4.96383708778903,-0.031153789253905263,-0.10730749631901051,1812798.0,1812822.0,24.0,66.76859924862966,0.23099081747705902,0.6011217419898864,2.8056250476636535,2.8435170920037263,-9.913963085061319,-0.09139844609204062,0.5291666666666667
85,1832.819663,3.7079307,1,86,2,1,2,1,1,2,-43.26923077,n/a,n/a,1813558.0,1817267.0,0.0,0.0,0.0,1815100.0,1814274.0,1816267.0,1814274.0,1814667.0,1816274.0,1817267.0,3709.0,716.0,393.0,993.0,1993.0,-1816274.0,0.0,0.0,0.0,1.0,0.0,0.0,0.0,0.23538418547395523,-8.930752919453068,0.02769225711458158,1.1630747988124932,1815086.0,1815153.0,67.0,485.5785114472683,9.236187684446021,9.4349867187844,-3.0183533149579858,419.0,-3.0154174107689653,1.0,-7.1549869319804245,-6.9507565357603704,0.9692289990104104,0.8653830348307235,1815632.0,1815651.0,19.0,22.9901797546773,0.22911577644633951,0.2387202668364053,0.47040426293658516,0.5155490074589762,-9.741889255183958,-0.27419533827612186,0.4041666666666667
86,1836.535759,3.507795,1,87,2,2,2,2,3,2,-43.26923077,n/a,n/a,1817273.0,1820783.0,0.0,0.0,0.0,1818784.0,1817790.0,1819783.0,1817790.0,1818584.0,1819790.0,1820783.0,3510.0,517.0,794.0,993.0,1993.0,-1819790.0,0.0,0.0,0.0,1.0,0.0,0.0,0.0,0.2596149104492171,8.729984055372341,-0.10038443204036315,-0.05884604636849078,1818771.0,1818828.0,57.0,436.3056477335615,8.470470995685536,9.128937734525335,-0.004903924726577114,187.0,-0.04134265329975518,0.0,0.0,0.0,0.0,0.0,0.0,0.0,0.0,0.0,0.0,0.0,0.0,0.0,10.017207382987731,-0.018279689218408123,0.49166666666666664
87,1840.051907,3.5078349,1,88,2,1,1,1,5,1,-43.26923077,n/a,n/a,1820790.0,1824299.0,0.0,0.0,0.0,1822733.0,1821306.0,1823299.0,1821306.0,1822500.0,1823306.0,1824299.0,3509.0,516.0,1194.0,993.0,1993.0,-1823306.0,0.0,0.0,0.0,1.0,0.0,0.0,0.0,0.3080763603997368,-8.646907284028588,-0.21461499263802103,-0.6161527207994736,1822706.0,1822743.0,37.0,526.644810186761,8.963981515995885,8.995249337555798,3.096783086172527,206.0,3.075741225471712,1.0,-8.428830759251248,-2.187688312052071,-1.2703822951315038,-0.28730716756379865,1823767.0,1823850.0,83.0,336.16291343349627,6.318092730616859,6.771720397311109,-0.156231601570985,0.19288431225797467,-9.443627950063203,-0.5910432847285281,0.7
88,1843.568057,3.5078689,1,89,2,2,1,1,3,1,-43.26923077,n/a,n/a,1824306.0,1827815.0,0.0,0.0,0.0,1825865.0,1824823.0,1826816.0,1824823.0,1825616.0,1826822.0,1827815.0,3509.0,517.0,793.0,993.0,1993.0,-1826822.0,0.0,0.0,0.0,1.0,0.0,0.0,0.0,0.373845471046871,9.339213711893168,0.05884604636849078,-0.19384579980208289,1825847.0,1825893.0,46.0,468.503310621717,8.96892863518807,9.023669879471164,0.028177868146360238,231.0,0.037602229306113615,0.0,0.0,0.0,0.0,0.0,0.0,0.0,0.0,0.0,0.0,0.0,0.0,0.0,10.040150560304713,-0.04265260817628431,0.5125
89,1847.084243,3.4996358,1,90,2,1,1,1,3,1,-43.26923077,n/a,n/a,1827822.0,1831323.0,0.0,0.0,0.0,1829515.0,1828332.0,1830323.0,1828332.0,1829122.0,1830330.0,1831324.0,3501.0,510.0,790.0,994.0,1991.0,-1830330.0,0.0,0.0,0.0,1.0,0.0,0.0,0.0,0.24923031403124998,-8.276523345121042,-0.04153838567187631,-0.6611526386106736,1829492.0,1829552.0,60.0,526.0117987049855,8.548239425694252,9.270880723206668,3.0690446020372373,370.0,3.0732114127951116,1.0,-8.297292537956979,-8.781907037462185,-0.6611526386106736,-0.713075620700517,1829554.0,1829573.0,19.0,47.22662679988344,0.4873881504507293,0.4854667704988018,3.0348569809406576,2.926017278666933,-9.776304021159431,-0.2376359598393056,0.5791666666666667
90,1850.592123,3.5077996,1,91,2,1,2,2,4,2,-43.26923077,n/a,n/a,1831330.0,1834840.0,0.0,0.0,0.0,1833040.0,1831846.0,1833839.0,1831846.0,1832840.0,1833846.0,1834840.0,3510.0,516.0,994.0,994.0,1993.0,-1833846.0,0.0,0.0,0.0,1.0,0.0,0.0,0.0,0.373845471046871,-9.643828540153585,-0.006923064278647363,1.1803824595091077,1833021.0,1833060.0,39.0,544.7931208590043,10.087789004608391,10.089016513948197,-3.0236219093968018,181.0,-3.022599766133235,0.0,0.0,0.0,0.0,0.0,0.0,0.0,0.0,0.0,0.0,0.0,0.0,0.0,-10.24663915615755,0.2620088787971818,0.5875
91,1854.108243,3.5078042,1,92,2,2,1,2,5,1,-43.26923077,n/a,n/a,1834846.0,1838355.0,0.0,0.0,0.0,1836763.0,1835363.0,1837356.0,1835363.0,1836556.0,1837362.0,1838355.0,3509.0,517.0,1193.0,993.0,1993.0,-1837362.0,0.0,0.0,0.0,1.0,0.0,0.0,0.0,0.2596149104492171,9.719982247218686,0.1211536248763013,-0.9484598061744722,1836741.0,1836828.0,87.0,474.823999270777,9.520641944664176,10.103903985773592,0.11258446523443001,185.0,0.1253748386669052,1.0,10.111135378962171,2.5096108010090985,-1.6026893805064986,-0.010384596417967108,1837609.0,1837671.0,62.0,366.8085467847604,7.766505677243522,8.01379678626376,-2.9351064350748524,-2.92699977209857,10.521957283961322,-0.5544839062917117,0.6875
92,1857.62448,3.5077938,1,93,2,2,1,2,1,2,-43.26923077,n/a,n/a,1838362.0,1841871.0,0.0,0.0,0.0,1839879.0,1838879.0,1840872.0,1838879.0,1839272.0,1840879.0,1841872.0,3509.0,517.0,393.0,993.0,1993.0,-1840879.0,0.0,0.0,0.0,1.0,0.0,0.0,0.0,0.328845553235675,7.726139734968702,0.10038443204036315,-0.6334603814960881,1839862.0,1839917.0,55.0,396.9428959056187,7.433605412009412,8.347689838086279,0.09888095920582873,590.0,0.08427763416794401,0.0,0.0,0.0,0.0,0.0,0.0,0.0,0.0,0.0,0.0,0.0,0.0,0.0,9.982792617012265,0.018279689218408123,0.49166666666666664
93,1861.140588,3.8660789,1,94,2,1,1,2,4,2,-43.26923077,n/a,n/a,1841879.0,1845745.0,0.0,0.0,0.0,1843937.0,1842755.0,1844746.0,1842755.0,1843745.0,1844753.0,1845745.0,3866.0,876.0,990.0,992.0,1991.0,-1844753.0,0.0,1.0,0.0,0.0,0.0,0.0,0.0,0.0,0.0,0.0,0.0,0.0,0.0,0.0,0.0,0.0,0.0,0.0,0.0,0.0,0.0,0.0,0.0,0.0,0.0,0.0,0.0,0.0,0.0,0.0,0.0,0.0,0.0,0.0,0.0,0.0
94,1865.015003,3.5078543,1,95,2,2,2,2,2,2,-43.26923077,n/a,n/a,1845753.0,1849262.0,0.0,0.0,0.0,1847119.0,1846269.0,1848262.0,1846269.0,1846863.0,1848269.0,1849262.0,3509.0,516.0,594.0,993.0,1993.0,-1848269.0,0.0,0.0,0.0,1.0,0.0,0.0,0.0,-0.024230724975261835,8.304215602235626,0.11769209273697762,0.1107690284583342,1847107.0,1847162.0,55.0,399.2504652535539,8.328449204626967,9.093927186251463,0.0008312550038830872,244.0,-0.040359025149404086,0.0,0.0,0.0,0.0,0.0,0.0,0.0,0.0,0.0,0.0,0.0,0.0,0.0,10.21222439018208,-0.22544950036036554,0.42083333333333334
95,1868.531158,3.5078395,1,96,2,1,1,2,3,1,-43.26923077,n/a,n/a,1849269.0,1852778.0,0.0,0.0,0.0,1850819.0,1849785.0,1851778.0,1849785.0,1850578.0,1851785.0,1852778.0,3509.0,516.0,793.0,993.0,1993.0,-1851785.0,0.0,0.0,0.0,1.0,0.0,0.0,0.0,0.15230741413020657,-8.442676887808538,0.062307578507810525,-0.21807652477734077,1850807.0,1850857.0,50.0,503.7484100410235,8.599556406928702,9.190618803852773,3.108982389645889,229.0,3.086198608805412,1.0,0.15230741413020657,-8.442676887808538,0.062307578507810525,-0.21807652477734077,1850807.0,1850857.0,50.0,503.7484100410235,8.599556406928702,9.190618803852773,3.108982389645889,3.086198608805412,-9.95984943969528,-0.04265260817628431,0.5125
96,1872.047338,3.5078318,1,97,2,1,2,1,5,2,-43.26923077,n/a,n/a,1852785.0,1856294.0,0.0,0.0,0.0,1854701.0,1853302.0,1855295.0,1853302.0,1854494.0,1855301.0,1856294.0,3509.0,517.0,1192.0,993.0,1993.0,-1855301.0,0.0,0.0,0.0,1.0,0.0,0.0,0.0,0.2561533783098934,-9.550367172391864,-0.07269217492578157,1.2946130201067616,1854673.0,1854715.0,42.0,552.8180499800801,9.901382166531038,9.927385106883055,-3.0030575956136323,179.0,-3.0044788358431203,1.0,0.2561533783098934,-9.550367172391864,-0.07269217492578157,1.2946130201067616,1854673.0,1854715.0,42.0,552.8180499800801,9.901382166531038,9.927385106883055,-3.0030575956136323,-3.0044788358431203,-10.521957283961322,0.5544839062917117,0.6875
97,1875.563506,3.5078384,1,98,2,1,1,2,2,2,-43.26923077,n/a,n/a,1856301.0,1859811.0,0.0,0.0,0.0,1857884.0,1856818.0,1858810.0,1856818.0,1857411.0,1858818.0,1859811.0,3510.0,517.0,593.0,993.0,1992.0,-1858818.0,0.0,0.0,0.0,1.0,0.0,0.0,0.0,0.38769159960416577,-9.654213136571551,-0.1488458819908829,-0.29076869970312236,1857870.0,1857938.0,68.0,549.8069908163516,10.042907587776346,10.129657342376769,3.1274605369052737,459.0,3.093733230894587,1.0,0.38769159960416577,-9.654213136571551,-0.1488458819908829,-0.29076869970312236,1857870.0,1857938.0,68.0,549.8069908163516,10.042907587776346,10.129657342376769,3.1274605369052737,3.093733230894587,-9.92543467371981,-0.07921198661310055,0.525
98,1879.079679,3.5077828,1,99,2,1,2,2,4,2,-43.26923077,n/a,n/a,1859817.0,1863327.0,0.0,0.0,0.0,1861560.0,1860334.0,1862326.0,1860334.0,1861327.0,1862334.0,1863327.0,3510.0,517.0,993.0,993.0,1992.0,-1862334.0,0.0,0.0,0.0,1.0,0.0,0.0,0.0,0.1211536248763013,-9.436136611794211,-0.1349997534335921,0.5953835279635394,1861534.0,1861607.0,73.0,464.0278909513233,9.585158131491724,10.107909157141902,-3.0653193219950823,207.0,-3.0544983110721398,0.0,0.0,0.0,0.0,0.0,0.0,0.0,0.0,0.0,0.0,0.0,0.0,0.0,-10.281053922133017,0.29856825723399805,0.6
99,1882.595849,3.507771,1,100,2,2,2,1,1,2,-43.26923077,n/a,n/a,1863334.0,1866842.0,0.0,0.0,0.0,1864483.0,1863850.0,1865843.0,1863850.0,1864243.0,1865850.0,1866842.0,3508.0,516.0,393.0,992.0,1993.0,-1865850.0,0.0,0.0,0.0,1.0,0.0,0.0,0.0,0.4119223245794236,9.411905886818953,-0.05884604636849078,-0.5538451422916632,1864471.0,1864527.0,56.0,468.9723151851127,9.013585758484052,10.004666879731971,0.054944642106561165,228.0,0.06023898869780227,0.0,0.0,0.0,0.0,0.0,0.0,0.0,0.0,0.0,0.0,0.0,0.0,0.0,10.510485695302831,-0.5422974468127717,0.3125
100,2462.379895,3.607819,2,1,2,2,1,1,3,2,-43.26923077,n/a,n/a,2443116.0,2446723.0,0.0,0.0,0.0,2444222.0,2443722.0,2445723.0,2443722.0,2444524.0,2445730.0,2446724.0,3607.0,606.0,802.0,994.0,2001.0,-2445730.0,0.0,0.0,0.0,0.0,0.0,1.0,0.0,-0.13153822129426843,6.6426801753606375,-0.3807685353255184,-0.8238446491588473,2444207.0,2444257.0,50.0,448.32224001600457,6.788692902777928,7.902446647015857,0.06531320394894254,-317.0,0.06575231314098644,0.0,0.0,0.0,0.0,0.0,0.0,0.0,0.0,0.0,0.0,0.0,0.0,0.0,0.0,0.0,0.0
101,2465.996035,3.516248,2,2,2,1,2,2,5,2,-43.26923077,n/a,n/a,2446730.0,2450248.0,0.0,0.0,0.0,2448689.0,2447257.0,2449248.0,2447257.0,2448447.0,2449255.0,2450248.0,3518.0,527.0,1190.0,993.0,1991.0,-2449255.0,0.0,0.0,0.0,1.0,0.0,0.0,0.0,-0.0553845142291671,-9.529597979555927,-0.18346120338411182,0.6023065922421829,2448673.0,2448745.0,72.0,532.5837151014125,9.506742439722572,9.733681271858352,-3.058844515328107,226.0,-3.0532831274946157,0.0,0.0,0.0,0.0,0.0,0.0,0.0,0.0,0.0,0.0,0.0,0.0,0.0,-10.579315227253778,0.6154162036864043,0.7083333333333334
102,2469.520608,3.5079005,2,3,2,1,1,1,3,1,-43.26923077,n/a,n/a,2450254.0,2453764.0,0.0,0.0,0.0,2452065.0,2450771.0,2452764.0,2450771.0,2451565.0,2452771.0,2453764.0,3510.0,517.0,794.0,993.0,1993.0,-2452771.0,0.0,0.0,0.0,1.0,0.0,0.0,0.0,-0.006923064278647363,-9.429213547515564,-0.3634608746289039,-1.2876899558281183,2452045.0,2452114.0,69.0,537.1032492635442,9.467510620275602,9.584949991080789,3.0438158022397346,480.0,3.04102562560365,1.0,-4.233453806391898,-4.368453559825494,-0.5296144173164012,-0.5919219958242157,2452997.0,2453039.0,42.0,72.11756055373134,0.14868479332682003,0.5522527116652256,2.70918487801925,2.742462120433713,-9.615701779940563,-0.4082463925444468,0.6375
103,2473.036993,3.5078454,2,4,2,2,2,2,5,2,-43.26923077,n/a,n/a,2453771.0,2457281.0,0.0,0.0,0.0,2455747.0,2454287.0,2456280.0,2454288.0,2455481.0,2456287.0,2457281.0,3510.0,517.0,1193.0,994.0,1993.0,-2456287.0,0.0,0.0,0.0,1.0,0.0,0.0,0.0,-0.1869227355234355,8.792291633880152,-0.12807668915494866,0.6057681243815065,2455724.0,2455800.0,76.0,456.21985357724753,9.009151952434713,9.46887232196404,-0.08154582800911465,243.0,-0.09923214602585173,1.0,1.3292283414999906,1.346536002196605,0.9623059347317631,1.0557673024934828,2456730.0,2456758.0,28.0,56.56484338959018,0.09505042021306669,0.40499926030078004,-1.3876855095324154,-0.3947911196997548,9.397741595429238,0.6397891226442805,0.7166666666666667
104,2476.553088,3.5162657,2,5,2,1,2,1,2,1,-43.26923077,n/a,n/a,2457287.0,2460805.0,0.0,0.0,0.0,2458862.0,2457812.0,2459806.0,2457813.0,2458405.0,2459812.0,2460806.0,3518.0,526.0,592.0,994.0,1994.0,-2459812.0,0.0,0.0,0.0,1.0,0.0,0.0,0.0,-0.05884604636849078,-10.301519646624934,-0.10384596417968683,0.4049992603007802,2458846.0,2458920.0,74.0,546.3966318234803,10.255305258443888,10.504130354353133,-3.0919545167609415,441.0,-3.0759670792452414,0.0,0.0,0.0,0.0,0.0,0.0,0.0,0.0,0.0,0.0,0.0,0.0,0.0,-10.051622148963208,0.05483906765522437,0.5166666666666667
105,2480.077673,3.5079062,2,6,2,1,2,1,4,1,-43.26923077,n/a,n/a,2460811.0,2464321.0,0.0,0.0,0.0,2462771.0,2461328.0,2463321.0,2461328.0,2462321.0,2463328.0,2464322.0,3510.0,517.0,993.0,994.0,1993.0,-2463328.0,0.0,0.0,0.0,1.0,0.0,0.0,0.0,-0.328845553235675,-11.935362816385338,-0.05192298208984342,2.603072168770816,2462749.0,2462807.0,58.0,468.75686568242895,11.906311025287586,11.964666039813983,-2.916711432298442,428.0,-2.914858860290234,0.0,0.0,0.0,0.0,0.0,0.0,0.0,0.0,0.0,0.0,0.0,0.0,0.0,-10.590786815912269,0.6276026631653403,0.7125
106,2483.593923,3.5079114,2,7,2,1,2,2,3,1,-43.26923077,n/a,n/a,2464328.0,2467837.0,0.0,0.0,0.0,2466094.0,2464844.0,2466837.0,2464844.0,2465638.0,2466844.0,2467837.0,3509.0,516.0,794.0,993.0,1993.0,-2466844.0,0.0,0.0,0.0,1.0,0.0,0.0,0.0,-0.13153822129426843,-10.813826403244722,-0.048461449950519736,1.6407662340390512,2466080.0,2466158.0,78.0,517.1374678837416,10.81502524132954,10.979356263144151,-2.9847578237683035,442.0,-2.96058298714762,1.0,-2.198072908470038,-2.0561500907577983,0.9865366597070249,0.9311521454778579,2466972.0,2466993.0,21.0,29.738077921575847,0.15234674464451928,0.19507814406276178,0.3720677588581234,0.47951929199259974,-10.326940276766981,0.3473140951497504,0.6166666666666667
107,2487.110154,3.5080737,2,8,2,1,2,1,2,2,-43.26923077,n/a,n/a,2467844.0,2471354.0,0.0,0.0,0.0,2469470.0,2468361.0,2470353.0,2468361.0,2468953.0,2470360.0,2471354.0,3510.0,517.0,592.0,994.0,1992.0,-2470360.0,0.0,0.0,0.0,1.0,0.0,0.0,0.0,-0.10730749631901051,-9.439598143933534,-0.07269217492578157,1.4399973699583248,2469455.0,2469533.0,78.0,470.33866487307665,9.454093208275197,9.555324195120571,-2.9808982897001326,502.0,-2.9789453109620463,0.0,0.0,0.0,0.0,0.0,0.0,0.0,0.0,0.0,0.0,0.0,0.0,0.0,-10.131923269572642,0.140144284007793,0.5458333333333333
108,2490.626574,3.507691,2,9,2,2,2,2,1,2,-43.26923077,n/a,n/a,2471360.0,2474869.0,0.0,0.0,0.0,2472843.0,2471877.0,2473870.0,2471877.0,2472270.0,2473876.0,2474870.0,3509.0,517.0,393.0,994.0,1993.0,-2473876.0,0.0,0.0,0.0,1.0,0.0,0.0,0.0,0.03461532139322895,7.54267853158459,0.12807668915494866,0.10730749631901051,2472830.0,2472890.0,60.0,374.42417094575995,7.508091936544202,8.066178030179021,0.002766244673016706,560.0,0.04378642831708945,0.0,0.0,0.0,0.0,0.0,0.0,0.0,0.0,0.0,0.0,0.0,0.0,0.0,10.063093737621696,-0.06702552713416443,0.475
109,2494.142762,3.507833,2,10,2,1,2,2,5,1,-43.26923077,n/a,n/a,2474877.0,2478386.0,0.0,0.0,0.0,2476843.0,2475393.0,2477386.0,2475393.0,2476585.0,2477393.0,2478386.0,3509.0,516.0,1192.0,993.0,1993.0,-2477393.0,0.0,0.0,0.0,1.0,0.0,0.0,0.0,0.20769192835937367,-9.996904818364518,-0.079615239204425,1.1630747988124932,2476828.0,2476895.0,67.0,518.6156767638647,10.27998410961001,10.997017937220988,-3.0204118537869453,243.0,-3.004236166072059,0.0,0.0,0.0,0.0,0.0,0.0,0.0,0.0,0.0,0.0,0.0,0.0,0.0,-10.602258404570755,0.6397891226442805,0.7166666666666667
110,2497.658921,3.507849,2,11,2,1,1,1,3,2,-43.26923077,n/a,n/a,2478393.0,2481902.0,0.0,0.0,0.0,2480209.0,2478909.0,2480902.0,2478909.0,2479702.0,2480909.0,2481902.0,3509.0,516.0,793.0,993.0,1993.0,-2480909.0,0.0,0.0,0.0,1.0,0.0,0.0,0.0,0.11423056059765394,-9.567674833088478,-0.05192298208984342,-1.2842284236887946,2480183.0,2480246.0,63.0,489.6464020792705,9.760013768109296,9.703855115747878,3.014994129462188,481.0,3.0124591457928243,1.0,0.11423056059765394,-9.567674833088478,-0.05192298208984342,-1.2842284236887946,2480183.0,2480246.0,63.0,489.6464020792705,9.760013768109296,9.703855115747878,3.014994129462188,3.0124591457928243,-9.615701779940563,-0.4082463925444468,0.6375
111,2501.175103,3.5079052,2,12,2,1,1,1,5,1,-43.26923077,n/a,n/a,2481909.0,2485418.0,0.0,0.0,0.0,2484108.0,2482425.0,2484419.0,2482425.0,2483618.0,2484425.0,2485418.0,3509.0,516.0,1193.0,993.0,1994.0,-2484425.0,0.0,0.0,0.0,0.0,1.0,0.0,0.0,0.0,0.0,0.0,0.0,0.0,0.0,0.0,0.0,0.0,0.0,0.0,0.0,0.0,0.0,0.0,0.0,0.0,0.0,0.0,0.0,0.0,0.0,0.0,0.0,0.0,0.0,0.0,0.0,0.0
112,2504.691297,3.5079473,2,13,2,1,2,2,4,1,-43.26923077,n/a,n/a,2485425.0,2488935.0,0.0,0.0,0.0,2487351.0,2485942.0,2487935.0,2485942.0,2486935.0,2487941.0,2488935.0,3510.0,517.0,993.0,994.0,1993.0,-2487941.0,0.0,0.0,0.0,1.0,0.0,0.0,0.0,-0.1211536248763013,-11.461132913298105,0.1349997534335921,2.855764014941388,2487316.0,2487416.0,100.0,431.6676155176538,11.661804681460477,11.8234734995591,-2.9061169441350976,381.0,-2.901868504341659,0.0,0.0,0.0,0.0,0.0,0.0,0.0,0.0,0.0,0.0,0.0,0.0,0.0,-10.521957283961322,0.5544839062917117,0.6875
113,2508.207574,3.5080352,2,14,2,1,2,1,4,1,-43.26923077,n/a,n/a,2488941.0,2492451.0,0.0,0.0,0.0,2490908.0,2489458.0,2491450.0,2489458.0,2490451.0,2491457.0,2492451.0,3510.0,517.0,993.0,994.0,1992.0,-2491457.0,0.0,0.0,0.0,1.0,0.0,0.0,0.0,0.05192298208984342,-8.958445176567649,0.15230741413020657,1.5057664806054591,2490890.0,2490949.0,59.0,390.30384505550154,9.111453550294424,9.770622551211728,-2.992496067244109,439.0,-2.9990442638404997,1.0,-8.948060580149683,-9.394598226122335,1.516151077023428,1.484997287769521,2490951.0,2490977.0,26.0,41.54239188162133,0.44762308682157453,0.5043988040132422,3.0719380798612224,2.9482347568586995,-10.602258404570755,0.6397891226442805,0.7166666666666667
114,2511.723947,3.50774,2,15,2,1,1,2,2,1,-43.26923077,n/a,n/a,2492458.0,2495967.0,0.0,0.0,0.0,2494041.0,2492974.0,2494967.0,2492974.0,2493567.0,2494974.0,2495967.0,3509.0,516.0,593.0,993.0,1993.0,-2494974.0,0.0,0.0,0.0,1.0,0.0,0.0,0.0,-0.2319226533346355,-8.958445176567649,-0.2319226533346355,-0.702691024282546,2494022.0,2494062.0,40.0,531.7747258418872,8.739211532373961,8.827667102149658,3.08769804906479,455.0,3.071737945227869,1.0,-8.90998372661713,-9.100367994279889,-0.7199986849791604,-0.8030754563229131,2494078.0,2494100.0,22.0,36.32776786119112,0.20772077245761264,0.3072780067664023,2.730136410176077,2.8911495639784337,-9.92543467371981,-0.07921198661310055,0.525
115,2515.240018,3.5079212,2,16,2,1,1,2,2,2,-43.26923077,n/a,n/a,2495974.0,2499483.0,0.0,0.0,0.0,2497384.0,2496490.0,2498483.0,2496490.0,2497084.0,2498490.0,2499483.0,3509.0,516.0,594.0,993.0,1993.0,-2498490.0,0.0,0.0,0.0,1.0,0.0,0.0,0.0,-0.09346136776171972,-10.53690383209889,-0.21115346049869735,-0.12807668915494866,2497366.0,2497404.0,38.0,574.574945526947,10.443772893732307,10.421386182654755,-3.133637899273275,282.0,-3.1087032216060098,1.0,-10.02113554333978,-10.547288428516861,-0.2596149104492171,-0.2699995068671842,2497421.0,2497443.0,22.0,52.95125977600813,0.5262553547688908,0.5576935437463667,3.121858373668187,2.9795051911026724,-10.166338035548112,0.17670366244460925,0.4375
116,2518.75627,3.5080824,2,17,2,2,1,2,4,1,-43.26923077,n/a,n/a,2499490.0,2503000.0,0.0,0.0,0.0,2501240.0,2500007.0,2501999.0,2500007.0,2501000.0,2502006.0,2503000.0,3510.0,517.0,993.0,994.0,1992.0,-2502006.0,0.0,0.0,0.0,1.0,0.0,0.0,0.0,-0.031153789253905263,9.14536791209109,-0.1384612855729158,-1.2323054415989512,2501221.0,2501283.0,62.0,422.0625253790648,9.241485030714918,9.671556106318237,0.11864050555185714,221.0,0.122712449633096,0.0,0.0,0.0,0.0,0.0,0.0,0.0,0.0,0.0,0.0,0.0,0.0,0.0,10.30399709945,-0.32294117619187424,0.6083333333333333
117,2522.272604,3.5077601,2,18,2,1,2,2,3,2,-43.26923077,n/a,n/a,2503006.0,2506515.0,0.0,0.0,0.0,2504766.0,2503523.0,2505516.0,2503523.0,2504316.0,2505523.0,2506515.0,3509.0,517.0,793.0,992.0,1993.0,-2505523.0,0.0,0.0,0.0,1.0,0.0,0.0,0.0,0.1903842676627592,-8.712676394675727,-0.07269217492578157,1.0973056881653571,2504752.0,2504827.0,75.0,479.69947412249235,8.9796093543604,9.577543375847348,-3.010926181216397,436.0,-3.0074648149798717,0.0,0.0,0.0,0.0,0.0,0.0,0.0,0.0,0.0,0.0,0.0,0.0,0.0,-10.31546868810849,0.3351276356708143,0.6125
118,2525.788739,3.5079198,2,19,2,2,2,2,2,2,-43.26923077,n/a,n/a,2506522.0,2510031.0,0.0,0.0,0.0,2508105.0,2507039.0,2509032.0,2507039.0,2507633.0,2509039.0,2510032.0,3509.0,517.0,594.0,993.0,1993.0,-2509039.0,0.0,0.0,0.0,1.0,0.0,0.0,0.0,-0.10730749631901051,8.726522523233013,0.0692306427864579,0.6853833635859315,2508091.0,2508134.0,43.0,408.12900901283865,8.855292032998523,8.878603889014627,-0.06963643642921391,458.0,-0.1042851382973123,0.0,0.0,0.0,0.0,0.0,0.0,0.0,0.0,0.0,0.0,0.0,0.0,0.0,9.92543467371981,0.07921198661310055,0.525
119,2529.304971,3.5079062,2,20,2,1,1,1,5,1,-43.26923077,n/a,n/a,2510038.0,2513548.0,0.0,0.0,0.0,2511822.0,2510555.0,2512548.0,2510555.0,2511749.0,2512555.0,2513548.0,3510.0,517.0,1194.0,993.0,1993.0,-2512555.0,0.0,0.0,0.0,1.0,0.0,0.0,0.0,0.12461515701562499,-8.40806156641531,-0.3080763603997368,-0.7546140063723894,2511804.0,2511876.0,72.0,507.26276934811585,8.544352985209054,8.921775928578754,3.089307692642877,55.0,3.0608035245940735,0.0,0.0,0.0,0.0,0.0,0.0,0.0,0.0,0.0,0.0,0.0,0.0,0.0,-9.650116545916033,-0.37168701410763055,0.625
120,2532.82121,3.5078251,2,21,2,2,1,2,2,2,-43.26923077,n/a,n/a,2513555.0,2517064.0,0.0,0.0,0.0,2514964.0,2514071.0,2516064.0,2514071.0,2514664.0,2516071.0,2517064.0,3509.0,516.0,593.0,993.0,1993.0,-2516071.0,0.0,0.0,0.0,1.0,0.0,0.0,0.0,0.07615370706510526,8.17267738094135,-0.09692289990103947,-0.8757676312486907,2514939.0,2514996.0,57.0,431.51800512446266,8.133897879687604,8.93046847894918,0.09589987931205503,275.0,0.08771211359401017,0.0,0.0,0.0,0.0,0.0,0.0,0.0,0.0,0.0,0.0,0.0,0.0,0.0,9.822190375793392,0.18889012192354931,0.43333333333333335
121,2536.337368,3.5078517,2,22,2,2,1,2,1,2,-43.26923077,n/a,n/a,2517071.0,2520580.0,0.0,0.0,0.0,2518480.0,2517588.0,2519581.0,2517588.0,2517980.0,2519587.0,2520581.0,3509.0,517.0,392.0,994.0,1993.0,-2519587.0,0.0,0.0,0.0,1.0,0.0,0.0,0.0,0.12461515701562499,9.42575201537624,-0.33230708537499865,-1.0211519811002538,2518456.0,2518507.0,51.0,453.629498259556,9.326610003014016,9.386272319630034,0.07392532907499735,476.0,0.06975724137592047,1.0,9.415367418958272,9.415367418958272,-1.031536577518221,-1.1596132666731696,2518510.0,2518536.0,26.0,63.87962426274794,0.12807668915494866,0.3690714072043432,1.5707963267948966,2.7367008673047044,9.822190375793392,0.18889012192354931,0.43333333333333335
122,2539.853538,3.5078224,2,23,2,1,1,2,5,2,-43.26923077,n/a,n/a,2520587.0,2524097.0,0.0,0.0,0.0,2522520.0,2521104.0,2523096.0,2521104.0,2522296.0,2523103.0,2524097.0,3510.0,517.0,1192.0,994.0,1992.0,-2523103.0,0.0,0.0,0.0,1.0,0.0,0.0,0.0,0.19730733194140657,-9.654213136571551,-0.15576894626953025,-0.8446138419947854,2522507.0,2522576.0,69.0,507.6612222507096,9.875574050752519,10.377768608890461,3.071783576914701,211.0,3.0597810239759293,1.0,0.19730733194140657,-9.654213136571551,-0.15576894626953025,-0.8446138419947854,2522507.0,2522576.0,69.0,507.6612222507096,9.875574050752519,10.377768608890461,3.071783576914701,3.0597810239759293,-9.443627950063203,-0.5910432847285281,0.7
123,2543.36968,3.5078241,2,24,2,2,1,1,4,2,-43.26923077,n/a,n/a,2524103.0,2527613.0,0.0,0.0,0.0,2525870.0,2524620.0,2526612.0,2524620.0,2525613.0,2526619.0,2527613.0,3510.0,517.0,993.0,994.0,1992.0,-2526619.0,0.0,0.0,0.0,1.0,0.0,0.0,0.0,-0.079615239204425,7.9407547276067225,-0.19384579980208289,-1.2357669737382748,2525857.0,2525910.0,53.0,448.01254798225625,8.087764470929084,8.767881202572058,0.1291858748407378,244.0,0.11911533827108371,1.0,8.574215109102811,0.8653830348307235,-1.5265356734413973,-0.1488458819908829,2526781.0,2526832.0,51.0,351.33082826897913,7.830971913548986,7.844727711495296,-2.964743928686553,2.955187564228601,10.326940276766981,-0.3473140951497504,0.6166666666666667
124,2546.885835,3.5077951,2,25,2,2,1,2,4,1,-43.26923077,n/a,n/a,2527619.0,2531128.0,0.0,0.0,0.0,2529369.0,2528136.0,2530129.0,2528136.0,2529129.0,2530136.0,2531128.0,3509.0,517.0,993.0,992.0,1993.0,-2530136.0,0.0,0.0,0.0,1.0,0.0,0.0,0.0,0.31846095681770786,10.073058525429623,-0.12807668915494866,-0.951921338313796,2529348.0,2529402.0,54.0,429.15592505181576,9.789325499313891,9.849427028653741,0.08425710621239056,219.0,0.08550529367820449,1.0,9.533059511695255,9.96228949697129,-0.9830751275677012,-1.0142289168216065,2529416.0,2529439.0,23.0,47.085461854593866,0.4303590812855484,0.43719575729524945,0.07245359608858745,0.19118445959702357,10.292525510791508,-0.3107547167129381,0.6041666666666666
125,2550.402092,3.5077242,2,26,2,2,1,1,3,1,-43.26923077,n/a,n/a,2531136.0,2534644.0,0.0,0.0,0.0,2532718.0,2531652.0,2533645.0,2531652.0,2532446.0,2533652.0,2534644.0,3508.0,516.0,794.0,992.0,1993.0,-2533652.0,0.0,0.0,0.0,1.0,0.0,0.0,0.0,0.10384596417968683,11.450748316880134,-0.07615370706510526,-0.6923064278645789,2532699.0,2532787.0,88.0,412.2381370048653,11.363619017595912,11.743425704567208,0.054248125714188175,253.0,0.05721531193047964,1.0,2.69307200439321,2.2811496798137907,-0.20423039622005,-0.22499958905598813,2533549.0,2533570.0,21.0,57.298552354566674,0.4124455853297125,0.47870624173253373,3.0912151464087327,-2.922923707715851,10.074565326280187,-0.07921198661310055,0.525
126,2553.918154,3.707792,2,27,2,1,2,2,1,2,-43.26923077,n/a,n/a,2534651.0,2538361.0,0.0,0.0,0.0,2536145.0,2535368.0,2537361.0,2535368.0,2535761.0,2537368.0,2538361.0,3710.0,717.0,393.0,993.0,1993.0,-2537368.0,0.0,0.0,0.0,1.0,0.0,0.0,0.0,0.14192281771223947,-8.352677052186143,-0.04153838567187631,0.46730683880859075,2536127.0,2536161.0,34.0,491.9480768769068,8.509826696951835,8.543465950469992,-3.081761947733753,366.0,-3.091330761600056,0.0,0.0,0.0,0.0,0.0,0.0,0.0,0.0,0.0,0.0,0.0,0.0,0.0,-9.673059723233015,-0.3473140951497504,0.37916666666666665
127,2557.634276,3.5078282,2,28,2,2,1,2,5,2,-43.26923077,n/a,n/a,2538368.0,2541877.0,0.0,0.0,0.0,2540277.0,2538884.0,2540877.0,2538884.0,2540078.0,2540884.0,2541877.0,3509.0,516.0,1194.0,993.0,1993.0,-2540884.0,0.0,0.0,0.0,1.0,0.0,0.0,0.0,-0.017307660696614473,8.854599212387962,-0.2699995068671842,-1.6892276839895708,2540256.0,2540334.0,78.0,424.837950864546,8.984705904114138,9.196260975335099,0.1586248277346114,178.0,0.16180710569370943,1.0,-0.29076869970312236,-0.12807668915494866,1.0488442382148373,1.0176904489609302,2541378.0,2541406.0,28.0,71.23293390888153,0.1656479667278893,0.4265416708221696,0.18919902209997785,2.912360720312797,10.521957283961322,-0.5544839062917117,0.6875
128,2561.158771,3.5078162,2,29,2,1,1,1,4,2,-43.26923077,n/a,n/a,2541894.0,2545401.0,0.0,0.0,0.0,2543767.0,2542411.0,2544402.0,2542411.0,2543400.0,2544408.0,2545401.0,3507.0,517.0,989.0,993.0,1991.0,-2544408.0,0.0,0.0,0.0,1.0,0.0,0.0,0.0,0.05884604636849078,-9.931135707717383,-0.1730766069661447,-1.0523057703541592,2543749.0,2543826.0,77.0,537.4798904320453,10.028598075938664,10.546284684121213,3.0538077584678636,349.0,3.03999709535454,0.0,0.0,0.0,0.0,0.0,0.0,0.0,0.0,0.0,0.0,0.0,0.0,0.0,-9.523929070672635,-0.5057380683759555,0.6708333333333333
129,2564.674921,3.507811,2,30,2,1,1,1,5,2,-43.26923077,n/a,n/a,2545408.0,2548918.0,0.0,0.0,0.0,2547334.0,2545925.0,2547918.0,2545925.0,2547117.0,2547925.0,2548918.0,3510.0,517.0,1192.0,993.0,1993.0,-2547925.0,0.0,0.0,0.0,1.0,0.0,0.0,0.0,0.1626920105481776,-9.335752179753849,-0.11423056059765394,-0.9069214205025999,2547317.0,2547386.0,69.0,569.1042611972366,9.531463729966093,10.07281169494191,3.058330783525986,200.0,3.0472925721446256,0.0,0.0,0.0,0.0,0.0,0.0,0.0,0.0,0.0,0.0,0.0,0.0,0.0,-9.455099538721694,-0.5788568252495879,0.6958333333333333
130,2568.191061,3.4995142,2,31,2,1,2,1,5,1,-43.26923077,n/a,n/a,2548924.0,2552426.0,0.0,0.0,0.0,2550851.0,2549434.0,2551425.0,2549434.0,2550624.0,2551432.0,2552426.0,3502.0,510.0,1190.0,994.0,1991.0,-2551432.0,0.0,0.0,0.0,1.0,0.0,0.0,0.0,0.08307677134374868,-8.92382985517442,-0.2561533783098934,1.0626903667721281,2550838.0,2550889.0,51.0,490.10570025801644,9.102950939270126,9.892025064103606,-2.996200049899437,214.0,-2.999745086786846,1.0,-2.5442261224023275,-2.4057648368294116,0.5469220780130157,0.4603837745299434,2551929.0,2551948.0,19.0,20.80121936665821,0.16328014445189856,0.15328764959323865,0.5585993153435624,-0.4434483364197335,-10.556372049936796,0.5910432847285281,0.7
131,2571.698874,3.5078433,2,32,2,1,1,2,3,2,-43.26923077,n/a,n/a,2552432.0,2555941.0,0.0,0.0,0.0,2554208.0,2552949.0,2554942.0,2552949.0,2553742.0,2554948.0,2555941.0,3509.0,517.0,793.0,993.0,1993.0,-2554948.0,0.0,0.0,0.0,1.0,0.0,0.0,0.0,-0.11423056059765394,-9.612674750899679,-0.1626920105481776,-1.664996959014313,2554193.0,2554269.0,76.0,509.6194247838593,9.616515075351783,9.63852731090934,2.984728790761008,451.0,2.9708940538229185,0.0,0.0,0.0,0.0,0.0,0.0,0.0,0.0,0.0,0.0,0.0,0.0,0.0,-9.661588134574524,-0.35950055462869046,0.6208333333333333
132,2575.215254,3.507704,2,33,2,1,2,1,5,1,-43.26923077,n/a,n/a,2555949.0,2559458.0,0.0,0.0,0.0,2557865.0,2556465.0,2558458.0,2556465.0,2557658.0,2558465.0,2559458.0,3509.0,516.0,1193.0,993.0,1993.0,-2558465.0,0.0,0.0,0.0,1.0,0.0,0.0,0.0,-0.06576911064713421,-10.446903996476493,-0.010384596417967108,0.8896137598059854,2557848.0,2557920.0,72.0,551.1695135052595,10.420074786631293,10.93143409477724,-3.0551133188938002,190.0,-3.0378593670883127,1.0,-10.43998093219785,-10.471134721451756,0.8861522276666618,0.9138444847812434,2557922.0,2557941.0,19.0,30.088571531147082,0.04168236664318423,0.20841183321592932,-2.414950312908083,2.4149503129080676,-10.533428872619814,0.5666703657706479,0.6916666666666667
133,2578.731264,3.5077749,2,34,2,1,2,1,3,1,-43.26923077,n/a,n/a,2559465.0,2562974.0,0.0,0.0,0.0,2561241.0,2559981.0,2561974.0,2559981.0,2560774.0,2561981.0,2562974.0,3509.0,516.0,793.0,993.0,1993.0,-2561981.0,0.0,0.0,0.0,1.0,0.0,0.0,0.0,-0.048461449950519736,-10.100750782544205,-0.1730766069661447,1.6926892161288947,2561224.0,2561288.0,64.0,455.4137088845143,10.223971974375042,10.793455201554503,-2.958074946345695,450.0,-2.967533529727215,1.0,-2.253457422699205,-2.5684568473775893,0.8065369884622328,0.8342292455768183,2562190.0,2562213.0,23.0,98.69582962304447,0.316214323919416,0.6878352670629454,-3.0539059984602854,-3.0103713499730884,-10.338411865425472,0.35950055462869046,0.6208333333333333
134,2582.247368,3.5078403,2,35,2,1,2,1,3,1,-43.26923077,n/a,n/a,2562981.0,2566490.0,0.0,0.0,0.0,2564690.0,2563497.0,2565490.0,2563497.0,2564290.0,2565497.0,2566490.0,3509.0,516.0,793.0,993.0,1993.0,-2565497.0,0.0,0.0,0.0,1.0,0.0,0.0,0.0,0.16615354268749735,-9.477674997466083,-0.10038443204036315,1.394997452147127,2564674.0,2564731.0,57.0,467.4581673060707,9.759077614787008,10.489770932289145,-2.9877567662346425,384.0,-2.997548878370653,0.0,0.0,0.0,0.0,0.0,0.0,0.0,0.0,0.0,0.0,0.0,0.0,0.0,-10.24663915615755,0.2620088787971818,0.5875
135,2585.763532,3.5078224,2,36,2,2,1,2,1,2,-43.26923077,n/a,n/a,2566497.0,2570006.0,0.0,0.0,0.0,2567939.0,2567013.0,2569006.0,2567013.0,2567407.0,2569013.0,2570007.0,3509.0,516.0,394.0,994.0,1993.0,-2569013.0,0.0,0.0,0.0,1.0,0.0,0.0,0.0,0.0553845142291671,9.14536791209109,-0.1384612855729158,-0.9934597239856723,2567919.0,2567961.0,42.0,452.84299763659686,9.130105174810069,9.079608699071434,0.09378348257513455,512.0,0.09162633726571912,0.0,0.0,0.0,0.0,0.0,0.0,0.0,0.0,0.0,0.0,0.0,0.0,0.0,9.879548319085846,0.12795782452885687,0.45416666666666666
136,2589.279688,3.5078222,2,37,2,1,2,1,1,2,-43.26923077,n/a,n/a,2570013.0,2573523.0,0.0,0.0,0.0,2571556.0,2570529.0,2572522.0,2570529.0,2570923.0,2572529.0,2573523.0,3510.0,516.0,394.0,994.0,1993.0,-2572529.0,0.0,0.0,0.0,1.0,0.0,0.0,0.0,0.04153838567187631,-8.633061155471298,-0.10384596417968683,0.8688445669700473,2571538.0,2571576.0,38.0,488.28500180290945,8.728963516282429,8.728963516282429,-3.0299282070065634,615.0,-3.0299282070065634,1.0,-8.639984219749945,-8.494599869898382,0.8515369062734328,0.7546140063723894,2571578.0,2571606.0,28.0,63.93431015806897,0.17473024267993617,0.6401963085861194,0.5880026035475738,0.20693927856742378,-10.017207382987735,0.018279689218408123,0.5041666666666667
137,2592.795832,3.499501,2,38,2,1,2,1,3,1,-43.26923077,n/a,n/a,2573529.0,2577030.0,0.0,0.0,0.0,2575146.0,2574039.0,2576030.0,2574040.0,2574829.0,2576037.0,2577030.0,3501.0,511.0,789.0,993.0,1991.0,-2576037.0,0.0,0.0,0.0,1.0,0.0,0.0,0.0,0.03461532139322895,-8.816522358855414,-0.09346136776171972,0.4257684531367144,2575134.0,2575186.0,52.0,508.48173843745946,8.866354258748492,9.93451823941886,-3.082997311397235,305.0,-3.071849161512754,0.0,0.0,0.0,0.0,0.0,0.0,0.0,0.0,0.0,0.0,0.0,0.0,0.0,-10.131923269572642,0.140144284007793,0.5458333333333333
138,2596.303671,3.5078093,2,39,2,2,2,2,2,2,-43.26923077,n/a,n/a,2577037.0,2580546.0,0.0,0.0,0.0,2578587.0,2577553.0,2579547.0,2577553.0,2578146.0,2579553.0,2580546.0,3509.0,516.0,593.0,993.0,1994.0,-2579553.0,0.0,0.0,0.0,1.0,0.0,0.0,0.0,-0.062307578507810525,9.124598719255147,-0.01384612855729079,0.328845553235675,2578566.0,2578616.0,50.0,394.61466388280985,9.193295650235925,9.22398295457926,-0.03728489839766941,420.0,-0.07098661776012435,0.0,0.0,0.0,0.0,0.0,0.0,0.0,0.0,0.0,0.0,0.0,0.0,0.0,9.971321028353774,0.030466148697348185,0.5083333333333333
139,2599.819801,3.507835,2,40,2,1,2,1,5,2,-43.26923077,n/a,n/a,2580553.0,2584063.0,0.0,0.0,0.0,2582486.0,2581070.0,2583062.0,2581070.0,2582262.0,2583069.0,2584063.0,3510.0,517.0,1192.0,994.0,1992.0,-2583069.0,0.0,0.0,0.0,1.0,0.0,0.0,0.0,0.062307578507810525,-9.117675654976503,0.04153838567187631,1.3326898736393142,2582461.0,2582536.0,75.0,510.85785486698893,9.270337875823817,9.53730566739026,-3.001860669267991,199.0,-2.993330835328243,1.0,0.062307578507810525,-9.117675654976503,0.04153838567187631,1.3326898736393142,2582461.0,2582536.0,75.0,510.85785486698893,9.270337875823817,9.53730566739026,-3.001860669267991,-2.993330835328243,-10.544900461278305,0.5788568252495879,0.6958333333333333
140,2603.335977,3.5078344,2,41,2,2,1,2,1,2,-43.26923077,n/a,n/a,2584069.0,2587579.0,0.0,0.0,0.0,2585529.0,2584586.0,2586578.0,2584586.0,2584979.0,2586586.0,2587579.0,3510.0,517.0,393.0,993.0,1992.0,-2586586.0,0.0,0.0,0.0,1.0,0.0,0.0,0.0,-0.020769192835938154,9.308059922639266,0.062307578507810525,-0.713075620700517,2585513.0,2585551.0,38.0,465.40553852962273,9.360997370545109,9.360997370545109,0.08292627058478737,534.0,0.08292627058478737,1.0,9.311521454778585,8.878829937363225,-0.6992294921432263,-0.8549984384127565,2585553.0,2585582.0,29.0,141.03472170575395,0.45987597661231244,1.102485759544671,2.796037073008081,2.9392710252114904,9.902491496402828,0.10358490557098068,0.4625
141,2606.852146,3.5077976,2,42,2,1,1,2,5,1,-43.26923077,n/a,n/a,2587585.0,2591094.0,0.0,0.0,0.0,2589652.0,2588102.0,2590095.0,2588102.0,2589295.0,2590102.0,2591094.0,3509.0,517.0,1193.0,992.0,1993.0,-2590102.0,0.0,0.0,0.0,1.0,0.0,0.0,0.0,0.1107690284583342,-8.553445916266872,-0.2388457176132789,-1.1353825416979078,2589636.0,2589693.0,57.0,487.6765917823246,8.710476386819458,9.204935136977708,3.0384837837400185,341.0,3.0065560987003574,1.0,-3.2157633574309683,-33.26532385889301,-0.702691024282546,18.726888873736858,2590707.0,2590765.0,58.0,16309.232949809153,35.78386034715299,48.92769884942747,-2.567622239607479,-2.4132053498134565,-9.260082531527353,-0.7860266363915454,0.7666666666666667
142,2610.368274,3.5078426,2,43,2,2,2,2,1,2,-43.26923077,n/a,n/a,2591101.0,2594611.0,0.0,0.0,0.0,2592552.0,2591618.0,2593611.0,2591618.0,2592011.0,2593618.0,2594611.0,3510.0,517.0,393.0,993.0,1993.0,-2593618.0,0.0,0.0,0.0,1.0,0.0,0.0,0.0,0.15923047840885393,8.442676887808542,-0.017307660696614473,-0.10038443204036315,2592533.0,2592586.0,53.0,436.7726480043992,8.283862997861172,9.19221900905311,0.010028915738151845,522.0,0.04369625401914187,0.0,0.0,0.0,0.0,0.0,0.0,0.0,0.0,0.0,0.0,0.0,0.0,0.0,10.10898009225566,-0.11577136504991681,0.4583333333333333
143,2613.884438,3.508004,2,44,2,1,1,1,1,1,-43.26923077,n/a,n/a,2594617.0,2598127.0,0.0,0.0,0.0,2596051.0,2595134.0,2597126.0,2595134.0,2595527.0,2597134.0,2598127.0,3510.0,517.0,393.0,993.0,1992.0,-2597134.0,0.0,0.0,0.0,1.0,0.0,0.0,0.0,0.1107690284583342,-8.60883043049604,-0.5123067566197868,-0.5019221602018197,2596032.0,2596088.0,56.0,513.7146428017145,8.719605642713447,9.32566567636522,-3.1404017053636553,505.0,3.102237056318514,1.0,0.1107690284583342,-8.60883043049604,-0.5123067566197868,-0.5019221602018197,2596032.0,2596088.0,56.0,513.7146428017145,8.719605642713447,9.32566567636522,-3.1404017053636553,3.102237056318514,-10.131923269572642,0.140144284007793,0.45
144,2617.400608,3.5078109,2,45,2,1,1,2,2,2,-43.26923077,n/a,n/a,2598134.0,2601643.0,0.0,0.0,0.0,2599717.0,2598650.0,2600643.0,2598650.0,2599244.0,2600650.0,2601643.0,3509.0,516.0,594.0,993.0,1993.0,-2600650.0,0.0,0.0,0.0,1.0,0.0,0.0,0.0,0.32192248895702763,-9.131521783533794,-0.3080763603997368,-0.4430761138333289,2599703.0,2599771.0,68.0,534.2849284530336,9.454408154216564,9.517085876551315,3.127313140881743,459.0,3.078992338922084,0.0,0.0,0.0,0.0,0.0,0.0,0.0,0.0,0.0,0.0,0.0,0.0,0.0,-9.92543467371981,-0.07921198661310055,0.525
145,2620.916768,3.5078094,2,46,2,2,2,2,2,1,-43.26923077,n/a,n/a,2601650.0,2605159.0,0.0,0.0,0.0,2603193.0,2602166.0,2604159.0,2602166.0,2602759.0,2604166.0,2605159.0,3509.0,516.0,593.0,993.0,1993.0,-2604166.0,0.0,0.0,0.0,1.0,0.0,0.0,0.0,0.1765381391054684,7.2207560426275545,0.08307677134374868,0.2007688640807263,2603170.0,2603226.0,56.0,425.27136899972214,7.045201012107029,7.810122497520409,-0.016706062355082398,411.0,-0.06830760009457602,0.0,0.0,0.0,0.0,0.0,0.0,0.0,0.0,0.0,0.0,0.0,0.0,0.0,9.994264205670756,0.006093229739468063,0.5
146,2624.432984,3.5077515,2,47,2,2,1,2,4,1,-43.26923077,n/a,n/a,2605166.0,2608675.0,0.0,0.0,0.0,2606909.0,2605683.0,2607676.0,2605683.0,2606675.0,2607682.0,2608675.0,3509.0,517.0,992.0,993.0,1993.0,-2607682.0,0.0,0.0,0.0,1.0,0.0,0.0,0.0,0.1730766069661447,9.498444190302026,-0.19730733194140657,-0.8515369062734328,2606886.0,2606956.0,70.0,473.36443216056017,9.348288447639083,9.936131291758198,0.07004114175817472,211.0,0.07671845248395814,0.0,0.0,0.0,0.0,0.0,0.0,0.0,0.0,0.0,0.0,0.0,0.0,0.0,10.281053922133017,-0.29856825723399805,0.6
147,2627.949028,3.5078694,2,48,2,1,1,2,4,2,-43.26923077,n/a,n/a,2608682.0,2612192.0,0.0,0.0,0.0,2610432.0,2609199.0,2611192.0,2609199.0,2610191.0,2611198.0,2612192.0,3510.0,517.0,992.0,994.0,1993.0,-2611198.0,0.0,0.0,0.0,1.0,0.0,0.0,0.0,0.14538434985156315,-8.830368487412704,-0.17999967124479208,-0.3426916817929658,2610414.0,2610451.0,37.0,423.0573562722789,8.977227171346048,8.966098607742886,3.123468915117393,223.0,3.100271519697832,0.0,0.0,0.0,0.0,0.0,0.0,0.0,0.0,0.0,0.0,0.0,0.0,0.0,-9.696002900549997,-0.32294117619187424,0.6083333333333333
148,2631.465239,3.5078032,2,49,2,1,1,1,4,1,-43.26923077,n/a,n/a,2612198.0,2615708.0,0.0,0.0,0.0,2614058.0,2612715.0,2614707.0,2612715.0,2613708.0,2614715.0,2615708.0,3510.0,517.0,993.0,993.0,1992.0,-2614715.0,0.0,0.0,0.0,1.0,0.0,0.0,0.0,0.06576911064713421,-9.224983151295513,-0.3634608746289039,-0.747690942093746,2614044.0,2614114.0,70.0,526.4374736841545,9.298694012469516,9.617015955434841,3.1002600222550796,336.0,3.0644894902473276,1.0,-3.9946080887786195,-4.219607677834608,0.40153772816145655,0.29076869970312236,2614918.0,2614945.0,27.0,55.31536060553575,0.25078794377116054,0.4827441353483185,2.6841178056937625,2.8130394830383434,-9.546872247989617,-0.4813651494180793,0.6625
149,2634.981435,3.5077885,2,50,2,2,2,1,3,2,-43.26923077,n/a,n/a,2615714.0,2619224.0,0.0,0.0,0.0,2617364.0,2616231.0,2618224.0,2616231.0,2617024.0,2618231.0,2619224.0,3510.0,517.0,793.0,993.0,1993.0,-2618231.0,0.0,0.0,0.0,1.0,0.0,0.0,0.0,0.21807652477734077,7.982293113278591,-0.10730749631901051,0.33923014965364207,2617343.0,2617399.0,56.0,425.90210921240015,7.777046682541438,8.679088978371865,-0.05744897557678273,319.0,-0.09065988720074532,0.0,0.0,0.0,0.0,0.0,0.0,0.0,0.0,0.0,0.0,0.0,0.0,0.0,9.845133553110372,0.16451720296567313,0.5541666666666667
150,2638.497687,3.5077923,2,51,2,2,2,1,3,2,-43.26923077,n/a,n/a,2619231.0,2622740.0,0.0,0.0,0.0,2620863.0,2619747.0,2621740.0,2619747.0,2620540.0,2621747.0,2622741.0,3509.0,516.0,793.0,994.0,1993.0,-2621747.0,0.0,0.0,0.0,1.0,0.0,0.0,0.0,0.044999917811196055,9.536521043834574,-0.031153789253905263,0.45346071025129997,2620843.0,2620922.0,79.0,364.3010193059555,9.503884705681083,9.929494692489392,-0.05101332439572276,303.0,-0.07711947554497046,1.0,2.049227026479155,0.7407678778150986,0.24576878189192627,0.7303832813971315,2621886.0,2621920.0,34.0,161.5793699628058,1.395319517835735,1.36788345533901,-2.7868870015788536,2.7549773299158957,9.856605141768863,0.15233074348673306,0.55
151,2642.013718,3.5078329,2,52,2,1,1,2,4,1,-43.26923077,n/a,n/a,2622746.0,2626256.0,0.0,0.0,0.0,2624673.0,2623263.0,2625256.0,2623263.0,2624257.0,2625263.0,2626256.0,3510.0,517.0,994.0,993.0,1993.0,-2625263.0,0.0,0.0,0.0,1.0,0.0,0.0,0.0,0.0553845142291671,-7.96498545258198,-0.30461482826041314,-0.6611526386106736,2624656.0,2624709.0,53.0,511.168865585767,8.028290827737596,8.633392173750359,3.097167866308538,399.0,3.0661430654332222,0.0,0.0,0.0,0.0,0.0,0.0,0.0,0.0,0.0,0.0,0.0,0.0,0.0,-9.455099538721694,-0.5788568252495879,0.6958333333333333
152,2645.529871,3.5078171,2,53,2,1,1,1,1,2,-43.26923077,n/a,n/a,2626263.0,2629772.0,0.0,0.0,0.0,2627622.0,2626779.0,2628773.0,2626779.0,2627172.0,2628779.0,2629772.0,3509.0,516.0,393.0,993.0,1994.0,-2628779.0,0.0,0.0,0.0,1.0,0.0,0.0,0.0,-0.15230741413020657,-9.723443779358009,-0.08999983562239604,0.10384596417968683,2627605.0,2627669.0,64.0,479.472184714318,9.573099159409505,9.742728027765004,-3.12134225757123,433.0,3.0786641031623754,1.0,0.2423072497526026,-0.05884604636849078,0.09346136776171972,-0.05884604636849078,2628625.0,2628656.0,31.0,51.384938966742,0.3374771935459201,0.605768124381506,2.6733579207995835,0.2837941092083336,-10.235167567499058,0.24982241931824173,0.4125
153,2649.04612,3.5077361,2,54,2,2,1,1,4,1,-43.26923077,n/a,n/a,2629779.0,2633288.0,0.0,0.0,0.0,2631522.0,2630295.0,2632289.0,2630295.0,2631288.0,2632295.0,2633288.0,3509.0,516.0,993.0,993.0,1994.0,-2632295.0,0.0,0.0,0.0,1.0,0.0,0.0,0.0,-0.03807685353255263,8.899599130199158,-0.1211536248763013,-0.8238446491588473,2631505.0,2631577.0,72.0,471.39330851517514,8.965256642493948,9.2902067063964,0.07845982830867428,217.0,0.08991774727492519,1.0,-0.03807685353255263,8.899599130199158,-0.1211536248763013,-0.8238446491588473,2631505.0,2631577.0,72.0,471.39330851517514,8.965256642493948,9.2902067063964,0.07845982830867428,0.08991774727492519,10.292525510791508,-0.3107547167129381,0.6041666666666666
154,2652.56217,3.508043131,2,55,2,1,1,1,2,1,-43.26923077,n/a,n/a,2633295.0,2636805.0,0.0,0.0,0.0,2634278.0,2633812.0,2635804.0,2633812.0,2634405.0,2635811.0,2636805.0,3510.0,517.0,593.0,994.0,1992.0,-2635811.0,0.0,0.0,0.0,0.0,0.0,1.0,0.0,-0.1903842676627592,-11.156518085037687,-0.04153838567187631,0.418845388858071,2634265.0,2634331.0,66.0,515.8654012771023,10.975793553106968,11.29145682110899,-3.0996349691382776,-140.0,-3.0633394909198004,0.0,0.0,0.0,0.0,0.0,0.0,0.0,0.0,0.0,0.0,0.0,0.0,0.0,0.0,0.0,0.0
155,2656.078344,3.5078431,2,56,2,1,1,2,1,1,-43.26923077,n/a,n/a,2636811.0,2640321.0,0.0,0.0,0.0,2638228.0,2637328.0,2639320.0,2637328.0,2637721.0,2639327.0,2640321.0,3510.0,517.0,393.0,994.0,1992.0,-2639327.0,0.0,0.0,0.0,1.0,0.0,0.0,0.0,0.020769192835938154,-9.062291140747336,-0.21461499263802103,-0.21461499263802103,2638212.0,2638284.0,72.0,529.6741172111009,9.083060333583274,9.602492303834245,3.141592653589793,491.0,-3.0874938674859482,0.0,0.0,0.0,0.0,0.0,0.0,0.0,0.0,0.0,0.0,0.0,0.0,0.0,-10.154866446889624,0.16451720296567313,0.44166666666666665
156,2659.594501,3.5078264,2,57,2,2,1,1,3,1,-43.26923077,n/a,n/a,2640327.0,2643836.0,0.0,0.0,0.0,2641920.0,2640844.0,2642837.0,2640844.0,2641637.0,2642844.0,2643837.0,3509.0,517.0,793.0,993.0,1993.0,-2642844.0,0.0,0.0,0.0,1.0,0.0,0.0,0.0,-0.024230724975261835,8.532676723430935,-0.2007688640807263,-0.6299988493567683,2641894.0,2641936.0,42.0,432.06529617204956,8.567666161846498,8.618845927933576,0.05011980319370744,257.0,0.048213511812877245,1.0,8.546522851988229,8.207292702334579,-0.6369219136354117,-0.65769110647135,2641938.0,2641966.0,28.0,130.7107211350655,0.3398653465787504,0.8690100427885807,3.080444490940491,3.013779174808488,10.074565326280187,-0.07921198661310055,0.525
157,2663.110781,3.507704,2,58,2,1,2,1,4,1,-43.26923077,n/a,n/a,2643844.0,2647353.0,0.0,0.0,0.0,2645593.0,2644360.0,2646353.0,2644360.0,2645353.0,2646360.0,2647353.0,3509.0,516.0,993.0,993.0,1993.0,-2646360.0,0.0,0.0,0.0,1.0,0.0,0.0,0.0,-0.05192298208984342,-9.069214205025983,-0.3461532139322894,0.3115378925390605,2645575.0,2645628.0,53.0,544.8016740318259,9.041244305446714,9.886235175133317,-3.0687849171532466,222.0,-3.066593143513705,1.0,-1.9176888051848826,-0.5469220780130157,0.4257684531367144,0.4396145816940092,2647110.0,2647146.0,36.0,192.28474363324008,1.3708366553304216,2.203571774312807,-0.010100666585324197,-0.15456023016584855,-10.30399709945,0.32294117619187424,0.6083333333333333
158,2666.626816,3.5078194,2,59,2,2,1,1,4,2,-43.26923077,n/a,n/a,2647360.0,2650869.0,0.0,0.0,0.0,2649109.0,2647876.0,2649869.0,2647876.0,2648869.0,2649876.0,2650869.0,3509.0,516.0,993.0,993.0,1993.0,-2649876.0,0.0,0.0,0.0,1.0,0.0,0.0,0.0,-0.12807668915494866,8.096523673876254,0.0692306427864579,-1.0626903667721301,2649088.0,2649133.0,45.0,457.710096099564,8.30212601105603,8.311374381832545,0.13676708014717004,219.0,0.126111372531998,1.0,8.093062141736926,7.968446984721305,-1.0557673024934828,-1.0973056881653591,2649135.0,2649164.0,29.0,88.11811118059391,0.1313559090496253,0.4741288256836051,2.819842099193132,-0.2963518602746168,10.292525510791508,-0.3107547167129381,0.6041666666666666
159,2670.142961,3.4995189,2,60,2,2,1,2,1,2,-43.26923077,n/a,n/a,2650876.0,2654377.0,0.0,0.0,0.0,2652135.0,2651385.0,2653377.0,2651386.0,2651776.0,2653384.0,2654377.0,3501.0,510.0,390.0,993.0,1992.0,-2653384.0,0.0,0.0,0.0,1.0,0.0,0.0,0.0,0.10384596417968683,7.843831827705675,-0.33923014965364207,-0.623075785078121,2652121.0,2652188.0,67.0,390.1533022937765,7.745188797720277,8.282127074364999,0.03665620283213273,345.0,0.03678807937101755,0.0,0.0,0.0,0.0,0.0,0.0,0.0,0.0,0.0,0.0,0.0,0.0,0.0,9.638644957257542,0.38387347358656665,0.36666666666666664
160,2673.650808,3.5078055,2,61,2,2,1,2,2,1,-43.26923077,n/a,n/a,2654383.0,2657892.0,0.0,0.0,0.0,2655943.0,2654900.0,2656893.0,2654900.0,2655494.0,2656900.0,2657893.0,3509.0,517.0,594.0,993.0,1993.0,-2656900.0,0.0,0.0,0.0,1.0,0.0,0.0,0.0,0.044999917811196055,8.951522112289002,-0.31846095681770786,-0.6749987671679644,2655918.0,2655980.0,62.0,438.50666127206455,8.913655636770757,9.680546427276418,0.040009729527203663,424.0,0.050797651265766096,0.0,0.0,0.0,0.0,0.0,0.0,0.0,0.0,0.0,0.0,0.0,0.0,0.0,10.028678971646222,-0.030466148697348185,0.5083333333333333
161,2677.166994,3.50778,2,62,2,1,2,1,5,2,-43.26923077,n/a,n/a,2657900.0,2661409.0,0.0,0.0,0.0,2659876.0,2658416.0,2660409.0,2658416.0,2659610.0,2660416.0,2661409.0,3509.0,516.0,1194.0,993.0,1993.0,-2660416.0,0.0,0.0,0.0,1.0,0.0,0.0,0.0,-0.031153789253905263,-8.986137433682234,-0.21807652477734077,0.6680757028893171,2659857.0,2659902.0,45.0,391.27947257930373,8.998722011629066,8.972123702369915,-3.0429574539956605,247.0,-3.0341308542015826,1.0,-9.020752755075463,-8.57767664124213,0.7096140885611933,0.6057681243815065,2659904.0,2659933.0,29.0,120.03444661736285,0.45508287918362444,1.0206825128926484,0.23021958727684255,0.1394989776663349,-10.613729993229246,0.6519755821232205,0.7208333333333333
162,2680.683261,3.5076901,2,63,2,2,1,2,2,1,-43.26923077,n/a,n/a,2661416.0,2664925.0,0.0,0.0,0.0,2662909.0,2661932.0,2663926.0,2661932.0,2662526.0,2663932.0,2664925.0,3509.0,516.0,594.0,993.0,1994.0,-2663932.0,0.0,0.0,0.0,1.0,0.0,0.0,0.0,0.10038443204036315,9.598828622342385,-0.1384612855729158,-0.543460545873696,2662884.0,2662942.0,58.0,381.5199777847395,9.507074546732365,9.56977105960341,0.0426126726205384,358.0,0.043419471578575716,1.0,0.044999917811196055,0.11769209273697762,-0.11423056059765394,-0.21807652477734077,2664562.0,2664582.0,20.0,38.72260049441502,0.12676015372288418,0.15199240362932032,0.9600703624056829,1.0460005551448106,9.9369062623783,0.06702552713416443,0.475
163,2684.199362,3.5077197,2,64,2,1,1,1,2,1,-43.26923077,n/a,n/a,2664932.0,2668441.0,0.0,0.0,0.0,2666474.0,2665449.0,2667442.0,2665449.0,2666042.0,2667448.0,2668441.0,3509.0,517.0,593.0,993.0,1993.0,-2667448.0,0.0,0.0,0.0,1.0,0.0,0.0,0.0,0.01384612855729079,-9.567674833088478,-0.32192248895702763,0.05192298208984342,2666455.0,2666489.0,34.0,536.0735722082791,9.588811416159958,9.575952504558181,-3.1025950938714324,413.0,-3.1000102692210834,1.0,-9.564213300949156,-9.553828704531188,0.031153789253905263,-0.16961507482682103,2666491.0,2666525.0,34.0,77.38500929518408,0.2010372518391286,0.6940523002068545,1.519118242312474,-0.3091329275036822,-9.982792617012262,-0.018279689218408123,0.5041666666666667
164,2687.715465,3.5077873,2,65,2,1,2,2,3,2,-43.26923077,n/a,n/a,2668448.0,2671958.0,0.0,0.0,0.0,2670248.0,2668965.0,2670958.0,2668965.0,2669758.0,2670964.0,2671958.0,3510.0,517.0,793.0,994.0,1993.0,-2670964.0,0.0,0.0,0.0,1.0,0.0,0.0,0.0,-0.010384596417967108,-9.526136447416606,0.0553845142291671,1.7273045375221234,2670229.0,2670273.0,44.0,453.8807292896617,9.661513848982052,9.622660889325598,-2.967667621434339,471.0,-2.9636696533295996,1.0,-0.4223069209973947,-1.1699978630911367,0.827306181298171,0.8307677134374947,2671088.0,2671110.0,22.0,76.9926162811483,0.747698954856685,0.7623626705674087,-3.1369630570360805,-2.9450875654546835,-10.372826631400946,0.39605993306550674,0.6333333333333333
165,2691.231587,3.4994978,2,66,2,1,1,2,2,1,-43.26923077,n/a,n/a,2671964.0,2675465.0,0.0,0.0,0.0,2673631.0,2672474.0,2674465.0,2672474.0,2673064.0,2674472.0,2675465.0,3501.0,510.0,590.0,993.0,1991.0,-2674472.0,0.0,0.0,0.0,1.0,0.0,0.0,0.0,0.3011532961210934,-9.083060333583274,-0.4361530495546855,-0.6888448957252552,2673611.0,2673686.0,75.0,522.2721841999321,9.387615171972607,9.721511956400601,3.1146718258407327,547.0,3.092078789213594,0.0,0.0,0.0,0.0,0.0,0.0,0.0,0.0,0.0,0.0,0.0,0.0,0.0,-9.810718787134904,-0.20107658140248935,0.5666666666666667
166,2694.739415,3.5078244,2,67,2,1,1,1,1,2,-43.26923077,n/a,n/a,2675472.0,2678981.0,0.0,0.0,0.0,2676931.0,2675989.0,2677982.0,2675989.0,2676382.0,2677988.0,2678982.0,3509.0,517.0,393.0,994.0,1993.0,-2677988.0,0.0,0.0,0.0,1.0,0.0,0.0,0.0,0.1765381391054684,-10.121519975380142,-0.5642297387096302,-0.9726905311497341,2676916.0,2676991.0,75.0,553.2946894674192,10.306155497967403,10.482992194622724,3.101949568456776,534.0,3.0940252565434703,1.0,-3.066917475440085,-3.534224314248676,-0.6853833635859315,-0.7096140885611933,2677762.0,2677785.0,23.0,106.4182676298276,0.46793462110652273,0.9502079112724212,3.0897871967987887,3.006393077410401,-10.097508503597169,0.10358490557098068,0.4625
167,2698.255716,3.507681,2,68,2,1,1,2,3,2,-43.26923077,n/a,n/a,2678988.0,2682498.0,0.0,0.0,0.0,2680771.0,2679505.0,2681498.0,2679505.0,2680298.0,2681504.0,2682498.0,3510.0,517.0,793.0,994.0,1993.0,-2681504.0,0.0,0.0,0.0,1.0,0.0,0.0,0.0,0.08653830348307236,-8.477292209201767,-0.35653781035025656,-0.3426916817929658,2680756.0,2680809.0,53.0,523.7768896378437,8.563841705990829,9.05991152080233,-3.1399758401239275,458.0,-3.0995524285761054,0.0,0.0,0.0,0.0,0.0,0.0,0.0,0.0,0.0,0.0,0.0,0.0,0.0,-9.650116545916033,-0.37168701410763055,0.625
168,2701.771732,3.6744222,2,69,2,2,1,2,5,2,-43.26923077,n/a,n/a,2682504.0,2686180.0,0.0,0.0,0.0,2684921.0,2683188.0,2685180.0,2683188.0,2684381.0,2685187.0,2686180.0,3676.0,684.0,1193.0,993.0,1992.0,-2685187.0,0.0,0.0,0.0,1.0,0.0,0.0,0.0,-0.03461532139322895,9.67152079726817,-0.20423039622005,-2.087303880011704,2684898.0,2684976.0,78.0,428.2941808859136,9.887115054420201,10.31619743864012,0.19162797755258737,517.0,0.19107819193041495,1.0,3.0496098147434667,0.7096140885611933,-1.6373047018997275,-0.5988450601028592,2685824.0,2685890.0,66.0,139.32995332174684,2.5600739102987213,2.600716616697854,-2.7239174727746924,-2.6434144038656644,10.98082083030095,-1.0419422854492553,0.8541666666666666
169,2705.454536,3.5079529,2,70,2,1,1,1,4,2,-43.26923077,n/a,n/a,2686187.0,2689697.0,0.0,0.0,0.0,2688087.0,2686704.0,2688697.0,2686704.0,2687697.0,2688703.0,2689697.0,3510.0,517.0,993.0,994.0,1993.0,-2688703.0,0.0,0.0,0.0,1.0,0.0,0.0,0.0,-0.017307660696614473,-9.73382837577598,-0.48115296736588153,-0.8965368240846289,2688068.0,2688139.0,71.0,518.158204200697,9.725395547482323,10.025759418315701,3.0988684011340215,371.0,3.053089619660393,1.0,-4.652299195249969,-4.115761713654921,-0.543460545873696,-0.5088452244804671,2688931.0,2688973.0,42.0,58.065990747442676,0.5376529453388251,0.5550661499109789,-0.06442683942555355,0.3040009393401427,-9.489514304697167,-0.5422974468127717,0.6833333333333333
170,2708.970691,3.5079472,2,71,2,1,2,2,3,1,-43.26923077,n/a,n/a,2689703.0,2693212.0,0.0,0.0,0.0,2691279.0,2690220.0,2692213.0,2690220.0,2691012.0,2692219.0,2693213.0,3509.0,517.0,792.0,994.0,1993.0,-2692219.0,0.0,0.0,0.0,1.0,0.0,0.0,0.0,0.08999983562239604,-9.664597732989522,-0.3530762782109368,0.2526918461705697,2691261.0,2691309.0,48.0,542.1510946804124,9.773388805633706,9.868202216755552,-3.0795715193787183,249.0,-3.0675110975025937,1.0,0.08999983562239604,-9.664597732989522,-0.3530762782109368,0.2526918461705697,2691261.0,2691309.0,48.0,542.1510946804124,9.773388805633706,9.868202216755552,-3.0795715193787183,-3.0675110975025937,-10.063093737621696,0.06702552713416443,0.5208333333333334
171,2712.486914,3.5077312,2,72,2,2,1,2,2,1,-43.26923077,n/a,n/a,2693219.0,2696729.0,0.0,0.0,0.0,2694896.0,2693736.0,2695729.0,2693736.0,2694329.0,2695736.0,2696729.0,3510.0,517.0,593.0,993.0,1993.0,-2695736.0,0.0,0.0,0.0,1.0,0.0,0.0,0.0,0.4049992603007802,9.363444436868429,-0.623075785078121,-1.3430744700572814,2694878.0,2694960.0,82.0,377.5609751144497,8.987332089554714,9.500767573127288,0.08019855870371746,549.0,0.07951038551392609,0.0,0.0,0.0,0.0,0.0,0.0,0.0,0.0,0.0,0.0,0.0,0.0,0.0,10.200752801523588,-0.21326304088142548,0.5708333333333333
172,2716.002976,3.5078297,2,73,2,1,2,2,1,1,-43.26923077,n/a,n/a,2696735.0,2700245.0,0.0,0.0,0.0,2698102.0,2697252.0,2699244.0,2697252.0,2697645.0,2699252.0,2700245.0,3510.0,517.0,393.0,993.0,1992.0,-2699252.0,0.0,0.0,0.0,1.0,0.0,0.0,0.0,-0.02769225711458158,-10.041904736175717,-0.3807685353255184,-0.02769225711458158,2698080.0,2698171.0,91.0,574.6169416970948,10.020434842561427,10.418659719613439,-3.1063497340088007,435.0,-3.091070148556835,0.0,0.0,0.0,0.0,0.0,0.0,0.0,0.0,0.0,0.0,0.0,0.0,0.0,-9.76483243250094,-0.24982241931824173,0.4125
173,2719.519124,3.5079397,2,74,2,1,2,1,5,2,-43.26923077,n/a,n/a,2700251.0,2703761.0,0.0,0.0,0.0,2702335.0,2700768.0,2702761.0,2700768.0,2701961.0,2702768.0,2703761.0,3510.0,517.0,1193.0,993.0,1993.0,-2702768.0,0.0,0.0,0.0,1.0,0.0,0.0,0.0,0.23538418547395523,-10.28421198592832,-0.34961474607161314,1.8242274374231648,2702313.0,2702395.0,82.0,539.9922336252938,10.741857076321708,10.877709294452655,-2.937814067239606,352.0,-2.923475965011633,0.0,0.0,0.0,0.0,0.0,0.0,0.0,0.0,0.0,0.0,0.0,0.0,0.0,-10.751389057131135,0.7982130958704855,0.7708333333333334
174,2723.035262,3.4995353,2,75,2,2,1,2,4,1,-43.26923077,n/a,n/a,2703768.0,2707269.0,0.0,0.0,0.0,2705643.0,2704277.0,2706269.0,2704277.0,2705267.0,2706276.0,2707269.0,3501.0,509.0,990.0,993.0,1992.0,-2706276.0,0.0,0.0,0.0,1.0,0.0,0.0,0.0,0.08307677134374868,9.837674339955667,-0.29076869970312236,-1.9453810622994683,2705628.0,2705685.0,57.0,480.2226978766189,9.893933282371892,10.637730380354856,0.16802454662871855,361.0,0.16177844462845184,0.0,0.0,0.0,0.0,0.0,0.0,0.0,0.0,0.0,0.0,0.0,0.0,0.0,10.48754251798585,-0.5179245278548955,0.675
175,2726.543133,3.5078415,2,76,2,1,1,2,2,2,-43.26923077,n/a,n/a,2707275.0,2710785.0,0.0,0.0,0.0,2708785.0,2707792.0,2709785.0,2707792.0,2708385.0,2709792.0,2710785.0,3510.0,517.0,593.0,993.0,1993.0,-2709792.0,0.0,0.0,0.0,1.0,0.0,0.0,0.0,0.1488458819908829,-9.706136118661394,-0.2596149104492171,-0.6992294921432263,2708766.0,2708840.0,74.0,546.9226865802137,9.864782370311998,10.454691834920176,3.0970138474462274,381.0,3.082622960405067,1.0,-3.8838390603202892,-2.3261495976249864,-1.0280750453789012,-0.4846144995052052,2709879.0,2709926.0,47.0,216.05094298754247,1.6497714469323672,2.6720001345463027,-0.33568462266114124,0.32297955828420827,-10.028678971646226,0.030466148697348185,0.4875
176,2730.059316,3.5078124,2,77,2,2,1,2,1,1,-43.26923077,n/a,n/a,2710792.0,2714301.0,0.0,0.0,0.0,2712168.0,2711308.0,2713302.0,2711308.0,2711701.0,2713308.0,2714301.0,3509.0,516.0,393.0,993.0,1994.0,-2713308.0,0.0,0.0,0.0,1.0,0.0,0.0,0.0,0.03807685353255263,9.488059593884051,-0.2423072497526026,-0.21115346049869735,2712152.0,2712197.0,45.0,436.2633070897484,9.45003409261184,9.468738818050378,-0.0032966913536463405,451.0,-0.04205349419865903,1.0,9.474213465326763,9.252675408410095,-0.18346120338411182,-0.28038410328515523,2712199.0,2712227.0,28.0,121.88356746828143,0.24181223953232947,0.7535970915583441,2.729182211992402,2.9568090376199696,9.787775609817919,0.22544950036036554,0.42083333333333334
177,2733.575463,3.507781,2,78,2,1,2,2,3,1,-43.26923077,n/a,n/a,2714308.0,2717818.0,0.0,0.0,0.0,2716041.0,2714824.0,2716817.0,2714824.0,2715618.0,2716824.0,2717818.0,3510.0,516.0,794.0,994.0,1993.0,-2716824.0,0.0,0.0,0.0,1.0,0.0,0.0,0.0,-0.020769192835938154,-10.606134474885348,-0.19384579980208289,1.0280750453788992,2716027.0,2716066.0,39.0,534.5175539873857,10.655658060687982,10.591665025958896,-3.026666400053978,409.0,-3.0193861011547556,1.0,-10.619980603442638,-10.138827636076757,1.0176904489609302,1.0107673846822847,2716068.0,2716102.0,34.0,163.04147092487815,0.48120277100615216,1.2924454340536833,0.01438749638892487,0.08581026469650202,-10.281053922133017,0.29856825723399805,0.6
178,2737.091601,3.5078458,2,79,2,1,1,2,4,1,-43.26923077,n/a,n/a,2717824.0,2721333.0,0.0,0.0,0.0,2719701.0,2718341.0,2720333.0,2718341.0,2719334.0,2720340.0,2721333.0,3509.0,517.0,993.0,993.0,1992.0,-2720340.0,0.0,0.0,0.0,1.0,0.0,0.0,0.0,0.11769209273697762,-6.715372350286415,-0.2561533783098934,-0.46730683880859075,2719678.0,2719737.0,59.0,357.77027464502385,6.8363261673497675,7.839369978868166,3.1107007617545555,344.0,3.077080528742568,0.0,0.0,0.0,0.0,0.0,0.0,0.0,0.0,0.0,0.0,0.0,0.0,0.0,-9.535400659331126,-0.4935516088970154,0.6666666666666666
179,2740.607781,3.5078631,2,80,2,1,1,2,5,1,-43.26923077,n/a,n/a,2721340.0,2724850.0,0.0,0.0,0.0,2723574.0,2721857.0,2723850.0,2721857.0,2723050.0,2723856.0,2724850.0,3510.0,517.0,1193.0,994.0,1993.0,-2723856.0,0.0,0.0,0.0,1.0,0.0,0.0,0.0,0.13153822129426843,-7.587678449395786,-0.5642297387096302,-1.9176888051848826,2723552.0,2723605.0,53.0,472.9951423247056,7.836973743332519,8.170744060305678,2.9680206767407955,502.0,2.975608205371019,1.0,-7.556524660141877,-8.127677463130155,-1.9315349337421734,-1.7515352624973854,2723610.0,2723644.0,34.0,96.15924728791678,0.59884506010286,1.0482900181607955,-2.8362939967992666,-2.928654304010397,-9.042122347016031,-1.017569366491379,0.8458333333333333
180,2744.123938,3.4994932,2,81,2,1,1,2,2,1,-43.26923077,n/a,n/a,2724856.0,2728357.0,0.0,0.0,0.0,2726432.0,2725366.0,2727358.0,2725366.0,2725956.0,2727364.0,2728358.0,3501.0,510.0,590.0,994.0,1992.0,-2727364.0,0.0,0.0,0.0,1.0,0.0,0.0,0.0,-0.04153838567187631,-9.432675079654887,-0.2423072497526026,-0.373845471046871,2726411.0,2726481.0,70.0,509.69256817978845,9.392057852714464,9.976481532528263,3.127586934727967,455.0,3.1034167657892455,1.0,-2.8038410328515444,-3.1499942467838338,-0.5573066744309868,-0.46730683880859075,2727385.0,2727410.0,25.0,90.090396403174,0.35766187653664133,0.5747811317450832,-2.887224595036525,2.9843646026132227,-9.9369062623783,-0.06702552713416443,0.5208333333333334
181,2747.631765,3.5079415,2,82,2,2,1,2,1,2,-43.26923077,n/a,n/a,2728364.0,2731874.0,0.0,0.0,0.0,2729741.0,2728881.0,2730873.0,2728881.0,2729274.0,2730880.0,2731874.0,3510.0,517.0,393.0,994.0,1992.0,-2730880.0,0.0,0.0,0.0,1.0,0.0,0.0,0.0,-0.031153789253905263,8.342292455768176,-0.22153805691666445,-0.8030754563229131,2729725.0,2729796.0,71.0,433.2780418958062,8.393615893355054,8.612367787663949,0.06933884771271055,451.0,0.06354702493119668,1.0,-0.3253840210963513,-0.24576878189192627,-0.1488458819908829,-0.09692289990103947,2731273.0,2731292.0,19.0,22.66943863958238,0.09505042021306381,0.11506666003008836,-0.5779019369622547,-2.3774678762163868,9.787775609817919,0.22544950036036554,0.42083333333333334
182,2751.147924,3.5078108,2,83,2,1,2,2,4,1,-43.26923077,n/a,n/a,2731880.0,2735389.0,0.0,0.0,0.0,2733823.0,2732397.0,2734389.0,2732397.0,2733390.0,2734396.0,2735389.0,3509.0,517.0,993.0,993.0,1992.0,-2734396.0,0.0,0.0,0.0,1.0,0.0,0.0,0.0,-0.0034615321393236813,-9.308059922639263,-0.31499942467838415,0.6853833635859315,2733806.0,2733858.0,52.0,569.9621702167142,9.358221889416255,10.155621481033412,-3.034489193853433,416.0,-3.034360721086458,0.0,0.0,0.0,0.0,0.0,0.0,0.0,0.0,0.0,0.0,0.0,0.0,0.0,-10.567843638595287,0.6032297442074641,0.7041666666666667
183,2754.664094,3.5078136,2,84,2,1,1,1,2,2,-43.26923077,n/a,n/a,2735396.0,2738905.0,0.0,0.0,0.0,2736956.0,2735913.0,2737906.0,2735913.0,2736507.0,2737913.0,2738905.0,3509.0,517.0,594.0,992.0,1993.0,-2737913.0,0.0,0.0,0.0,1.0,0.0,0.0,0.0,0.2769225711458316,-9.488059593884055,-0.36692240676822757,-0.28384563542447894,2736916.0,2736990.0,74.0,596.7117064316908,9.76533555149482,10.592847719676541,-3.1330852374295066,409.0,3.1040040879518602,1.0,-9.467290401048116,-10.149212232494728,-0.31499942467838415,-0.39807619602213284,2736992.0,2737015.0,23.0,70.41521777287878,0.6869637065670956,0.733354810490296,3.0203626488705666,3.009041121293121,-9.994264205670753,-0.006093229739468063,0.5
184,2758.180239,3.7079093,2,85,2,2,1,2,2,2,-43.26923077,n/a,n/a,2738912.0,2742622.0,0.0,0.0,0.0,2740722.0,2739629.0,2741622.0,2739629.0,2740222.0,2741629.0,2742622.0,3710.0,717.0,593.0,993.0,1993.0,-2741629.0,0.0,0.0,0.0,1.0,0.0,0.0,0.0,0.20423039622005,9.197290894180933,-0.38423006746484206,-1.0176904489609302,2740703.0,2740775.0,72.0,497.3121382519509,9.015342987092039,9.48196048757925,0.07032264770522932,481.0,0.0727119947744003,0.0,0.0,0.0,0.0,0.0,0.0,0.0,0.0,0.0,0.0,0.0,0.0,0.0,10.10898009225566,-0.11577136504991681,0.5375
185,2761.896378,3.5078181,2,86,2,2,1,2,5,1,-43.26923077,n/a,n/a,2742629.0,2746138.0,0.0,0.0,0.0,2744988.0,2743145.0,2745138.0,2743145.0,2744338.0,2745145.0,2746138.0,3509.0,516.0,1193.0,993.0,1993.0,-2745145.0,0.0,0.0,0.0,1.0,0.0,0.0,0.0,0.006923064278647363,10.429596335779879,-0.49153756378385255,-1.4919203520481683,2744969.0,2745041.0,72.0,434.74242237191004,10.47057227889296,10.847680138744558,0.09568827942022509,631.0,0.09716024345110533,1.0,-0.872306099109371,-0.623075785078121,-0.33230708537499865,-0.3807685353255184,2745903.0,2745930.0,27.0,87.02921784707027,0.2538981322566635,0.6045305988308141,0.19204801724072587,0.23109066719589708,11.141423071519815,-1.2125527181543965,0.9125
186,2765.412528,3.5078083,2,87,2,2,2,2,2,1,-43.26923077,n/a,n/a,2746145.0,2749654.0,0.0,0.0,0.0,2747788.0,2746661.0,2748655.0,2746661.0,2747254.0,2748661.0,2749654.0,3509.0,516.0,593.0,993.0,1994.0,-2748661.0,0.0,0.0,0.0,1.0,0.0,0.0,0.0,0.10384596417968683,7.116910078447868,-0.10384596417968683,0.4742299030872381,2747768.0,2747829.0,61.0,337.8621071368219,7.036848725043942,7.677292013261428,-0.0822425026071489,514.0,-0.11976915342037776,1.0,0.10384596417968683,7.116910078447868,-0.10384596417968683,0.4742299030872381,2747768.0,2747829.0,61.0,337.8621071368219,7.036848725043942,7.677292013261428,-0.0822425026071489,-0.11976915342037776,9.845133553110372,0.16451720296567313,0.5541666666666667
187,2768.928668,3.507828,2,88,2,2,1,1,3,1,-43.26923077,n/a,n/a,2749661.0,2753170.0,0.0,0.0,0.0,2751503.0,2750177.0,2752170.0,2750177.0,2750970.0,2752177.0,2753170.0,3509.0,516.0,793.0,993.0,1993.0,-2752177.0,0.0,0.0,0.0,1.0,0.0,0.0,0.0,0.14538434985156315,8.023831498950468,-0.36692240676822757,-0.5088452244804671,2751475.0,2751532.0,57.0,269.48434671811924,7.879725348470721,8.103925808322304,0.018012111574338952,505.0,0.031186466653805932,1.0,8.037677627507762,7.501140145912713,-0.5088452244804671,-0.6057681243815065,2751534.0,2751560.0,26.0,110.91916681841165,0.5452215308308945,0.8556778620188552,2.962874871650865,2.917219513331291,10.41871298603491,-0.44480577098126306,0.65
188,2772.444844,3.5078204,2,89,2,2,2,2,3,1,-43.26923077,n/a,n/a,2753177.0,2756687.0,0.0,0.0,0.0,2754743.0,2753694.0,2755686.0,2753694.0,2754487.0,2755693.0,2756687.0,3510.0,517.0,793.0,994.0,1992.0,-2755693.0,0.0,0.0,0.0,1.0,0.0,0.0,0.0,-0.017307660696614473,8.934214451592387,-0.294230231842446,-0.5849989315455684,2754720.0,2754763.0,43.0,418.27483282252325,8.956243328735882,8.971524713947229,0.0324711814969129,233.0,0.03704867669418909,1.0,8.937675983731715,8.404600034275987,-0.5642297387096302,-0.6196142529387973,2754765.0,2754790.0,25.0,107.86590588684969,0.5359453445124116,0.9342802854293933,3.038067979079248,3.0227523090220263,9.959849439695283,0.04265260817628431,0.5125
189,2775.96099,3.6745826,2,90,2,1,2,1,1,1,-43.26923077,n/a,n/a,2756693.0,2760369.0,0.0,0.0,0.0,2758143.0,2757376.0,2759369.0,2757376.0,2757769.0,2759376.0,2760369.0,3676.0,683.0,393.0,993.0,1993.0,-2759376.0,0.0,0.0,0.0,1.0,0.0,0.0,0.0,-0.28038410328515523,-9.263060004828066,-0.28038410328515523,0.19730733194140657,2758132.0,2758186.0,54.0,433.77055461712786,8.995368556065314,9.723557150344222,-3.0884635086644057,363.0,-3.0760427470575347,1.0,-6.019604390282512,-5.0503753912721026,0.5503836101523394,0.543460545873696,2758714.0,2758779.0,65.0,85.26938730314605,0.9692537239246122,1.4332080784559322,0.007142735669410967,-0.5263359244477221,-9.673059723233015,-0.3473140951497504,0.37916666666666665
190,2779.643817,3.5078131,2,91,2,1,1,2,2,1,-43.26923077,n/a,n/a,2760376.0,2763885.0,0.0,0.0,0.0,2761869.0,2760892.0,2762886.0,2760893.0,2761485.0,2762892.0,2763885.0,3509.0,517.0,592.0,993.0,1994.0,-2762892.0,0.0,0.0,0.0,1.0,0.0,0.0,0.0,0.01384612855729079,-9.83075127567702,-0.4223069209973947,-0.3426916817929658,2761853.0,2761891.0,38.0,544.4166482222722,9.844919331196701,9.810332626939335,-3.133505628766291,368.0,3.113714244651173,1.0,-9.820366679259052,-9.64036700801426,-0.34961474607161314,-0.5226913530377578,2761893.0,2761923.0,30.0,82.69528718696787,0.24971061957222918,0.8103017177394647,0.7657928325402392,0.2636293500313902,-10.051622148963208,0.05483906765522437,0.4791666666666667
191,2783.159937,3.5078492,2,92,2,1,1,2,1,2,-43.26923077,n/a,n/a,2763892.0,2767402.0,0.0,0.0,0.0,2765208.0,2764409.0,2766402.0,2764409.0,2764802.0,2766408.0,2767402.0,3510.0,517.0,393.0,994.0,1993.0,-2766408.0,0.0,0.0,0.0,1.0,0.0,0.0,0.0,-0.010384596417967108,-9.87921272562754,-0.3773070031861947,-0.5469220780130157,2765191.0,2765264.0,73.0,511.179283610854,9.870285604656363,10.18122989689111,3.124407393635363,389.0,3.054103254734578,1.0,-9.460367336769469,-7.525370870887971,0.062307578507810525,0.21461499263802103,2765938.0,2765963.0,25.0,157.42361632685592,1.940981419636189,1.8640921055446669,-0.07855003192070738,-0.09671226790403574,-10.292525510791508,0.3107547167129381,0.39166666666666666
192,2786.67612,3.5078081,2,93,2,2,2,1,1,1,-43.26923077,n/a,n/a,2767408.0,2770918.0,0.0,0.0,0.0,2768801.0,2767925.0,2769917.0,2767925.0,2768318.0,2769924.0,2770918.0,3510.0,517.0,393.0,994.0,1992.0,-2769924.0,0.0,0.0,0.0,1.0,0.0,0.0,0.0,-0.079615239204425,8.380369309300724,-0.3080763603997368,-0.19384579980208289,2768788.0,2768857.0,69.0,390.0146492235317,8.460755709859512,8.971669623397696,-0.013501634509063441,470.0,-0.0609988350177255,0.0,0.0,0.0,0.0,0.0,0.0,0.0,0.0,0.0,0.0,0.0,0.0,0.0,10.177809624206606,-0.18889012192354931,0.43333333333333335
193,2790.192404,3.5077019,2,94,2,2,2,2,2,2,-43.26923077,n/a,n/a,2770924.0,2774434.0,0.0,0.0,0.0,2772424.0,2771441.0,2773434.0,2771441.0,2772034.0,2773441.0,2774434.0,3510.0,517.0,593.0,993.0,1993.0,-2773441.0,0.0,0.0,0.0,1.0,0.0,0.0,0.0,0.09692289990103947,8.66767647686453,-0.21115346049869735,-0.1730766069661447,2772397.0,2772461.0,64.0,439.6452438031021,8.570838157602058,9.638706323885675,-0.004442620206529039,363.0,-0.033045817018930106,0.0,0.0,0.0,0.0,0.0,0.0,0.0,0.0,0.0,0.0,0.0,0.0,0.0,10.051622148963204,-0.05483906765522437,0.4791666666666667
194,2793.708437,3.5078231,2,95,2,1,2,2,1,1,-43.26923077,n/a,n/a,2774440.0,2777949.0,0.0,0.0,0.0,2775817.0,2774957.0,2776950.0,2774957.0,2775350.0,2776957.0,2777949.0,3509.0,517.0,393.0,992.0,1993.0,-2776957.0,0.0,0.0,0.0,1.0,0.0,0.0,0.0,0.20769192835937367,-8.646907284028588,-0.1349997534335921,-0.1903842676627592,2775798.0,2775868.0,70.0,520.4156441187647,8.854772422622613,9.15537559290349,3.1353378485289403,448.0,3.1037749000126165,0.0,0.0,0.0,0.0,0.0,0.0,0.0,0.0,0.0,0.0,0.0,0.0,0.0,-9.787775609817922,-0.22544950036036554,0.42083333333333334
195,2797.224591,3.4994701,2,96,2,2,2,1,5,2,-43.26923077,n/a,n/a,2777957.0,2781458.0,0.0,0.0,0.0,2779940.0,2778466.0,2780458.0,2778466.0,2779656.0,2780464.0,2781458.0,3501.0,509.0,1190.0,994.0,1992.0,-2780464.0,0.0,0.0,0.0,1.0,0.0,0.0,0.0,0.14192281771223947,7.334986603225216,-0.10384596417968683,0.3115378925390605,2779917.0,2779987.0,70.0,318.89596410371814,7.205047562013787,7.5819723558121686,-0.057683769862305286,261.0,-0.06304534064246191,1.0,0.14192281771223947,7.334986603225216,-0.10384596417968683,0.3115378925390605,2779917.0,2779987.0,70.0,318.89596410371814,7.205047562013787,7.5819723558121686,-0.057683769862305286,-0.06304534064246191,9.374798418112256,0.6641620416021566,0.725
196,2800.732433,3.5078124,2,97,2,2,1,1,3,1,-43.26923077,n/a,n/a,2781464.0,2784974.0,0.0,0.0,0.0,2783041.0,2781981.0,2783974.0,2781982.0,2782774.0,2783981.0,2784974.0,3510.0,518.0,792.0,993.0,1993.0,-2783981.0,0.0,0.0,0.0,1.0,0.0,0.0,0.0,0.18346120338411182,8.466907612783796,-0.1765381391054684,-0.702691024282546,2783020.0,2783073.0,53.0,429.80729449507504,8.300139834724273,8.949694113522686,0.06343337780601112,246.0,0.05882395962538141,1.0,8.48421527348041,8.840753083830675,-0.6888448957252552,-0.7511524742330696,2783078.0,2783097.0,19.0,44.167516359412744,0.361941216979869,0.40061159549178177,0.17301015067716566,0.21773173902556517,10.063093737621696,-0.06702552713416443,0.5208333333333334
197,2804.24858,3.5079876,2,98,2,2,2,1,2,1,-43.26923077,n/a,n/a,2784980.0,2788490.0,0.0,0.0,0.0,2786573.0,2785497.0,2787490.0,2785497.0,2786091.0,2787497.0,2788491.0,3510.0,517.0,594.0,994.0,1993.0,-2787497.0,0.0,0.0,0.0,1.0,0.0,0.0,0.0,0.15230741413020657,8.04806222392573,0.01384612855729079,0.6369219136354117,2786555.0,2786617.0,62.0,368.37498965942837,7.920300969682897,8.687789884580427,-0.0787495644196419,464.0,-0.11580523747245568,1.0,-1.5196126091627498,-1.5888432519492077,0.5642297387096302,0.5192298208984342,2787541.0,2787567.0,26.0,47.9956129608573,0.0825704214815483,0.41285210740774386,2.5652174329986255,2.790672656179361,9.913963085061319,0.09139844609204062,0.5291666666666667
198,2807.764848,3.5077132,2,99,2,1,2,2,2,2,-43.26923077,n/a,n/a,2788497.0,2792006.0,0.0,0.0,0.0,2789946.0,2789013.0,2791006.0,2789013.0,2789607.0,2791013.0,2792006.0,3509.0,516.0,594.0,993.0,1993.0,-2791013.0,0.0,0.0,0.0,1.0,0.0,0.0,0.0,0.12461515701562499,-7.9234470669101045,-0.19384579980208289,0.36692240676822757,2789928.0,2789984.0,56.0,479.5485382099633,8.06757500998165,9.283416179422188,-3.072027666864897,321.0,-3.05572646405633,0.0,0.0,0.0,0.0,0.0,0.0,0.0,0.0,0.0,0.0,0.0,0.0,0.0,-9.891019907744337,-0.11577136504991681,0.4583333333333333
199,2811.2809,3.5078243,2,100,2,1,2,2,4,2,-43.26923077,n/a,n/a,2792013.0,2795522.0,0.0,0.0,0.0,2794006.0,2792529.0,2794522.0,2792529.0,2793523.0,2794529.0,2795522.0,3509.0,516.0,994.0,993.0,1993.0,-2794529.0,0.0,0.0,0.0,1.0,0.0,0.0,0.0,0.024230724975261835,-9.713059182940043,-0.09692289990103947,1.3430744700572834,2793990.0,2794060.0,70.0,492.09419504796506,9.843190904187328,10.130059514790553,-2.9947719803447566,467.0,-2.994814760152613,1.0,-7.3419096675038595,-7.9580623883033335,1.7619198589153524,1.6892276839895728,2794656.0,2794680.0,24.0,53.80551833768212,0.6204259243810128,0.6348963301574584,3.024157963793274,-2.921740976156164,-10.636673170546228,0.6763485010810967,0.7291666666666666
